event_time,customer_id,country,channel,device,category,action,price,quantity,discount,payment_status,delivery_minutes,rating,returned,revenue
2026-04-01 00:10:00,C00333,Ireland,physical_store,pos_terminal,home,purchase,48.83,2,10,paid,62.0,,False,87.66
2026-04-01 00:15:00,C00207,Germany,web,android,beauty,review,41.95,0,0,not_applicable,,4.0,False,0.0
2026-04-01 00:22:00,C00654,Germany,physical_store,pos_terminal,fashion,add_to_cart,30.89,0,0,not_applicable,,,False,0.0
2026-04-01 00:55:00,C00659,Ireland,physical_store,pos_terminal,grocery,return,11.86,1,0,not_applicable,,,True,11.86
2026-04-01 01:01:00,C00854,Sweden,web,android,grocery,purchase,15.87,1,10,paid,44.0,,False,5.87
2026-04-01 01:11:00,C00550,Germany,physical_store,pos_terminal,electronics,view,97.2,0,0,not_applicable,,,False,0.0
2026-04-01 01:13:00,C00172,Sweden,web,android,sports,purchase,149.44,2,0,paid,29.0,,False,298.88
2026-04-01 01:25:00,C00893,Germany,mobile_app,ios,fashion,view,77.51,0,0,not_applicable,,,False,0.0
2026-04-01 01:46:00,C00130,Germany,mobile_app,desktop,beauty,view,15.06,0,0,not_applicable,,,False,0.0
2026-04-01 01:47:00,C00313,United Kingdom,physical_store,pos_terminal,books,add_to_cart,12.61,0,0,not_applicable,,,False,0.0
2026-04-01 02:06:00,C00570,Germany,web,desktop,home,view,75.05,0,0,not_applicable,,,False,0.0
2026-04-01 02:13:00,C00281,Ireland,physical_store,pos_terminal,electronics,purchase,120.35,1,20,paid,33.0,,False,100.35
2026-04-01 02:14:00,C00370,Germany,partner_marketplace,android,books,view,20.17,0,0,not_applicable,,,False,0.0
2026-04-01 02:17:00,C00637,Netherlands,mobile_app,desktop,fashion,review,27.71,0,0,not_applicable,,5.0,False,0.0
2026-04-01 02:18:00,C00410,France,mobile_app,desktop,home,purchase,41.97,2,30,paid,41.0,,False,53.94
2026-04-01 02:35:00,C00203,Germany,mobile_app,desktop,fashion,add_to_cart,38.24,0,0,not_applicable,,,False,0.0
2026-04-01 02:39:00,C00554,Netherlands,mobile_app,android,fashion,purchase,39.05,1,10,paid,56.0,,False,29.05
2026-04-01 02:43:00,C00803,Netherlands,mobile_app,desktop,home,view,97.14,0,0,not_applicable,,,False,0.0
2026-04-01 03:03:00,C00841,Sweden,mobile_app,android,sports,view,90.98,0,0,not_applicable,,,False,0.0
2026-04-01 03:04:00,C00876,Germany,web,desktop,electronics,view,132.19,0,0,not_applicable,,,False,0.0
2026-04-01 03:13:00,C00328,Germany,partner_marketplace,ios,grocery,review,8.17,0,0,not_applicable,,5.0,False,0.0
2026-04-01 03:19:00,C00773,Sweden,mobile_app,android,beauty,view,21.03,0,0,not_applicable,,,False,0.0
2026-04-01 03:27:00,C00185,France,mobile_app,ios,beauty,purchase,59.6,2,20,paid,32.0,,False,99.2
2026-04-01 03:28:00,C00139,Germany,partner_marketplace,ios,fashion,purchase,44.09,1,15,failed,75.0,,False,29.09
2026-04-01 03:30:00,C00203,Germany,physical_store,pos_terminal,electronics,purchase,78.15,1,0,paid,54.0,,False,78.15
2026-04-01 03:34:00,C00356,Netherlands,mobile_app,android,electronics,view,100.11,0,0,not_applicable,,,False,0.0
2026-04-01 03:34:00,C00387,Germany,mobile_app,ios,beauty,purchase,14.1,2,0,paid,84.0,,False,28.2
2026-04-01 03:36:00,C00173,United Kingdom,physical_store,pos_terminal,electronics,view,114.8,0,0,not_applicable,,,False,0.0
2026-04-01 03:55:00,C00784,Netherlands,mobile_app,ios,home,purchase,86.94,2,20,paid,11.0,,False,153.88
2026-04-01 04:05:00,C00572,Ireland,mobile_app,ios,home,view,73.79,0,0,not_applicable,,,False,0.0
2026-04-01 04:05:00,C00114,Germany,mobile_app,android,grocery,view,8.37,0,0,not_applicable,,,False,0.0
2026-04-01 04:09:00,C00774,France,web,ios,electronics,review,105.75,0,0,not_applicable,,4.0,False,0.0
2026-04-01 04:12:00,C00020,Sweden,web,android,sports,view,50.97,0,0,not_applicable,,,False,0.0
2026-04-01 04:13:00,C00595,Germany,web,desktop,fashion,purchase,32.54,1,5,paid,76.0,,False,27.54
2026-04-01 04:14:00,C00203,United Kingdom,mobile_app,ios,books,view,7.74,0,0,not_applicable,,,False,0.0
2026-04-01 04:27:00,C00256,Ireland,physical_store,pos_terminal,grocery,review,5.57,0,0,not_applicable,,4.0,False,0.0
2026-04-01 04:41:00,C00042,Sweden,partner_marketplace,android,home,purchase,122.64,1,5,pending,54.0,,False,117.64
2026-04-01 04:42:00,C00704,France,mobile_app,desktop,electronics,view,179.35,0,0,not_applicable,,,False,0.0
2026-04-01 04:49:00,C00491,France,physical_store,pos_terminal,fashion,purchase,29.28,2,10,paid,69.0,,False,48.56
2026-04-01 05:05:00,C00336,Germany,physical_store,pos_terminal,electronics,return,133.19,1,0,not_applicable,,,True,133.19
2026-04-01 05:13:00,C00601,United Kingdom,mobile_app,android,grocery,view,21.24,0,0,not_applicable,,,False,0.0
2026-04-01 05:27:00,C00521,Germany,web,ios,beauty,return,33.81,1,0,not_applicable,,,True,33.81
2026-04-01 05:32:00,C00436,Germany,web,android,beauty,review,36.7,0,0,not_applicable,,5.0,False,0.0
2026-04-01 05:53:00,C00627,Germany,mobile_app,android,fashion,add_to_cart,26.44,0,0,not_applicable,,,False,0.0
2026-04-01 05:55:00,C00333,Netherlands,physical_store,pos_terminal,fashion,purchase,52.54,2,0,paid,85.0,,False,105.08
2026-04-01 06:13:00,C00919,United Kingdom,partner_marketplace,ios,fashion,purchase,61.93,1,0,paid,75.0,,False,61.93
2026-04-01 06:23:00,C00073,Germany,mobile_app,android,home,add_to_cart,96.95,0,0,not_applicable,,,False,0.0
2026-04-01 06:24:00,C00304,Netherlands,physical_store,pos_terminal,electronics,view,121.13,0,0,not_applicable,,,False,0.0
2026-04-01 06:26:00,C00287,Netherlands,mobile_app,android,beauty,view,32.65,0,0,not_applicable,,,False,0.0
2026-04-01 06:50:00,C00394,Germany,mobile_app,ios,fashion,view,57.41,0,0,not_applicable,,,False,0.0
2026-04-01 06:52:00,C00378,United Kingdom,physical_store,pos_terminal,fashion,add_to_cart,19.98,0,0,not_applicable,,,False,0.0
2026-04-01 06:56:00,C00020,Netherlands,web,ios,fashion,purchase,36.02,1,0,paid,72.0,,False,36.02
2026-04-01 06:57:00,C00650,United Kingdom,mobile_app,desktop,grocery,purchase,11.88,2,10,paid,45.0,,False,13.76
2026-04-01 07:03:00,C00769,United Kingdom,mobile_app,android,grocery,purchase,6.32,1,20,paid,39.0,,False,0.0
2026-04-01 07:12:00,C00854,United Kingdom,physical_store,pos_terminal,home,purchase,87.98,1,0,paid,68.0,,False,87.98
2026-04-01 07:13:00,C00460,Sweden,web,desktop,beauty,review,20.82,0,0,not_applicable,,3.0,False,0.0
2026-04-01 07:15:00,C00235,Germany,mobile_app,ios,beauty,review,16.23,0,0,not_applicable,,5.0,False,0.0
2026-04-01 07:29:00,C00062,Ireland,partner_marketplace,ios,home,purchase,113.89,1,10,paid,34.0,,False,103.89
2026-04-01 07:31:00,C00299,France,mobile_app,android,electronics,view,138.62,0,0,not_applicable,,,False,0.0
2026-04-01 07:38:00,C00831,Sweden,web,ios,sports,view,43.44,0,0,not_applicable,,,False,0.0
2026-04-01 07:42:00,C00244,United Kingdom,web,android,fashion,view,31.85,0,0,not_applicable,,,False,0.0
2026-04-01 07:48:00,C00304,Netherlands,web,ios,books,purchase,12.48,1,5,paid,20.0,,False,7.48
2026-04-01 07:55:00,C00844,Netherlands,mobile_app,tablet,electronics,purchase,127.77,2,0,paid,31.0,,False,255.54
2026-04-01 08:01:00,C00224,Germany,partner_marketplace,desktop,grocery,purchase,20.76,3,5,paid,37.0,,False,57.28
2026-04-01 08:02:00,C00216,France,web,ios,electronics,purchase,121.65,1,0,paid,79.0,,False,121.65
2026-04-01 08:07:00,C00548,Germany,mobile_app,ios,sports,add_to_cart,56.34,0,0,not_applicable,,,False,0.0
2026-04-01 08:16:00,C00260,Germany,mobile_app,ios,fashion,purchase,47.59,1,0,paid,65.0,,False,47.59
2026-04-01 08:21:00,C00369,Sweden,web,,electronics,view,150.5,0,0,not_applicable,,,False,0.0
2026-04-01 08:27:00,C00044,Germany,web,android,home,view,69.88,0,0,not_applicable,,,False,0.0
2026-04-01 08:47:00,C00645,Netherlands,partner_marketplace,ios,electronics,view,136.1,0,0,not_applicable,,,False,0.0
2026-04-01 09:11:00,C00862,Netherlands,partner_marketplace,android,beauty,add_to_cart,51.31,0,0,not_applicable,,,False,0.0
2026-04-01 09:20:00,C00329,Germany,web,ios,fashion,purchase,66.33,1,5,paid,60.0,,False,61.33
2026-04-01 09:36:00,C00406,Netherlands,mobile_app,ios,books,purchase,4.27,1,0,pending,63.0,,False,4.27
2026-04-01 09:36:00,C00248,Germany,web,tablet,sports,view,47.44,0,0,not_applicable,,,False,0.0
2026-04-01 09:38:00,C00283,Germany,mobile_app,desktop,grocery,purchase,10.39,2,20,paid,50.0,,False,0.78
2026-04-01 09:40:00,C00462,France,mobile_app,android,electronics,purchase,103.34,4,0,paid,60.0,,False,413.36
2026-04-01 09:41:00,C00315,Germany,mobile_app,android,home,review,62.04,0,0,not_applicable,,3.0,False,0.0
2026-04-01 09:46:00,C00367,United Kingdom,physical_store,pos_terminal,home,review,199.87,0,0,not_applicable,,3.0,False,0.0
2026-04-01 09:47:00,C00791,France,web,android,fashion,purchase,34.76,2,10,pending,50.0,,False,59.52
2026-04-01 09:56:00,C00725,Germany,physical_store,pos_terminal,electronics,purchase,209.77,1,0,paid,20.0,,False,209.77
2026-04-01 09:58:00,C00897,Germany,web,ios,sports,view,114.63,0,0,not_applicable,,,False,0.0
2026-04-01 10:05:00,C00360,France,mobile_app,ios,electronics,purchase,129.58,2,15,paid,66.0,,False,244.16
2026-04-01 10:11:00,C00764,Ireland,mobile_app,tablet,beauty,purchase,13.8,1,0,paid,93.0,,False,13.8
2026-04-01 10:12:00,C00198,United Kingdom,mobile_app,ios,home,view,55.53,0,0,not_applicable,,,False,0.0
2026-04-01 10:18:00,C00311,Ireland,mobile_app,android,grocery,return,9.62,1,0,not_applicable,,,True,9.62
2026-04-01 10:21:00,C00214,Germany,mobile_app,android,fashion,view,65.61,0,0,not_applicable,,,False,0.0
2026-04-01 10:26:00,C00751,Germany,web,android,beauty,return,31.69,1,0,not_applicable,,,True,31.69
2026-04-01 10:33:00,C00194,United Kingdom,web,ios,books,add_to_cart,20.53,0,0,not_applicable,,,False,0.0
2026-04-01 10:50:00,C00507,Germany,mobile_app,android,fashion,review,72.09,0,0,not_applicable,,4.0,False,0.0
2026-04-01 10:53:00,C00632,United Kingdom,web,desktop,books,view,30.77,0,0,not_applicable,,,False,0.0
2026-04-01 11:17:00,C00797,Sweden,mobile_app,ios,beauty,add_to_cart,21.25,0,0,not_applicable,,,False,0.0
2026-04-01 11:18:00,C00798,Sweden,web,desktop,grocery,view,12.11,0,0,not_applicable,,,False,0.0
2026-04-01 11:20:00,C00737,Netherlands,mobile_app,tablet,sports,view,47.74,0,0,not_applicable,,,False,0.0
2026-04-01 11:32:00,C00266,United Kingdom,physical_store,pos_terminal,home,purchase,81.13,1,0,failed,34.0,,False,81.13
2026-04-01 12:03:00,C00353,Germany,physical_store,pos_terminal,home,purchase,53.07,1,0,paid,77.0,,False,53.07
2026-04-01 12:05:00,C00568,,physical_store,pos_terminal,beauty,view,20.72,0,0,not_applicable,,,False,0.0
2026-04-01 12:37:00,C00928,France,physical_store,pos_terminal,grocery,purchase,11.6,2,20,paid,94.0,,False,3.2
2026-04-01 12:58:00,C00128,Ireland,web,android,beauty,purchase,18.53,2,30,paid,78.0,,False,7.06
2026-04-01 13:21:00,C00617,France,web,ios,home,purchase,102.46,1,5,paid,66.0,,False,97.46
2026-04-01 13:22:00,C00397,Germany,web,android,home,review,74.57,0,0,not_applicable,,3.0,False,0.0
2026-04-01 13:26:00,C00348,Sweden,web,ios,fashion,purchase,79.09,4,5,failed,81.0,,False,311.36
2026-04-01 13:42:00,C00299,Germany,mobile_app,tablet,sports,add_to_cart,80.84,0,0,not_applicable,,,False,0.0
2026-04-01 13:45:00,C00088,Germany,mobile_app,android,electronics,add_to_cart,131.71,0,0,not_applicable,,,False,0.0
2026-04-01 13:49:00,C00604,France,mobile_app,ios,grocery,view,23.56,0,0,not_applicable,,,False,0.0
2026-04-01 13:51:00,C00440,Ireland,partner_marketplace,desktop,beauty,view,36.18,0,0,not_applicable,,,False,0.0
2026-04-01 13:57:00,C00462,Germany,mobile_app,ios,electronics,review,118.08,0,0,not_applicable,,5.0,False,0.0
2026-04-01 13:57:00,C00513,Netherlands,mobile_app,android,sports,add_to_cart,71.63,0,0,not_applicable,,,False,0.0
2026-04-01 14:13:00,C00393,United Kingdom,mobile_app,desktop,home,purchase,86.84,3,5,paid,51.0,,False,255.52
2026-04-01 14:25:00,C00492,United Kingdom,physical_store,pos_terminal,fashion,review,68.47,0,0,not_applicable,,3.0,False,0.0
2026-04-01 14:29:00,C00888,Sweden,mobile_app,ios,home,add_to_cart,64.11,0,0,not_applicable,,,False,0.0
2026-04-01 14:30:00,C00244,Ireland,partner_marketplace,ios,grocery,review,13.25,0,0,not_applicable,,3.0,False,0.0
2026-04-01 14:39:00,C00704,France,mobile_app,ios,grocery,add_to_cart,13.44,0,0,not_applicable,,,False,0.0
2026-04-01 14:58:00,C00274,Germany,mobile_app,android,beauty,purchase,28.57,2,0,paid,94.0,,False,57.14
2026-04-01 15:00:00,C00913,Sweden,mobile_app,desktop,home,review,49.95,0,0,not_applicable,,4.0,False,0.0
2026-04-01 15:14:00,C00483,Germany,web,android,grocery,add_to_cart,9.39,0,0,not_applicable,,,False,0.0
2026-04-01 15:15:00,C00937,Germany,mobile_app,android,fashion,view,30.05,0,0,not_applicable,,,False,0.0
2026-04-01 15:15:00,C00787,France,partner_marketplace,desktop,electronics,add_to_cart,281.08,0,0,not_applicable,,,False,0.0
2026-04-01 15:15:00,C00267,United Kingdom,web,tablet,beauty,view,24.5,0,0,not_applicable,,,False,0.0
2026-04-01 15:22:00,C00362,United Kingdom,web,android,beauty,view,24.99,0,0,not_applicable,,,False,0.0
2026-04-01 15:26:00,C00036,Germany,web,ios,home,review,54.27,0,0,not_applicable,,3.0,False,0.0
2026-04-01 15:29:00,C00210,France,partner_marketplace,desktop,sports,purchase,52.25,1,5,paid,30.0,,False,47.25
2026-04-01 15:35:00,C00727,Ireland,web,tablet,beauty,purchase,13.33,1,5,paid,69.0,,False,8.33
2026-04-01 15:38:00,C00800,Germany,mobile_app,tablet,fashion,add_to_cart,40.33,0,0,not_applicable,,,False,0.0
2026-04-01 15:48:00,C00181,Sweden,mobile_app,ios,fashion,purchase,47.61,1,5,paid,45.0,,False,42.61
2026-04-01 15:52:00,C00813,Germany,web,android,fashion,review,35.62,0,0,not_applicable,,5.0,False,0.0
2026-04-01 15:56:00,C00012,Germany,partner_marketplace,android,fashion,add_to_cart,32.74,0,0,not_applicable,,,False,0.0
2026-04-01 15:57:00,C00246,Germany,web,tablet,sports,purchase,66.65,1,0,paid,55.0,,False,66.65
2026-04-01 16:48:00,C00023,Germany,mobile_app,ios,electronics,review,59.07,0,0,not_applicable,,1.0,False,0.0
2026-04-01 16:52:00,C00312,United Kingdom,mobile_app,ios,home,purchase,119.71,2,15,paid,40.0,,False,224.42
2026-04-01 17:31:00,C00498,United Kingdom,mobile_app,desktop,beauty,add_to_cart,16.09,0,0,not_applicable,,,False,0.0
2026-04-01 17:33:00,C00899,France,mobile_app,android,electronics,view,130.62,0,0,not_applicable,,,False,0.0
2026-04-01 17:37:00,C00649,Germany,mobile_app,ios,fashion,purchase,38.33,3,5,paid,59.0,,False,109.99
2026-04-01 17:50:00,C00431,Germany,physical_store,pos_terminal,beauty,purchase,34.0,3,0,pending,76.0,,False,102.0
2026-04-01 18:06:00,C00456,France,web,ios,fashion,add_to_cart,86.63,0,0,not_applicable,,,False,0.0
2026-04-01 18:14:00,C00248,Netherlands,web,ios,electronics,view,67.32,0,0,not_applicable,,,False,0.0
2026-04-01 18:24:00,C00623,United Kingdom,web,android,home,return,84.54,1,0,not_applicable,,,True,84.54
2026-04-01 18:41:00,C00417,Germany,mobile_app,android,fashion,purchase,65.86,1,0,paid,38.0,,False,65.86
2026-04-01 18:53:00,C00614,Netherlands,web,desktop,fashion,view,37.37,0,0,not_applicable,,,False,0.0
2026-04-01 18:58:00,C00742,Germany,web,android,beauty,purchase,25.81,4,5,paid,56.0,,False,98.24
2026-04-01 19:12:00,C00678,Germany,web,ios,beauty,add_to_cart,24.41,0,0,not_applicable,,,False,0.0
2026-04-01 19:12:00,C00198,Ireland,physical_store,pos_terminal,beauty,view,40.16,0,0,not_applicable,,,False,0.0
2026-04-01 19:21:00,C00206,United Kingdom,web,android,grocery,view,9.56,0,0,not_applicable,,,False,0.0
2026-04-01 20:00:00,C00585,Germany,physical_store,pos_terminal,grocery,review,8.85,0,0,not_applicable,,4.0,False,0.0
2026-04-01 20:10:00,C00263,Netherlands,web,android,fashion,view,24.21,0,0,not_applicable,,,False,0.0
2026-04-01 20:20:00,C00514,France,mobile_app,ios,fashion,view,21.74,0,0,not_applicable,,,False,0.0
2026-04-01 20:27:00,C00220,United Kingdom,physical_store,pos_terminal,electronics,add_to_cart,32.37,0,0,not_applicable,,,False,0.0
2026-04-01 20:41:00,C00865,Netherlands,mobile_app,ios,fashion,view,41.49,0,0,not_applicable,,,False,0.0
2026-04-01 20:48:00,C00051,Sweden,physical_store,pos_terminal,sports,review,46.05,0,0,not_applicable,,4.0,False,0.0
2026-04-01 20:58:00,C00742,France,physical_store,pos_terminal,home,review,100.47,0,0,not_applicable,,5.0,False,0.0
2026-04-01 20:59:00,C00173,United Kingdom,mobile_app,android,fashion,purchase,76.85,1,15,paid,119.0,,False,61.85
2026-04-01 21:05:00,C00116,Germany,web,ios,fashion,review,61.31,0,0,not_applicable,,3.0,False,0.0
2026-04-01 21:06:00,C00756,Germany,mobile_app,android,electronics,purchase,199.74,2,10,paid,48.0,,False,389.48
2026-04-01 21:23:00,C00071,Ireland,partner_marketplace,desktop,electronics,review,137.33,0,0,not_applicable,,3.0,False,0.0
2026-04-01 21:56:00,C00931,France,mobile_app,android,grocery,add_to_cart,9.88,0,0,not_applicable,,,False,0.0
2026-04-01 21:57:00,C00276,France,physical_store,,home,purchase,133.22,2,0,paid,64.0,,False,266.44
2026-04-01 21:59:00,C00345,Netherlands,physical_store,pos_terminal,electronics,review,212.05,0,0,not_applicable,,3.0,False,0.0
2026-04-01 22:02:00,C00678,Ireland,mobile_app,desktop,fashion,add_to_cart,29.7,0,0,not_applicable,,,False,0.0
2026-04-01 22:06:00,C00542,United Kingdom,mobile_app,android,electronics,add_to_cart,74.64,0,0,not_applicable,,,False,0.0
2026-04-01 22:07:00,C00439,United Kingdom,physical_store,pos_terminal,fashion,purchase,50.75,2,0,pending,74.0,,True,101.5
2026-04-01 22:18:00,C00559,Germany,mobile_app,android,sports,add_to_cart,36.66,0,0,not_applicable,,,False,0.0
2026-04-01 22:20:00,C00309,United Kingdom,web,android,beauty,review,36.36,0,0,not_applicable,,4.0,False,0.0
2026-04-01 22:22:00,C00568,Sweden,mobile_app,android,fashion,add_to_cart,63.18,0,0,not_applicable,,,False,0.0
2026-04-01 22:47:00,C00167,Netherlands,mobile_app,ios,books,view,12.66,0,0,not_applicable,,,False,0.0
2026-04-01 22:49:00,C00033,Netherlands,web,android,fashion,add_to_cart,31.73,0,0,not_applicable,,,False,0.0
2026-04-01 22:59:00,C00773,Germany,web,ios,grocery,view,11.33,0,0,not_applicable,,,False,0.0
2026-04-01 23:10:00,C00806,Sweden,partner_marketplace,android,fashion,return,68.04,2,0,not_applicable,,,True,136.08
2026-04-01 23:12:00,C00029,Netherlands,web,android,fashion,view,43.62,0,0,not_applicable,,,False,0.0
2026-04-01 23:13:00,C00166,Germany,web,ios,beauty,review,25.36,0,0,not_applicable,,4.0,False,0.0
2026-04-01 23:15:00,C00668,United Kingdom,physical_store,pos_terminal,sports,add_to_cart,95.21,0,0,not_applicable,,,False,0.0
2026-04-01 23:37:00,C00876,United Kingdom,mobile_app,desktop,grocery,purchase,10.07,2,15,paid,59.0,,False,5.14
2026-04-01 23:48:00,C00477,Ireland,physical_store,pos_terminal,beauty,add_to_cart,10.84,0,0,not_applicable,,,False,0.0
2026-04-01 23:54:00,C00330,Netherlands,mobile_app,ios,electronics,review,80.4,0,0,not_applicable,,4.0,False,0.0
2026-04-01 23:58:00,C00302,France,web,ios,home,view,56.69,0,0,not_applicable,,,False,0.0
2026-04-02 00:13:00,C00247,Germany,partner_marketplace,desktop,electronics,purchase,161.69,1,0,paid,98.0,,False,161.69
2026-04-02 00:25:00,C00055,Ireland,physical_store,pos_terminal,fashion,review,36.89,0,0,not_applicable,,3.0,False,0.0
2026-04-02 00:26:00,C00824,Ireland,mobile_app,desktop,books,view,16.88,0,0,not_applicable,,,False,0.0
2026-04-02 00:26:00,C00478,Germany,physical_store,pos_terminal,sports,view,57.88,0,0,not_applicable,,,False,0.0
2026-04-02 00:28:00,C00656,Germany,mobile_app,ios,home,view,77.16,0,0,not_applicable,,,False,0.0
2026-04-02 00:45:00,C00129,United Kingdom,mobile_app,android,beauty,purchase,15.41,2,5,paid,26.0,,False,25.82
2026-04-02 00:49:00,C00683,Germany,physical_store,pos_terminal,electronics,view,80.54,0,0,not_applicable,,,False,0.0
2026-04-02 00:50:00,C00887,United Kingdom,mobile_app,tablet,electronics,purchase,37.79,2,0,paid,74.0,,False,75.58
2026-04-02 01:00:00,C00142,Ireland,physical_store,pos_terminal,beauty,return,23.76,1,0,not_applicable,,,True,23.76
2026-04-02 01:18:00,C00554,Germany,partner_marketplace,desktop,grocery,purchase,8.7,1,20,paid,95.0,,False,0.0
2026-04-02 01:23:00,C00705,France,physical_store,pos_terminal,electronics,purchase,75.56,4,20,failed,91.0,,False,282.24
2026-04-02 01:36:00,C00784,Sweden,web,android,grocery,add_to_cart,12.91,0,0,not_applicable,,,False,0.0
2026-04-02 01:53:00,C00329,United Kingdom,partner_marketplace,android,fashion,view,28.34,0,0,not_applicable,,,False,0.0
2026-04-02 01:56:00,C00590,United Kingdom,mobile_app,ios,electronics,view,70.76,0,0,not_applicable,,,False,0.0
2026-04-02 01:58:00,C00189,United Kingdom,web,ios,fashion,review,85.34,0,0,not_applicable,,2.0,False,0.0
2026-04-02 02:08:00,C00941,Ireland,mobile_app,ios,home,view,112.45,0,0,not_applicable,,,False,0.0
2026-04-02 02:12:00,C00662,Germany,mobile_app,desktop,beauty,add_to_cart,48.59,0,0,not_applicable,,,False,0.0
2026-04-02 02:18:00,C00702,Netherlands,mobile_app,android,sports,view,73.46,0,0,not_applicable,,,False,0.0
2026-04-02 02:18:00,C00327,,web,android,grocery,view,14.07,0,0,not_applicable,,,False,0.0
2026-04-02 02:40:00,C00066,,web,desktop,books,purchase,19.3,1,30,paid,38.0,,False,0.0
2026-04-02 02:40:00,C00747,,partner_marketplace,ios,electronics,purchase,122.66,2,0,paid,71.0,,False,245.32
2026-04-02 02:54:00,C00323,France,web,android,sports,purchase,44.85,2,5,paid,76.0,,False,84.7
2026-04-02 02:57:00,C00632,Germany,web,ios,grocery,purchase,7.52,2,15,paid,35.0,,False,0.04
2026-04-02 03:00:00,C00120,Germany,mobile_app,tablet,beauty,review,16.65,0,0,not_applicable,,2.0,False,0.0
2026-04-02 03:07:00,C00780,Netherlands,mobile_app,ios,books,purchase,11.17,3,0,paid,26.0,,False,33.51
2026-04-02 03:12:00,C00104,Germany,mobile_app,tablet,fashion,review,52.2,0,0,not_applicable,,2.0,False,0.0
2026-04-02 03:13:00,C00153,Ireland,web,android,sports,purchase,51.92,4,5,paid,75.0,,False,202.68
2026-04-02 03:16:00,C00023,Germany,web,ios,grocery,view,6.59,0,0,not_applicable,,,False,0.0
2026-04-02 03:18:00,C00110,Germany,web,ios,books,view,36.48,0,0,not_applicable,,,False,0.0
2026-04-02 03:25:00,C00368,Germany,mobile_app,desktop,grocery,purchase,15.89,1,0,paid,64.0,,False,15.89
2026-04-02 03:41:00,C00773,France,mobile_app,desktop,fashion,view,50.26,0,0,not_applicable,,,False,0.0
2026-04-02 03:57:00,C00682,France,web,ios,fashion,return,21.12,1,0,not_applicable,,,True,21.12
2026-04-02 03:58:00,C00743,Germany,mobile_app,ios,beauty,view,54.48,0,0,not_applicable,,,False,0.0
2026-04-02 04:13:00,C00371,Germany,physical_store,pos_terminal,grocery,purchase,6.48,3,0,failed,21.0,,False,19.44
2026-04-02 04:16:00,C00618,Germany,web,android,sports,view,48.1,0,0,not_applicable,,,False,0.0
2026-04-02 04:23:00,C00239,Sweden,mobile_app,desktop,sports,view,102.45,0,0,not_applicable,,,False,0.0
2026-04-02 04:34:00,C00090,France,mobile_app,desktop,home,view,103.73,0,0,not_applicable,,,False,0.0
2026-04-02 04:56:00,C00455,Sweden,mobile_app,ios,beauty,purchase,36.63,2,0,paid,124.0,,False,73.26
2026-04-02 05:11:00,C00360,Germany,web,android,fashion,purchase,73.0,2,5,failed,34.0,,False,141.0
2026-04-02 05:12:00,C00275,Germany,web,ios,home,purchase,74.61,1,0,paid,27.0,,False,74.61
2026-04-02 05:15:00,C00555,United Kingdom,mobile_app,ios,beauty,view,17.47,0,0,not_applicable,,,False,0.0
2026-04-02 05:26:00,C00174,Ireland,physical_store,pos_terminal,books,purchase,13.74,3,15,paid,15.0,,False,26.22
2026-04-02 05:27:00,C00411,Germany,partner_marketplace,desktop,fashion,return,26.06,2,0,not_applicable,,,True,52.12
2026-04-02 05:29:00,C00492,Germany,mobile_app,ios,books,purchase,21.97,4,10,failed,49.0,,False,77.88
2026-04-02 05:43:00,C00113,Germany,mobile_app,ios,sports,review,71.31,0,0,not_applicable,,1.0,False,0.0
2026-04-02 06:11:00,C00757,Netherlands,web,android,books,purchase,13.46,1,0,paid,21.0,,False,13.46
2026-04-02 06:23:00,C00826,Sweden,physical_store,pos_terminal,grocery,purchase,8.17,1,0,pending,91.0,,False,8.17
2026-04-02 06:29:00,C00903,United Kingdom,partner_marketplace,desktop,sports,view,72.73,0,0,not_applicable,,,False,0.0
2026-04-02 06:45:00,C00062,Germany,web,,home,purchase,79.44,1,0,paid,27.0,,False,79.44
2026-04-02 06:49:00,C00528,Germany,web,desktop,beauty,add_to_cart,14.76,0,0,not_applicable,,,False,0.0
2026-04-02 06:59:00,C00492,Netherlands,physical_store,pos_terminal,fashion,view,46.75,0,0,not_applicable,,,False,0.0
2026-04-02 07:08:00,C00593,France,web,android,fashion,purchase,66.81,1,0,paid,57.0,,False,66.81
2026-04-02 07:21:00,C00440,Sweden,web,android,grocery,purchase,6.74,2,0,paid,83.0,,False,13.48
2026-04-02 07:23:00,C00930,Germany,partner_marketplace,ios,grocery,add_to_cart,21.11,0,0,not_applicable,,,False,0.0
2026-04-02 07:23:00,C00667,Germany,mobile_app,android,fashion,add_to_cart,25.73,0,0,not_applicable,,,False,0.0
2026-04-02 07:26:00,C00135,Netherlands,web,desktop,grocery,review,12.74,0,0,not_applicable,,4.0,False,0.0
2026-04-02 07:26:00,C00619,Ireland,mobile_app,,electronics,review,118.72,0,0,not_applicable,,4.0,False,0.0
2026-04-02 07:32:00,C00173,,web,android,fashion,view,26.5,0,0,not_applicable,,,False,0.0
2026-04-02 07:46:00,C00250,United Kingdom,mobile_app,android,fashion,purchase,97.13,1,5,pending,65.0,,False,92.13
2026-04-02 07:51:00,C00047,Ireland,web,desktop,sports,add_to_cart,26.19,0,0,not_applicable,,,False,0.0
2026-04-02 07:53:00,C00417,Germany,physical_store,pos_terminal,grocery,view,8.74,0,0,not_applicable,,,False,0.0
2026-04-02 07:55:00,C00141,Germany,mobile_app,desktop,fashion,purchase,70.9,1,5,paid,45.0,,False,65.9
2026-04-02 07:55:00,C00394,Germany,partner_marketplace,android,fashion,add_to_cart,45.68,0,0,not_applicable,,,False,0.0
2026-04-02 08:03:00,C00863,Sweden,mobile_app,android,home,purchase,33.8,1,15,paid,70.0,,False,18.8
2026-04-02 08:10:00,C00392,Germany,physical_store,pos_terminal,beauty,add_to_cart,23.29,0,0,not_applicable,,,False,0.0
2026-04-02 08:15:00,C00451,Germany,web,desktop,beauty,review,20.96,0,0,not_applicable,,4.0,False,0.0
2026-04-02 08:39:00,C00367,United Kingdom,mobile_app,android,grocery,purchase,21.72,2,10,paid,43.0,,False,33.44
2026-04-02 08:44:00,C00902,United Kingdom,mobile_app,ios,electronics,add_to_cart,113.31,0,0,not_applicable,,,False,0.0
2026-04-02 08:47:00,C00342,Ireland,web,ios,home,purchase,41.45,1,0,paid,27.0,,True,41.45
2026-04-02 08:56:00,C00686,Netherlands,physical_store,pos_terminal,fashion,purchase,33.1,1,20,paid,45.0,,False,13.1
2026-04-02 09:12:00,C00841,United Kingdom,mobile_app,android,electronics,view,83.6,0,0,not_applicable,,,False,0.0
2026-04-02 09:25:00,C00949,Ireland,mobile_app,android,beauty,view,25.36,0,0,not_applicable,,,False,0.0
2026-04-02 09:26:00,C00146,France,physical_store,pos_terminal,grocery,purchase,7.32,3,0,paid,36.0,,False,21.96
2026-04-02 09:30:00,C00444,France,mobile_app,tablet,fashion,view,64.44,0,0,not_applicable,,,False,0.0
2026-04-02 09:38:00,C00003,Germany,physical_store,pos_terminal,grocery,view,11.58,0,0,not_applicable,,,False,0.0
2026-04-02 09:43:00,C00061,Germany,mobile_app,,home,view,89.15,0,0,not_applicable,,,False,0.0
2026-04-02 09:55:00,C00278,Sweden,web,desktop,grocery,review,8.08,0,0,not_applicable,,4.0,False,0.0
2026-04-02 10:03:00,C00423,Ireland,physical_store,pos_terminal,beauty,view,16.01,0,90,not_applicable,,,False,0.0
2026-04-02 10:06:00,C00799,Germany,web,desktop,electronics,add_to_cart,121.44,0,0,not_applicable,,,False,0.0
2026-04-02 10:10:00,C00614,Germany,partner_marketplace,ios,beauty,purchase,53.09,1,5,pending,57.0,,False,48.09
2026-04-02 10:30:00,C00106,Germany,mobile_app,ios,fashion,view,63.13,0,0,not_applicable,,,False,0.0
2026-04-02 10:41:00,C00230,Germany,physical_store,pos_terminal,beauty,review,36.1,0,0,not_applicable,,3.0,False,0.0
2026-04-02 10:43:00,C00603,United Kingdom,web,,home,view,33.89,0,0,not_applicable,,,False,0.0
2026-04-02 10:45:00,C00474,Germany,mobile_app,ios,books,view,17.09,0,0,not_applicable,,,False,0.0
2026-04-02 10:49:00,C00726,United Kingdom,mobile_app,ios,books,view,28.51,0,0,not_applicable,,,False,0.0
2026-04-02 10:54:00,C00050,Netherlands,mobile_app,ios,books,view,23.4,0,0,not_applicable,,,False,0.0
2026-04-02 10:56:00,C00158,Sweden,web,desktop,home,add_to_cart,81.31,0,0,not_applicable,,,False,0.0
2026-04-02 10:58:00,C00741,Netherlands,web,desktop,books,view,22.1,0,0,not_applicable,,,False,0.0
2026-04-02 10:58:00,C00731,Sweden,physical_store,pos_terminal,grocery,view,9.03,0,0,not_applicable,,,False,0.0
2026-04-02 11:01:00,C00450,Germany,web,desktop,electronics,add_to_cart,95.32,0,0,not_applicable,,,False,0.0
2026-04-02 11:38:00,C00016,Germany,mobile_app,android,beauty,return,10.94,1,0,not_applicable,,,True,10.94
2026-04-02 11:40:00,C00706,Germany,mobile_app,android,electronics,purchase,60.79,1,30,paid,71.0,,False,30.79
2026-04-02 12:18:00,C00774,Germany,mobile_app,desktop,grocery,add_to_cart,6.05,0,0,not_applicable,,,False,0.0
2026-04-02 12:20:00,C00145,Germany,mobile_app,android,grocery,review,13.19,0,0,not_applicable,,3.0,False,0.0
2026-04-02 12:35:00,C00779,Germany,physical_store,pos_terminal,sports,purchase,84.82,1,20,paid,93.0,,False,64.82
2026-04-02 12:36:00,C00227,Germany,web,desktop,electronics,review,90.01,0,0,not_applicable,,4.0,False,0.0
2026-04-02 12:54:00,C00007,Germany,physical_store,pos_terminal,fashion,add_to_cart,26.47,0,0,not_applicable,,,False,0.0
2026-04-02 13:04:00,C00163,Sweden,mobile_app,desktop,beauty,view,28.35,0,0,not_applicable,,,False,0.0
2026-04-02 13:13:00,C00086,Germany,web,ios,beauty,view,33.54,0,0,not_applicable,,,False,0.0
2026-04-02 13:18:00,C00428,Ireland,physical_store,pos_terminal,grocery,view,15.91,0,0,not_applicable,,,False,0.0
2026-04-02 13:42:00,C00647,Germany,mobile_app,tablet,books,view,9.39,0,0,not_applicable,,,False,0.0
2026-04-02 13:53:00,C00297,Germany,physical_store,pos_terminal,electronics,purchase,103.15,2,10,paid,56.0,,False,196.3
2026-04-02 13:59:00,C00940,Germany,mobile_app,ios,electronics,view,84.35,0,0,not_applicable,,,False,0.0
2026-04-02 14:03:00,C00136,Germany,physical_store,pos_terminal,grocery,view,11.32,0,0,not_applicable,,,False,0.0
2026-04-02 14:07:00,C00006,Germany,physical_store,pos_terminal,home,view,70.61,0,0,not_applicable,,,False,0.0
2026-04-02 14:09:00,C00733,Sweden,mobile_app,ios,fashion,purchase,53.74,2,0,paid,51.0,,False,107.48
2026-04-02 14:13:00,C00626,United Kingdom,physical_store,,fashion,purchase,35.14,2,15,paid,82.0,,False,55.28
2026-04-02 14:31:00,C00398,Germany,mobile_app,desktop,fashion,purchase,53.75,2,20,paid,70.0,,False,87.5
2026-04-02 14:33:00,C00716,Germany,mobile_app,ios,sports,purchase,32.0,1,10,pending,45.0,,False,22.0
2026-04-02 14:38:00,C00808,France,web,desktop,beauty,view,15.09,0,0,not_applicable,,,False,0.0
2026-04-02 14:50:00,C00056,Germany,partner_marketplace,ios,grocery,purchase,8.23,1,0,paid,48.0,,False,8.23
2026-04-02 14:50:00,C00449,United Kingdom,physical_store,pos_terminal,home,add_to_cart,123.51,0,0,not_applicable,,,False,0.0
2026-04-02 15:06:00,C00228,Germany,mobile_app,tablet,fashion,return,96.19,1,0,not_applicable,,,True,96.19
2026-04-02 15:09:00,C00124,Germany,web,desktop,fashion,purchase,26.83,1,5,paid,65.0,,False,21.83
2026-04-02 15:09:00,C00663,United Kingdom,mobile_app,desktop,grocery,purchase,8.14,1,0,failed,22.0,,False,8.14
2026-04-02 15:23:00,C00058,Germany,physical_store,pos_terminal,electronics,purchase,163.99,1,0,paid,62.0,,False,163.99
2026-04-02 15:34:00,C00541,Germany,mobile_app,ios,sports,purchase,67.5,1,5,paid,70.0,,False,62.5
2026-04-02 15:36:00,C00801,Germany,web,android,beauty,view,39.92,0,0,not_applicable,,,False,0.0
2026-04-02 15:38:00,C00385,Ireland,mobile_app,android,grocery,purchase,39.8,1,30,paid,77.0,,False,9.8
2026-04-02 15:46:00,C00871,Netherlands,physical_store,pos_terminal,sports,review,54.92,0,0,not_applicable,,5.0,False,0.0
2026-04-02 15:50:00,C00345,Germany,physical_store,pos_terminal,home,purchase,41.33,1,5,paid,66.0,,False,36.33
2026-04-02 15:58:00,C00620,Germany,physical_store,pos_terminal,fashion,view,67.98,0,0,not_applicable,,,False,0.0
2026-04-02 15:59:00,C00450,Germany,mobile_app,desktop,home,view,55.72,0,0,not_applicable,,,False,0.0
2026-04-02 16:04:00,C00092,Ireland,mobile_app,desktop,fashion,view,28.47,0,0,not_applicable,,,False,0.0
2026-04-02 16:07:00,C00600,Germany,partner_marketplace,ios,beauty,add_to_cart,37.3,0,0,not_applicable,,,False,0.0
2026-04-02 16:28:00,C00141,Germany,web,desktop,books,view,29.11,0,0,not_applicable,,,False,0.0
2026-04-02 16:28:00,C00445,United Kingdom,mobile_app,tablet,grocery,purchase,21.31,1,20,paid,41.0,,False,1.31
2026-04-02 16:29:00,C00260,Netherlands,physical_store,pos_terminal,grocery,return,13.72,1,0,not_applicable,,,True,13.72
2026-04-02 16:35:00,C00345,Germany,web,ios,sports,purchase,14.69,1,15,failed,42.0,,False,0.0
2026-04-02 16:41:00,C00583,United Kingdom,web,android,home,purchase,42.46,4,15,paid,66.0,,False,154.84
2026-04-02 16:43:00,C00475,Germany,web,android,sports,view,43.49,0,0,not_applicable,,,False,0.0
2026-04-02 16:56:00,C00626,Germany,web,android,beauty,view,13.32,0,0,not_applicable,,,False,0.0
2026-04-02 17:22:00,C00261,Ireland,physical_store,pos_terminal,grocery,view,15.93,0,0,not_applicable,,,False,0.0
2026-04-02 17:25:00,C00026,United Kingdom,mobile_app,android,books,purchase,16.17,3,15,paid,41.0,,False,33.51
2026-04-02 17:32:00,C00037,Sweden,mobile_app,android,electronics,view,94.18,0,0,not_applicable,,,False,0.0
2026-04-02 17:33:00,C00447,Germany,web,android,electronics,purchase,158.82,1,20,paid,41.0,,False,138.82
2026-04-02 17:39:00,C00079,Ireland,mobile_app,android,electronics,purchase,91.12,1,5,paid,33.0,,False,86.12
2026-04-02 17:46:00,C00815,Germany,mobile_app,android,fashion,purchase,74.13,1,10,paid,79.0,,False,64.13
2026-04-02 18:07:00,C00921,Germany,mobile_app,desktop,home,view,77.59,0,0,not_applicable,,,False,0.0
2026-04-02 18:13:00,C00159,Germany,mobile_app,android,home,add_to_cart,86.2,0,0,not_applicable,,,False,0.0
2026-04-02 18:16:00,C00028,United Kingdom,physical_store,pos_terminal,electronics,purchase,160.2,1,15,failed,61.0,,False,145.2
2026-04-02 18:25:00,C00665,United Kingdom,physical_store,pos_terminal,electronics,view,149.38,0,0,not_applicable,,,False,0.0
2026-04-02 18:29:00,C00701,United Kingdom,physical_store,pos_terminal,grocery,view,12.9,0,0,not_applicable,,,False,0.0
2026-04-02 19:38:00,C00846,Ireland,web,android,grocery,view,8.79,0,0,not_applicable,,,False,0.0
2026-04-02 19:42:00,C00075,Germany,web,tablet,sports,view,64.27,0,0,not_applicable,,,False,0.0
2026-04-02 19:45:00,C00948,Ireland,web,android,beauty,purchase,25.65,2,0,paid,70.0,,False,51.3
2026-04-02 19:47:00,C00873,Ireland,mobile_app,android,beauty,purchase,26.01,1,0,paid,41.0,,False,26.01
2026-04-02 19:51:00,C00144,Germany,mobile_app,android,electronics,view,246.66,0,0,not_applicable,,,False,0.0
2026-04-02 19:58:00,C00043,Germany,web,android,beauty,purchase,33.09,2,0,paid,50.0,,False,66.18
2026-04-02 20:05:00,C00334,Germany,mobile_app,android,home,add_to_cart,61.25,0,0,not_applicable,,,False,0.0
2026-04-02 20:07:00,C00358,Germany,physical_store,pos_terminal,grocery,return,11.63,1,0,not_applicable,,,True,11.63
2026-04-02 20:15:00,C00887,Germany,mobile_app,desktop,electronics,view,91.08,0,0,not_applicable,,,False,0.0
2026-04-02 20:25:00,C00898,Germany,web,android,fashion,view,63.47,0,0,not_applicable,,,False,0.0
2026-04-02 20:36:00,C00225,Ireland,mobile_app,android,home,purchase,85.43,1,15,paid,72.0,,False,70.43
2026-04-02 20:37:00,C00766,France,web,ios,grocery,purchase,18.95,2,5,paid,59.0,,False,32.9
2026-04-02 20:42:00,C00001,Germany,web,android,sports,view,124.81,0,0,not_applicable,,,False,0.0
2026-04-02 20:44:00,C00375,Netherlands,physical_store,pos_terminal,fashion,purchase,43.13,1,0,paid,42.0,,False,43.13
2026-04-02 20:55:00,C00847,Ireland,web,desktop,fashion,view,49.26,0,0,not_applicable,,,False,0.0
2026-04-02 21:01:00,C00487,Germany,mobile_app,android,books,add_to_cart,15.88,0,0,not_applicable,,,False,0.0
2026-04-02 21:08:00,C00258,Germany,physical_store,pos_terminal,electronics,purchase,198.2,2,5,paid,70.0,,False,391.4
2026-04-02 21:12:00,C00422,Germany,physical_store,pos_terminal,fashion,add_to_cart,15.0,0,0,not_applicable,,,False,0.0
2026-04-02 21:27:00,C00433,Netherlands,partner_marketplace,tablet,home,view,42.49,0,0,not_applicable,,,False,0.0
2026-04-02 21:30:00,C00561,United Kingdom,mobile_app,tablet,grocery,add_to_cart,15.66,0,0,not_applicable,,,False,0.0
2026-04-02 21:32:00,C00761,Germany,partner_marketplace,ios,books,purchase,13.05,1,30,paid,29.0,,False,0.0
2026-04-02 21:42:00,C00922,Sweden,mobile_app,ios,electronics,view,123.38,0,0,not_applicable,,,False,0.0
2026-04-02 21:49:00,C00138,Germany,physical_store,pos_terminal,fashion,view,44.91,0,0,not_applicable,,,False,0.0
2026-04-02 22:03:00,C00481,Netherlands,physical_store,pos_terminal,fashion,view,39.26,0,0,not_applicable,,,False,0.0
2026-04-02 22:04:00,C00265,Germany,partner_marketplace,ios,fashion,purchase,97.17,1,10,paid,51.0,,False,87.17
2026-04-02 22:12:00,C00517,Sweden,mobile_app,desktop,beauty,view,23.02,0,90,not_applicable,,,False,0.0
2026-04-02 22:15:00,C00234,United Kingdom,mobile_app,ios,sports,purchase,83.42,1,5,paid,39.0,,False,78.42
2026-04-02 22:15:00,C00711,Netherlands,physical_store,pos_terminal,grocery,add_to_cart,19.81,0,0,not_applicable,,,False,0.0
2026-04-02 22:20:00,C00883,Germany,physical_store,pos_terminal,electronics,add_to_cart,191.52,0,0,not_applicable,,,False,0.0
2026-04-02 22:29:00,C00925,Germany,physical_store,pos_terminal,grocery,purchase,7.86,1,10,paid,39.0,,False,0.0
2026-04-02 22:34:00,C00127,Germany,web,tablet,beauty,review,46.28,0,0,not_applicable,,5.0,False,0.0
2026-04-02 22:34:00,C00628,Netherlands,mobile_app,ios,books,view,17.64,0,0,not_applicable,,,False,0.0
2026-04-02 22:35:00,C00546,Germany,mobile_app,tablet,home,purchase,94.89,1,10,paid,56.0,,False,84.89
2026-04-02 22:50:00,C00604,Netherlands,web,android,electronics,view,135.6,0,0,not_applicable,,,False,0.0
2026-04-02 22:57:00,C00775,Sweden,web,android,fashion,purchase,95.67,1,20,paid,8.0,,False,75.67
2026-04-02 23:15:00,C00503,Ireland,web,ios,beauty,view,22.01,0,0,not_applicable,,,False,0.0
2026-04-02 23:17:00,C00730,Ireland,physical_store,pos_terminal,electronics,return,120.78,1,0,not_applicable,,,True,120.78
2026-04-02 23:19:00,C00222,Germany,physical_store,pos_terminal,fashion,view,119.31,0,0,not_applicable,,,False,0.0
2026-04-02 23:24:00,C00675,Germany,mobile_app,android,electronics,return,231.21,2,0,not_applicable,,,True,462.42
2026-04-02 23:31:00,C00163,Germany,physical_store,pos_terminal,books,view,8.81,0,0,not_applicable,,,False,0.0
2026-04-02 23:36:00,C00383,Ireland,web,ios,sports,review,70.43,0,0,not_applicable,,4.0,False,0.0
2026-04-02 23:38:00,C00848,Germany,web,tablet,electronics,view,151.27,0,0,not_applicable,,,False,0.0
2026-04-02 23:57:00,C00616,Germany,web,ios,beauty,add_to_cart,29.23,0,0,not_applicable,,,False,0.0
2026-04-03 00:04:00,C00763,Germany,web,android,beauty,view,30.98,0,0,not_applicable,,,False,0.0
2026-04-03 00:30:00,C00706,France,mobile_app,desktop,grocery,view,6.09,0,0,not_applicable,,,False,0.0
2026-04-03 00:35:00,C00458,France,physical_store,pos_terminal,sports,view,81.63,0,0,not_applicable,,,False,0.0
2026-04-03 00:53:00,C00667,Germany,mobile_app,tablet,electronics,view,102.9,0,0,not_applicable,,,False,0.0
2026-04-03 00:56:00,C00242,Germany,web,desktop,electronics,purchase,70.59,1,0,paid,56.0,,False,70.59
2026-04-03 01:09:00,C00537,Germany,web,ios,beauty,add_to_cart,17.15,0,0,not_applicable,,,False,0.0
2026-04-03 01:09:00,C00546,Germany,physical_store,,fashion,view,25.7,0,0,not_applicable,,,False,0.0
2026-04-03 01:14:00,C00650,Sweden,web,ios,fashion,view,37.4,0,0,not_applicable,,,False,0.0
2026-04-03 01:21:00,C00725,United Kingdom,mobile_app,,electronics,add_to_cart,260.52,0,0,not_applicable,,,False,0.0
2026-04-03 01:23:00,C00215,France,physical_store,pos_terminal,beauty,view,11.19,0,0,not_applicable,,,False,0.0
2026-04-03 01:26:00,C00079,Germany,partner_marketplace,ios,home,add_to_cart,70.86,0,0,not_applicable,,,False,0.0
2026-04-03 01:27:00,C00091,Germany,physical_store,pos_terminal,sports,view,51.87,0,0,not_applicable,,,False,0.0
2026-04-03 01:29:00,C00395,France,mobile_app,android,books,purchase,14.14,3,15,paid,37.0,,False,27.42
2026-04-03 01:30:00,C00216,Sweden,physical_store,pos_terminal,grocery,view,12.01,0,0,not_applicable,,,False,0.0
2026-04-03 01:55:00,C00796,Germany,mobile_app,ios,fashion,view,50.5,0,0,not_applicable,,,False,0.0
2026-04-03 02:09:00,C00591,Sweden,web,android,fashion,purchase,42.51,1,0,paid,54.0,,False,42.51
2026-04-03 02:23:00,C00047,Netherlands,physical_store,pos_terminal,home,view,110.34,0,0,not_applicable,,,False,0.0
2026-04-03 02:37:00,C00340,Sweden,web,android,fashion,view,30.2,0,75,not_applicable,,,False,0.0
2026-04-03 02:42:00,C00727,Germany,web,ios,fashion,view,77.9,0,0,not_applicable,,,False,0.0
2026-04-03 02:45:00,C00235,Ireland,partner_marketplace,desktop,fashion,purchase,29.54,1,5,paid,30.0,,False,24.54
2026-04-03 02:46:00,C00924,United Kingdom,web,android,fashion,purchase,44.65,2,0,paid,96.0,,False,89.3
2026-04-03 03:19:00,C00910,Ireland,mobile_app,ios,fashion,view,32.88,0,0,not_applicable,,,False,0.0
2026-04-03 03:21:00,C00315,United Kingdom,mobile_app,android,fashion,add_to_cart,31.14,0,0,not_applicable,,,False,0.0
2026-04-03 03:31:00,C00366,Ireland,mobile_app,android,electronics,review,183.41,0,0,not_applicable,,3.0,False,0.0
2026-04-03 03:37:00,C00672,Germany,web,android,fashion,view,31.16,0,0,not_applicable,,,False,0.0
2026-04-03 03:38:00,C00457,United Kingdom,web,desktop,fashion,view,62.1,0,0,not_applicable,,,False,0.0
2026-04-03 03:38:00,C00552,Germany,physical_store,pos_terminal,beauty,view,27.83,0,0,not_applicable,,,False,0.0
2026-04-03 03:41:00,C00949,Sweden,mobile_app,android,fashion,add_to_cart,21.93,0,0,not_applicable,,,False,0.0
2026-04-03 03:41:00,C00106,Ireland,web,ios,electronics,view,120.23,0,0,not_applicable,,,False,0.0
2026-04-03 03:45:00,C00179,Ireland,web,ios,sports,add_to_cart,43.64,0,0,not_applicable,,,False,0.0
2026-04-03 04:00:00,C00023,Netherlands,web,ios,beauty,add_to_cart,43.45,0,0,not_applicable,,,False,0.0
2026-04-03 04:01:00,C00104,United Kingdom,mobile_app,android,fashion,view,48.27,0,0,not_applicable,,,False,0.0
2026-04-03 04:13:00,C00807,United Kingdom,mobile_app,android,electronics,review,126.22,0,0,not_applicable,,4.0,False,0.0
2026-04-03 04:15:00,C00472,Germany,mobile_app,desktop,electronics,view,54.95,0,0,not_applicable,,,False,0.0
2026-04-03 04:21:00,C00534,Netherlands,web,ios,home,return,38.88,1,0,not_applicable,,,True,38.88
2026-04-03 04:25:00,C00874,Germany,mobile_app,tablet,sports,view,64.86,0,0,not_applicable,,,False,0.0
2026-04-03 04:31:00,C00334,Germany,mobile_app,android,fashion,view,61.36,0,0,not_applicable,,,False,0.0
2026-04-03 04:42:00,C00515,United Kingdom,mobile_app,ios,fashion,add_to_cart,29.0,0,0,not_applicable,,,False,0.0
2026-04-03 04:57:00,C00479,,mobile_app,android,sports,add_to_cart,110.29,0,0,not_applicable,,,False,0.0
2026-04-03 04:59:00,C00877,Sweden,mobile_app,ios,grocery,add_to_cart,5.32,0,0,not_applicable,,,False,0.0
2026-04-03 04:59:00,C00240,Ireland,web,ios,electronics,view,210.21,0,0,not_applicable,,,False,0.0
2026-04-03 05:08:00,C00731,United Kingdom,web,android,electronics,purchase,119.14,3,0,pending,91.0,,False,357.42
2026-04-03 05:22:00,C00573,Germany,mobile_app,ios,grocery,add_to_cart,11.32,0,0,not_applicable,,,False,0.0
2026-04-03 05:46:00,C00128,Germany,mobile_app,android,fashion,add_to_cart,63.58,0,0,not_applicable,,,False,0.0
2026-04-03 05:49:00,C00875,France,physical_store,pos_terminal,beauty,add_to_cart,12.2,0,0,not_applicable,,,False,0.0
2026-04-03 05:51:00,C00163,United Kingdom,mobile_app,ios,fashion,purchase,46.31,2,0,paid,69.0,,False,92.62
2026-04-03 05:56:00,C00511,Germany,mobile_app,desktop,electronics,view,75.42,0,0,not_applicable,,,False,0.0
2026-04-03 05:56:00,C00680,United Kingdom,mobile_app,ios,home,return,66.77,1,0,not_applicable,,,True,66.77
2026-04-03 05:57:00,C00352,Germany,web,ios,beauty,view,20.72,0,0,not_applicable,,,False,0.0
2026-04-03 05:59:00,C00522,United Kingdom,physical_store,,sports,view,58.64,0,0,not_applicable,,,False,0.0
2026-04-03 06:03:00,C00365,Germany,physical_store,pos_terminal,fashion,return,51.66,1,0,not_applicable,,,True,51.66
2026-04-03 06:20:00,C00459,Germany,mobile_app,android,sports,view,29.83,0,0,not_applicable,,,False,0.0
2026-04-03 06:21:00,C00270,Germany,mobile_app,ios,beauty,view,31.43,0,0,not_applicable,,,False,0.0
2026-04-03 06:23:00,C00098,Sweden,partner_marketplace,tablet,beauty,add_to_cart,17.71,0,0,not_applicable,,,False,0.0
2026-04-03 06:28:00,C00584,,mobile_app,tablet,grocery,add_to_cart,15.16,0,0,not_applicable,,,False,0.0
2026-04-03 06:34:00,C00739,Germany,web,android,beauty,view,24.57,0,0,not_applicable,,,False,0.0
2026-04-03 06:34:00,C00837,Germany,web,desktop,home,return,147.5,1,0,not_applicable,,,True,147.5
2026-04-03 06:34:00,C00763,Sweden,physical_store,pos_terminal,home,purchase,55.84,4,5,paid,60.0,,False,218.36
2026-04-03 07:11:00,C00770,Sweden,mobile_app,android,fashion,add_to_cart,37.33,0,0,not_applicable,,,False,0.0
2026-04-03 07:18:00,C00595,Germany,mobile_app,desktop,grocery,view,18.72,0,0,not_applicable,,,False,0.0
2026-04-03 07:18:00,C00657,Ireland,web,desktop,beauty,view,27.24,0,0,not_applicable,,,False,0.0
2026-04-03 07:30:00,C00656,Germany,mobile_app,ios,fashion,view,56.46,0,0,not_applicable,,,False,0.0
2026-04-03 07:50:00,C00455,Germany,physical_store,pos_terminal,fashion,purchase,15.08,1,0,paid,57.0,,False,15.08
2026-04-03 08:01:00,C00913,United Kingdom,web,android,beauty,add_to_cart,28.63,0,0,not_applicable,,,False,0.0
2026-04-03 08:06:00,C00819,Sweden,partner_marketplace,ios,sports,add_to_cart,40.38,0,0,not_applicable,,,False,0.0
2026-04-03 08:14:00,C00525,Germany,mobile_app,android,fashion,view,57.23,0,0,not_applicable,,,False,0.0
2026-04-03 08:14:00,C00250,Netherlands,physical_store,pos_terminal,beauty,purchase,37.12,1,30,pending,46.0,,False,7.12
2026-04-03 08:28:00,C00343,Germany,mobile_app,android,electronics,view,116.87,0,0,not_applicable,,,False,0.0
2026-04-03 08:29:00,C00523,Germany,physical_store,pos_terminal,grocery,view,7.76,0,0,not_applicable,,,False,0.0
2026-04-03 08:33:00,C00645,Germany,web,desktop,electronics,purchase,269.56,2,10,paid,66.0,,False,529.12
2026-04-03 08:43:00,C00357,Germany,mobile_app,android,beauty,purchase,8.41,2,0,paid,37.0,,False,16.82
2026-04-03 08:47:00,C00784,Germany,mobile_app,tablet,fashion,purchase,70.54,2,10,paid,44.0,,False,131.08
2026-04-03 08:55:00,C00651,Germany,web,android,fashion,purchase,17.63,2,15,failed,59.0,,False,20.26
2026-04-03 09:13:00,C00411,United Kingdom,mobile_app,ios,grocery,view,21.98,0,0,not_applicable,,,False,0.0
2026-04-03 09:21:00,C00099,United Kingdom,mobile_app,desktop,electronics,return,107.66,1,0,not_applicable,,,True,107.66
2026-04-03 09:22:00,C00610,Germany,mobile_app,tablet,fashion,return,71.53,1,0,not_applicable,,,True,71.53
2026-04-03 09:26:00,C00567,Netherlands,mobile_app,desktop,fashion,purchase,38.82,1,5,paid,42.0,,False,33.82
2026-04-03 09:39:00,C00331,Germany,web,desktop,grocery,purchase,9.13,1,0,paid,77.0,,False,9.13
2026-04-03 09:48:00,C00304,Ireland,physical_store,pos_terminal,fashion,view,29.51,0,0,not_applicable,,,False,0.0
2026-04-03 09:53:00,C00613,United Kingdom,physical_store,pos_terminal,sports,purchase,56.47,1,10,paid,39.0,,False,46.47
2026-04-03 09:55:00,C00560,France,web,desktop,grocery,purchase,4.88,2,10,paid,10.0,,False,0.0
2026-04-03 09:56:00,C00324,Germany,partner_marketplace,android,home,add_to_cart,30.74,0,0,not_applicable,,,False,0.0
2026-04-03 09:57:00,C00632,Germany,web,android,sports,purchase,99.79,1,20,failed,52.0,,False,79.79
2026-04-03 09:57:00,C00341,Germany,mobile_app,desktop,home,add_to_cart,121.78,0,0,not_applicable,,,False,0.0
2026-04-03 10:02:00,C00183,Ireland,physical_store,pos_terminal,home,return,66.25,1,0,not_applicable,,,True,66.25
2026-04-03 10:13:00,C00469,Netherlands,mobile_app,desktop,sports,add_to_cart,105.27,0,0,not_applicable,,,False,0.0
2026-04-03 10:24:00,C00674,Germany,mobile_app,desktop,sports,purchase,95.6,1,0,failed,77.0,,False,95.6
2026-04-03 10:34:00,C00259,Netherlands,mobile_app,tablet,beauty,view,16.33,0,0,not_applicable,,,False,0.0
2026-04-03 10:37:00,C00341,Germany,web,desktop,fashion,view,36.83,0,0,not_applicable,,,False,0.0
2026-04-03 10:39:00,C00706,Ireland,mobile_app,desktop,home,return,93.34,1,0,not_applicable,,,True,93.34
2026-04-03 10:42:00,C00416,Germany,physical_store,pos_terminal,home,review,78.92,0,0,not_applicable,,4.0,False,0.0
2026-04-03 11:14:00,C00162,Ireland,mobile_app,android,home,purchase,78.44,3,0,paid,74.0,,False,235.32
2026-04-03 11:14:00,C00578,Netherlands,mobile_app,android,electronics,view,140.36,0,0,not_applicable,,,False,0.0
2026-04-03 11:15:00,C00226,United Kingdom,mobile_app,ios,grocery,purchase,11.05,2,0,paid,66.0,,False,22.1
2026-04-03 11:25:00,C00892,France,mobile_app,ios,grocery,review,12.18,0,0,not_applicable,,5.0,False,0.0
2026-04-03 11:26:00,C00934,United Kingdom,web,ios,electronics,view,92.98,0,0,not_applicable,,,False,0.0
2026-04-03 11:30:00,C00414,Germany,web,tablet,electronics,add_to_cart,79.61,0,0,not_applicable,,,False,0.0
2026-04-03 11:37:00,C00890,Sweden,mobile_app,android,electronics,view,117.05,0,0,not_applicable,,,False,0.0
2026-04-03 11:53:00,C00911,Ireland,web,desktop,fashion,purchase,59.92,2,5,paid,99.0,,False,114.84
2026-04-03 12:18:00,C00925,United Kingdom,web,android,sports,view,66.04,0,0,not_applicable,,,False,0.0
2026-04-03 12:19:00,C00344,Germany,web,android,books,purchase,18.66,2,5,paid,34.0,,False,32.32
2026-04-03 12:23:00,C00125,Germany,web,android,home,add_to_cart,95.33,0,0,not_applicable,,,False,0.0
2026-04-03 12:35:00,C00732,Germany,partner_marketplace,desktop,fashion,purchase,117.78,3,0,pending,76.0,,False,353.34
2026-04-03 12:38:00,C00837,France,web,ios,electronics,review,92.9,0,0,not_applicable,,3.0,False,0.0
2026-04-03 12:44:00,C00207,Germany,mobile_app,,grocery,view,18.44,0,0,not_applicable,,,False,0.0
2026-04-03 12:53:00,C00519,France,web,desktop,fashion,return,58.07,1,0,not_applicable,,,True,58.07
2026-04-03 12:59:00,C00720,France,mobile_app,tablet,fashion,add_to_cart,70.49,0,0,not_applicable,,,False,0.0
2026-04-03 13:04:00,C00501,Netherlands,mobile_app,desktop,books,view,20.7,0,0,not_applicable,,,False,0.0
2026-04-03 13:09:00,C00546,Ireland,mobile_app,ios,electronics,add_to_cart,102.34,0,0,not_applicable,,,False,0.0
2026-04-03 13:29:00,C00326,Sweden,physical_store,pos_terminal,home,purchase,84.75,1,0,paid,51.0,,False,84.75
2026-04-03 13:30:00,C00021,France,mobile_app,android,fashion,view,60.12,0,0,not_applicable,,,False,0.0
2026-04-03 13:32:00,C00494,France,mobile_app,ios,electronics,add_to_cart,135.49,0,0,not_applicable,,,False,0.0
2026-04-03 13:34:00,C00334,Germany,mobile_app,android,sports,review,30.1,0,0,not_applicable,,4.0,False,0.0
2026-04-03 13:43:00,C00222,France,physical_store,pos_terminal,fashion,purchase,52.06,2,10,paid,42.0,,False,94.12
2026-04-03 13:56:00,C00616,Germany,mobile_app,ios,fashion,view,16.9,0,0,not_applicable,,,False,0.0
2026-04-03 14:04:00,C00659,Sweden,web,ios,books,view,19.41,0,0,not_applicable,,,False,0.0
2026-04-03 14:23:00,C00166,France,web,tablet,grocery,view,14.01,0,0,not_applicable,,,False,0.0
2026-04-03 14:44:00,C00448,France,web,desktop,grocery,add_to_cart,12.04,0,0,not_applicable,,,False,0.0
2026-04-03 14:49:00,C00329,Netherlands,partner_marketplace,ios,beauty,purchase,39.23,2,15,paid,80.0,,False,63.46
2026-04-03 14:54:00,C00608,Germany,physical_store,,home,purchase,20.24,1,10,paid,45.0,,False,10.24
2026-04-03 15:39:00,C00126,United Kingdom,mobile_app,android,beauty,view,31.16,0,0,not_applicable,,,False,0.0
2026-04-03 15:40:00,C00056,Germany,mobile_app,ios,fashion,purchase,37.74,1,0,failed,48.0,,False,37.74
2026-04-03 15:55:00,C00302,Netherlands,mobile_app,android,fashion,review,83.63,0,0,not_applicable,,3.0,False,0.0
2026-04-03 15:58:00,C00105,United Kingdom,partner_marketplace,ios,grocery,view,26.37,0,0,not_applicable,,,False,0.0
2026-04-03 16:04:00,C00475,Germany,web,desktop,sports,add_to_cart,43.27,0,0,not_applicable,,,False,0.0
2026-04-03 16:14:00,C00301,Ireland,web,android,fashion,view,55.83,0,0,not_applicable,,,False,0.0
2026-04-03 16:15:00,C00382,Germany,web,android,electronics,purchase,149.72,1,20,paid,67.0,,False,129.72
2026-04-03 16:21:00,C00388,Germany,mobile_app,ios,grocery,add_to_cart,19.88,0,0,not_applicable,,,False,0.0
2026-04-03 16:21:00,C00813,Germany,web,android,electronics,view,231.89,0,0,not_applicable,,,False,0.0
2026-04-03 16:39:00,C00377,Germany,physical_store,,books,purchase,30.38,1,15,paid,64.0,,False,15.38
2026-04-03 16:40:00,C00766,Netherlands,physical_store,pos_terminal,electronics,purchase,57.65,1,10,paid,44.0,,False,47.65
2026-04-03 17:02:00,C00924,United Kingdom,web,android,home,view,60.96,0,0,not_applicable,,,False,0.0
2026-04-03 17:34:00,C00316,France,web,android,sports,add_to_cart,31.17,0,0,not_applicable,,,False,0.0
2026-04-03 18:01:00,C00582,France,mobile_app,desktop,electronics,purchase,97.02,1,20,paid,38.0,,False,77.02
2026-04-03 18:04:00,C00688,United Kingdom,mobile_app,desktop,fashion,view,48.62,0,0,not_applicable,,,False,0.0
2026-04-03 18:11:00,C00240,Germany,mobile_app,ios,electronics,purchase,65.76,2,0,paid,64.0,,False,131.52
2026-04-03 18:14:00,C00844,United Kingdom,web,android,grocery,purchase,5.82,2,0,paid,83.0,,False,11.64
2026-04-03 18:18:00,C00380,Germany,mobile_app,android,home,view,135.41,0,0,not_applicable,,,False,0.0
2026-04-03 18:18:00,C00731,Ireland,physical_store,pos_terminal,electronics,purchase,239.46,1,0,paid,50.0,,False,239.46
2026-04-03 18:28:00,C00539,Germany,web,android,electronics,add_to_cart,245.01,0,0,not_applicable,,,False,0.0
2026-04-03 18:38:00,C00574,Germany,physical_store,pos_terminal,grocery,purchase,7.64,1,5,paid,52.0,,False,2.64
2026-04-03 18:58:00,C00788,Sweden,mobile_app,ios,beauty,purchase,10.55,1,0,paid,31.0,,False,10.55
2026-04-03 19:17:00,C00375,Germany,physical_store,pos_terminal,fashion,view,66.3,0,0,not_applicable,,,False,0.0
2026-04-03 19:27:00,C00191,Sweden,web,android,fashion,purchase,69.13,1,5,paid,38.0,,False,64.13
2026-04-03 19:33:00,C00042,Germany,mobile_app,android,sports,view,32.98,0,0,not_applicable,,,False,0.0
2026-04-03 19:41:00,C00078,Sweden,physical_store,pos_terminal,electronics,review,69.1,0,0,not_applicable,,3.0,False,0.0
2026-04-03 20:09:00,C00182,France,mobile_app,tablet,fashion,purchase,30.04,1,5,pending,87.0,,False,25.04
2026-04-03 20:12:00,C00327,,mobile_app,desktop,beauty,view,25.72,0,0,not_applicable,,,False,0.0
2026-04-03 20:16:00,C00545,Germany,physical_store,pos_terminal,books,purchase,26.14,1,10,paid,81.0,,False,16.14
2026-04-03 20:37:00,C00576,Germany,mobile_app,android,home,review,71.68,0,0,not_applicable,,4.0,False,0.0
2026-04-03 20:58:00,C00084,Germany,physical_store,,electronics,return,183.07,1,0,not_applicable,,,True,183.07
2026-04-03 21:11:00,C00809,Germany,web,desktop,grocery,purchase,13.96,1,15,paid,39.0,,False,0.0
2026-04-03 21:22:00,C00377,Germany,mobile_app,desktop,grocery,view,14.12,0,0,not_applicable,,,False,0.0
2026-04-03 21:25:00,C00418,Germany,mobile_app,desktop,books,review,49.32,0,0,not_applicable,,3.0,False,0.0
2026-04-03 21:36:00,C00325,Netherlands,mobile_app,ios,grocery,add_to_cart,12.7,0,0,not_applicable,,,False,0.0
2026-04-03 21:36:00,C00726,Germany,web,ios,beauty,view,27.97,0,0,not_applicable,,,False,0.0
2026-04-03 21:52:00,C00127,Germany,mobile_app,ios,home,add_to_cart,62.19,0,0,not_applicable,,,False,0.0
2026-04-03 21:57:00,C00341,Ireland,partner_marketplace,,home,review,39.79,0,0,not_applicable,,4.0,False,0.0
2026-04-03 22:05:00,C00618,France,mobile_app,ios,home,view,26.64,0,0,not_applicable,,,False,0.0
2026-04-03 22:11:00,C00243,Germany,mobile_app,ios,fashion,view,67.81,0,0,not_applicable,,,False,0.0
2026-04-03 22:30:00,C00470,Sweden,mobile_app,desktop,grocery,add_to_cart,10.65,0,0,not_applicable,,,False,0.0
2026-04-03 22:33:00,C00340,United Kingdom,mobile_app,ios,fashion,add_to_cart,63.56,0,0,not_applicable,,,False,0.0
2026-04-03 22:42:00,C00346,United Kingdom,mobile_app,desktop,sports,review,34.94,0,0,not_applicable,,3.0,False,0.0
2026-04-03 23:02:00,C00427,Ireland,partner_marketplace,ios,electronics,review,133.9,0,0,not_applicable,,4.0,False,0.0
2026-04-03 23:04:00,C00392,Germany,web,android,books,purchase,19.18,2,30,paid,58.0,,False,8.36
2026-04-03 23:05:00,C00194,Ireland,web,android,home,purchase,45.32,2,15,paid,42.0,,False,75.64
2026-04-03 23:08:00,C00087,Sweden,partner_marketplace,android,fashion,view,43.71,0,0,not_applicable,,,False,0.0
2026-04-03 23:23:00,C00052,France,web,ios,books,view,49.73,0,0,not_applicable,,,False,0.0
2026-04-03 23:28:00,C00497,United Kingdom,mobile_app,android,fashion,view,62.64,0,0,not_applicable,,,False,0.0
2026-04-03 23:34:00,C00695,Germany,web,tablet,home,view,178.42,0,0,not_applicable,,,False,0.0
2026-04-03 23:36:00,C00012,Netherlands,physical_store,pos_terminal,beauty,purchase,41.11,2,10,paid,6.0,,False,72.22
2026-04-03 23:36:00,C00389,Germany,mobile_app,ios,grocery,review,26.7,0,0,not_applicable,,4.0,False,0.0
2026-04-03 23:41:00,C00285,Sweden,web,ios,sports,add_to_cart,67.19,0,0,not_applicable,,,False,0.0
2026-04-03 23:58:00,C00072,Ireland,mobile_app,android,electronics,purchase,103.15,1,20,paid,37.0,,False,83.15
2026-04-03 23:58:00,C00064,United Kingdom,web,desktop,beauty,view,56.06,0,0,not_applicable,,,False,0.0
2026-04-04 00:11:00,C00664,France,physical_store,pos_terminal,home,purchase,52.94,1,20,paid,58.0,,False,32.94
2026-04-04 00:12:00,C00676,Germany,mobile_app,ios,fashion,view,54.0,0,0,not_applicable,,,False,0.0
2026-04-04 00:16:00,C00307,Germany,partner_marketplace,ios,electronics,view,172.82,0,0,not_applicable,,,False,0.0
2026-04-04 00:20:00,C00945,Sweden,web,,sports,purchase,29.74,1,5,pending,88.0,,False,24.74
2026-04-04 00:34:00,C00883,France,mobile_app,android,grocery,add_to_cart,11.4,0,0,not_applicable,,,False,0.0
2026-04-04 00:45:00,C00544,United Kingdom,mobile_app,ios,books,return,12.58,1,0,not_applicable,,,True,12.58
2026-04-04 00:50:00,C00944,Germany,mobile_app,ios,home,return,68.85,1,0,not_applicable,,,True,68.85
2026-04-04 00:52:00,C00533,Germany,mobile_app,android,grocery,add_to_cart,6.35,0,0,not_applicable,,,False,0.0
2026-04-04 01:00:00,C00588,United Kingdom,physical_store,pos_terminal,beauty,purchase,38.01,1,0,paid,50.0,,False,38.01
2026-04-04 01:16:00,C00042,Sweden,mobile_app,android,home,add_to_cart,158.67,0,0,not_applicable,,,False,0.0
2026-04-04 01:36:00,C00531,Ireland,partner_marketplace,ios,books,return,27.41,2,0,not_applicable,,,True,54.82
2026-04-04 01:40:00,C00181,Sweden,mobile_app,tablet,grocery,add_to_cart,8.85,0,0,not_applicable,,,False,0.0
2026-04-04 01:48:00,C00173,Germany,mobile_app,desktop,beauty,view,31.01,0,0,not_applicable,,,False,0.0
2026-04-04 01:49:00,C00216,United Kingdom,mobile_app,ios,fashion,view,30.38,0,0,not_applicable,,,False,0.0
2026-04-04 01:53:00,C00377,Germany,mobile_app,desktop,grocery,purchase,14.94,1,0,paid,67.0,,False,14.94
2026-04-04 02:23:00,C00122,United Kingdom,web,ios,fashion,view,35.13,0,0,not_applicable,,,False,0.0
2026-04-04 02:26:00,C00393,France,physical_store,pos_terminal,grocery,view,7.16,0,0,not_applicable,,,False,0.0
2026-04-04 02:45:00,C00772,Sweden,physical_store,pos_terminal,fashion,purchase,33.02,2,15,paid,59.0,,False,51.04
2026-04-04 02:54:00,C00378,Netherlands,web,desktop,fashion,view,53.69,0,0,not_applicable,,,False,0.0
2026-04-04 02:56:00,C00101,Ireland,web,android,sports,review,63.02,0,0,not_applicable,,4.0,False,0.0
2026-04-04 02:57:00,C00736,Germany,mobile_app,desktop,fashion,return,95.54,2,0,not_applicable,,,True,191.08
2026-04-04 03:02:00,C00126,Germany,physical_store,pos_terminal,sports,purchase,37.05,1,0,paid,52.0,,False,37.05
2026-04-04 03:04:00,C00547,France,mobile_app,tablet,home,add_to_cart,58.25,0,0,not_applicable,,,False,0.0
2026-04-04 03:05:00,C00497,United Kingdom,mobile_app,ios,electronics,view,110.58,0,0,not_applicable,,,False,0.0
2026-04-04 03:12:00,C00065,Germany,mobile_app,android,electronics,add_to_cart,109.09,0,0,not_applicable,,,False,0.0
2026-04-04 03:28:00,C00011,Germany,mobile_app,desktop,electronics,purchase,108.8,1,15,paid,73.0,,False,93.8
2026-04-04 03:29:00,C00850,Germany,physical_store,pos_terminal,grocery,purchase,11.42,1,0,paid,72.0,,False,11.42
2026-04-04 03:33:00,C00082,Netherlands,physical_store,pos_terminal,beauty,review,32.9,0,0,not_applicable,,4.0,False,0.0
2026-04-04 04:01:00,C00652,France,mobile_app,desktop,books,view,13.36,0,0,not_applicable,,,False,0.0
2026-04-04 04:10:00,C00038,Sweden,web,android,sports,review,64.82,0,0,not_applicable,,3.0,False,0.0
2026-04-04 04:20:00,C00087,United Kingdom,mobile_app,desktop,electronics,purchase,163.65,1,5,paid,76.0,,False,158.65
2026-04-04 04:25:00,C00525,France,mobile_app,desktop,books,purchase,15.49,1,20,paid,75.0,,False,0.0
2026-04-04 04:47:00,C00934,Germany,mobile_app,,fashion,view,58.4,0,0,not_applicable,,,False,0.0
2026-04-04 04:48:00,C00043,Germany,web,desktop,sports,review,60.9,0,0,not_applicable,,3.0,False,0.0
2026-04-04 05:00:00,C00146,Germany,mobile_app,desktop,fashion,view,49.68,0,0,not_applicable,,,False,0.0
2026-04-04 05:17:00,C00578,Netherlands,physical_store,pos_terminal,electronics,purchase,171.81,1,15,paid,54.0,,False,156.81
2026-04-04 05:22:00,C00516,United Kingdom,web,android,fashion,add_to_cart,71.95,0,0,not_applicable,,,False,0.0
2026-04-04 05:26:00,C00437,Sweden,mobile_app,ios,home,view,57.94,0,0,not_applicable,,,False,0.0
2026-04-04 05:31:00,C00833,Sweden,mobile_app,,grocery,purchase,7.17,1,20,paid,52.0,,False,0.0
2026-04-04 05:34:00,C00372,Netherlands,web,ios,fashion,purchase,18.87,1,20,paid,82.0,,False,0.0
2026-04-04 05:46:00,C00024,France,partner_marketplace,ios,grocery,view,5.93,0,0,not_applicable,,,False,0.0
2026-04-04 05:48:00,C00232,France,web,desktop,fashion,review,38.6,0,0,not_applicable,,1.0,False,0.0
2026-04-04 06:22:00,C00862,France,physical_store,pos_terminal,books,purchase,18.26,2,10,paid,23.0,,False,26.52
2026-04-04 06:27:00,C00558,United Kingdom,mobile_app,tablet,electronics,purchase,154.88,1,0,failed,84.0,,False,154.88
2026-04-04 06:35:00,C00396,Germany,web,android,home,view,122.46,0,0,not_applicable,,,False,0.0
2026-04-04 06:41:00,C00390,United Kingdom,partner_marketplace,android,electronics,view,71.16,0,0,not_applicable,,,False,0.0
2026-04-04 06:59:00,C00089,Ireland,mobile_app,ios,sports,add_to_cart,32.31,0,0,not_applicable,,,False,0.0
2026-04-04 07:08:00,C00834,Netherlands,physical_store,pos_terminal,electronics,view,138.48,0,0,not_applicable,,,False,0.0
2026-04-04 07:21:00,C00595,Netherlands,web,android,grocery,view,7.81,0,0,not_applicable,,,False,0.0
2026-04-04 07:26:00,C00406,Germany,mobile_app,ios,books,purchase,7.62,1,10,paid,42.0,,False,0.0
2026-04-04 07:28:00,C00797,France,mobile_app,desktop,electronics,purchase,110.61,1,15,paid,78.0,,False,95.61
2026-04-04 07:29:00,C00305,Germany,mobile_app,android,fashion,add_to_cart,68.53,0,0,not_applicable,,,False,0.0
2026-04-04 07:30:00,C00497,Germany,physical_store,pos_terminal,electronics,add_to_cart,38.1,0,0,not_applicable,,,False,0.0
2026-04-04 07:34:00,C00019,Germany,web,android,beauty,view,25.7,0,0,not_applicable,,,False,0.0
2026-04-04 07:35:00,C00561,Netherlands,physical_store,pos_terminal,electronics,view,120.11,0,0,not_applicable,,,False,0.0
2026-04-04 07:37:00,C00100,Germany,web,ios,beauty,return,34.67,1,0,not_applicable,,,True,34.67
2026-04-04 07:41:00,C00202,Ireland,physical_store,pos_terminal,fashion,purchase,34.31,2,15,paid,51.0,,False,53.62
2026-04-04 07:54:00,C00816,Ireland,physical_store,pos_terminal,beauty,purchase,40.3,1,0,paid,31.0,,False,40.3
2026-04-04 08:03:00,C00357,Germany,physical_store,pos_terminal,electronics,add_to_cart,69.85,0,0,not_applicable,,,False,0.0
2026-04-04 08:36:00,C00769,France,web,desktop,fashion,view,34.3,0,0,not_applicable,,,False,0.0
2026-04-04 08:44:00,C00362,United Kingdom,web,ios,electronics,view,94.87,0,0,not_applicable,,,False,0.0
2026-04-04 08:57:00,C00727,France,physical_store,pos_terminal,beauty,view,29.64,0,0,not_applicable,,,False,0.0
2026-04-04 09:07:00,C00205,Germany,web,ios,books,view,29.76,0,0,not_applicable,,,False,0.0
2026-04-04 09:07:00,C00774,Germany,web,android,books,purchase,20.36,1,0,paid,28.0,,False,20.36
2026-04-04 09:24:00,C00501,Germany,physical_store,pos_terminal,books,view,18.84,0,0,not_applicable,,,False,0.0
2026-04-04 09:26:00,C00858,Germany,web,tablet,sports,purchase,55.7,2,0,paid,53.0,,False,111.4
2026-04-04 09:31:00,C00217,Netherlands,web,,books,add_to_cart,15.53,0,0,not_applicable,,,False,0.0
2026-04-04 09:39:00,C00904,Germany,mobile_app,ios,electronics,add_to_cart,151.43,0,0,not_applicable,,,False,0.0
2026-04-04 10:11:00,C00118,Ireland,web,ios,fashion,view,85.51,0,0,not_applicable,,,False,0.0
2026-04-04 10:16:00,C00143,France,mobile_app,ios,fashion,view,68.18,0,0,not_applicable,,,False,0.0
2026-04-04 10:18:00,C00559,Netherlands,web,android,fashion,view,40.88,0,0,not_applicable,,,False,0.0
2026-04-04 10:24:00,C00612,Germany,physical_store,pos_terminal,electronics,review,123.4,0,0,not_applicable,,4.0,False,0.0
2026-04-04 10:28:00,C00481,Germany,web,ios,grocery,review,7.45,0,0,not_applicable,,4.0,False,0.0
2026-04-04 10:30:00,C00356,Germany,mobile_app,android,electronics,purchase,200.57,1,0,paid,92.0,,True,200.57
2026-04-04 10:39:00,C00262,Germany,partner_marketplace,ios,home,add_to_cart,30.76,0,0,not_applicable,,,False,0.0
2026-04-04 10:43:00,C00643,Netherlands,physical_store,pos_terminal,grocery,view,10.51,0,0,not_applicable,,,False,0.0
2026-04-04 10:46:00,C00501,United Kingdom,web,android,electronics,return,59.21,1,0,not_applicable,,,True,59.21
2026-04-04 10:53:00,C00908,Germany,mobile_app,ios,fashion,review,55.37,0,0,not_applicable,,2.0,False,0.0
2026-04-04 11:26:00,C00895,Sweden,web,desktop,home,review,47.16,0,0,not_applicable,,2.0,False,0.0
2026-04-04 11:39:00,C00556,Germany,physical_store,pos_terminal,home,review,47.02,0,0,not_applicable,,2.0,False,0.0
2026-04-04 11:43:00,C00750,Germany,mobile_app,ios,beauty,view,42.17,0,0,not_applicable,,,False,0.0
2026-04-04 11:46:00,C00859,Germany,physical_store,pos_terminal,home,add_to_cart,53.81,0,0,not_applicable,,,False,0.0
2026-04-04 11:52:00,C00287,Germany,physical_store,pos_terminal,grocery,add_to_cart,14.17,0,0,not_applicable,,,False,0.0
2026-04-04 11:59:00,C00123,Germany,mobile_app,desktop,sports,add_to_cart,21.57,0,0,not_applicable,,,False,0.0
2026-04-04 12:02:00,C00321,Germany,partner_marketplace,ios,beauty,return,20.77,1,0,not_applicable,,,True,20.77
2026-04-04 12:06:00,C00785,United Kingdom,mobile_app,desktop,home,purchase,86.52,1,30,paid,59.0,,False,56.52
2026-04-04 12:36:00,C00706,United Kingdom,mobile_app,ios,fashion,purchase,48.21,1,15,paid,40.0,,False,33.21
2026-04-04 12:45:00,C00909,Netherlands,physical_store,pos_terminal,home,review,111.71,0,0,not_applicable,,5.0,False,0.0
2026-04-04 12:46:00,C00397,Germany,mobile_app,android,fashion,purchase,44.89,1,0,paid,34.0,,False,44.89
2026-04-04 12:53:00,C00405,Sweden,mobile_app,android,books,purchase,32.49,1,0,failed,64.0,,False,32.49
2026-04-04 13:08:00,C00123,Sweden,physical_store,pos_terminal,home,purchase,48.24,1,30,paid,46.0,,False,18.24
2026-04-04 13:09:00,C00480,United Kingdom,web,ios,sports,view,67.4,0,0,not_applicable,,,False,0.0
2026-04-04 13:17:00,C00676,Germany,partner_marketplace,android,beauty,view,15.33,0,0,not_applicable,,,False,0.0
2026-04-04 13:18:00,C00907,Sweden,physical_store,pos_terminal,home,purchase,62.19,1,15,failed,58.0,,False,47.19
2026-04-04 13:24:00,C00930,Germany,mobile_app,,books,view,31.54,0,0,not_applicable,,,False,0.0
2026-04-04 13:26:00,C00608,Sweden,physical_store,pos_terminal,grocery,add_to_cart,5.91,0,0,not_applicable,,,False,0.0
2026-04-04 13:50:00,C00112,United Kingdom,web,ios,grocery,purchase,19.64,1,5,paid,78.0,,False,14.64
2026-04-04 13:50:00,C00458,United Kingdom,web,ios,grocery,purchase,11.74,1,0,failed,33.0,,False,11.74
2026-04-04 14:00:00,C00178,Ireland,mobile_app,desktop,beauty,purchase,8.87,1,5,paid,94.0,,False,3.87
2026-04-04 14:09:00,C00697,United Kingdom,mobile_app,android,fashion,add_to_cart,35.31,0,0,not_applicable,,,False,0.0
2026-04-04 14:31:00,C00566,Germany,mobile_app,desktop,books,add_to_cart,12.94,0,0,not_applicable,,,False,0.0
2026-04-04 14:33:00,C00478,Ireland,web,android,fashion,purchase,25.06,1,20,pending,30.0,,False,5.06
2026-04-04 14:44:00,C00691,Germany,partner_marketplace,ios,home,purchase,65.99,1,15,paid,82.0,,False,50.99
2026-04-04 14:46:00,C00687,Sweden,mobile_app,ios,beauty,view,16.92,0,0,not_applicable,,,False,0.0
2026-04-04 14:48:00,C00814,United Kingdom,physical_store,pos_terminal,fashion,add_to_cart,22.3,0,0,not_applicable,,,False,0.0
2026-04-04 15:05:00,C00087,Germany,mobile_app,,books,return,18.51,1,0,not_applicable,,,True,18.51
2026-04-04 15:29:00,C00411,France,physical_store,pos_terminal,fashion,add_to_cart,34.3,0,0,not_applicable,,,False,0.0
2026-04-04 15:31:00,C00259,Germany,web,android,home,add_to_cart,120.68,0,0,not_applicable,,,False,0.0
2026-04-04 15:31:00,C00611,Netherlands,mobile_app,tablet,sports,view,37.23,0,0,not_applicable,,,False,0.0
2026-04-04 15:31:00,C00166,Ireland,web,tablet,beauty,view,32.11,0,0,not_applicable,,,False,0.0
2026-04-04 15:49:00,C00717,Germany,physical_store,pos_terminal,grocery,review,11.67,0,0,not_applicable,,3.0,False,0.0
2026-04-04 15:50:00,C00657,Sweden,physical_store,pos_terminal,grocery,review,9.75,0,0,not_applicable,,3.0,False,0.0
2026-04-04 15:54:00,C00748,Germany,physical_store,pos_terminal,beauty,add_to_cart,37.38,0,0,not_applicable,,,False,0.0
2026-04-04 16:04:00,C00135,Sweden,physical_store,pos_terminal,beauty,view,37.92,0,0,not_applicable,,,False,0.0
2026-04-04 16:10:00,C00357,Ireland,mobile_app,android,fashion,purchase,39.93,1,20,paid,51.0,,False,19.93
2026-04-04 16:13:00,C00675,France,physical_store,pos_terminal,sports,view,81.83,0,0,not_applicable,,,False,0.0
2026-04-04 16:18:00,C00503,Germany,partner_marketplace,desktop,fashion,purchase,80.48,2,0,failed,59.0,,False,160.96
2026-04-04 16:26:00,C00100,Germany,physical_store,pos_terminal,fashion,add_to_cart,40.8,0,0,not_applicable,,,False,0.0
2026-04-04 16:36:00,C00864,United Kingdom,mobile_app,desktop,beauty,return,14.69,2,0,not_applicable,,,True,29.38
2026-04-04 16:43:00,C00237,Ireland,mobile_app,android,sports,add_to_cart,39.7,0,0,not_applicable,,,False,0.0
2026-04-04 16:55:00,C00261,United Kingdom,partner_marketplace,android,books,return,22.47,1,0,not_applicable,,,True,22.47
2026-04-04 17:00:00,C00097,Sweden,web,android,home,view,114.79,0,0,not_applicable,,,False,0.0
2026-04-04 17:02:00,C00591,Germany,partner_marketplace,android,grocery,view,21.4,0,0,not_applicable,,,False,0.0
2026-04-04 17:09:00,C00881,Ireland,web,tablet,fashion,add_to_cart,39.54,0,0,not_applicable,,,False,0.0
2026-04-04 17:18:00,C00468,Sweden,mobile_app,ios,fashion,add_to_cart,47.73,0,0,not_applicable,,,False,0.0
2026-04-04 17:22:00,C00505,Germany,mobile_app,android,home,add_to_cart,94.42,0,0,not_applicable,,,False,0.0
2026-04-04 17:23:00,C00600,Germany,web,desktop,fashion,view,29.12,0,0,not_applicable,,,False,0.0
2026-04-04 17:38:00,C00301,Germany,web,android,fashion,review,75.23,0,0,not_applicable,,4.0,False,0.0
2026-04-04 17:51:00,C00662,Germany,mobile_app,android,beauty,purchase,18.19,2,5,paid,58.0,,False,31.38
2026-04-04 18:04:00,C00523,Sweden,partner_marketplace,desktop,sports,view,38.08,0,0,not_applicable,,,False,0.0
2026-04-04 18:05:00,C00403,Germany,mobile_app,android,beauty,purchase,11.65,1,0,paid,36.0,,False,11.65
2026-04-04 18:05:00,C00838,United Kingdom,physical_store,pos_terminal,sports,view,42.15,0,0,not_applicable,,,False,0.0
2026-04-04 18:08:00,C00846,Ireland,mobile_app,android,fashion,purchase,26.78,1,10,paid,38.0,,False,16.78
2026-04-04 18:10:00,C00112,Netherlands,mobile_app,ios,grocery,view,18.06,0,0,not_applicable,,,False,0.0
2026-04-04 18:20:00,C00139,Germany,mobile_app,ios,beauty,view,14.29,0,0,not_applicable,,,False,0.0
2026-04-04 18:25:00,C00761,Germany,web,android,fashion,purchase,46.5,1,0,pending,70.0,,False,46.5
2026-04-04 18:25:00,C00675,Netherlands,web,tablet,grocery,purchase,16.65,1,20,paid,10.0,,False,0.0
2026-04-04 18:25:00,C00931,United Kingdom,partner_marketplace,desktop,fashion,purchase,66.62,1,0,paid,46.0,,False,66.62
2026-04-04 18:25:00,C00559,France,mobile_app,desktop,beauty,purchase,21.0,2,20,paid,70.0,,False,22.0
2026-04-04 18:42:00,C00438,Sweden,mobile_app,desktop,beauty,purchase,54.75,2,0,paid,75.0,,False,109.5
2026-04-04 18:47:00,C00809,Germany,mobile_app,ios,fashion,view,66.26,0,0,not_applicable,,,False,0.0
2026-04-04 19:02:00,C00083,Ireland,web,tablet,grocery,view,9.63,0,0,not_applicable,,,False,0.0
2026-04-04 19:13:00,C00198,Germany,web,ios,books,purchase,15.67,2,15,paid,53.0,,False,16.34
2026-04-04 19:18:00,C00453,Germany,partner_marketplace,desktop,grocery,view,16.62,0,0,not_applicable,,,False,0.0
2026-04-04 19:24:00,C00910,Germany,mobile_app,ios,fashion,return,48.09,1,0,not_applicable,,,True,48.09
2026-04-04 19:26:00,C00231,France,physical_store,pos_terminal,home,add_to_cart,149.67,0,0,not_applicable,,,False,0.0
2026-04-04 19:33:00,C00034,Germany,physical_store,pos_terminal,beauty,review,21.01,0,0,not_applicable,,3.0,False,0.0
2026-04-04 20:32:00,C00528,Sweden,partner_marketplace,android,fashion,purchase,38.08,2,10,failed,83.0,,False,66.16
2026-04-04 20:36:00,C00242,Sweden,web,android,fashion,purchase,63.96,1,0,paid,68.0,,False,63.96
2026-04-04 20:37:00,C00065,Ireland,web,ios,home,purchase,70.41,2,5,paid,59.0,,False,135.82
2026-04-04 20:53:00,C00698,Sweden,physical_store,pos_terminal,grocery,review,4.34,0,0,not_applicable,,3.0,False,0.0
2026-04-04 21:00:00,C00812,Germany,mobile_app,android,electronics,view,83.03,0,0,not_applicable,,,False,0.0
2026-04-04 21:03:00,C00023,Germany,web,android,beauty,add_to_cart,16.03,0,0,not_applicable,,,False,0.0
2026-04-04 21:09:00,C00202,Germany,physical_store,pos_terminal,home,view,52.34,0,0,not_applicable,,,False,0.0
2026-04-04 21:11:00,C00256,Germany,physical_store,pos_terminal,fashion,review,49.55,0,0,not_applicable,,5.0,False,0.0
2026-04-04 21:12:00,C00098,United Kingdom,mobile_app,ios,books,add_to_cart,27.07,0,0,not_applicable,,,False,0.0
2026-04-04 21:16:00,C00069,France,web,ios,grocery,view,20.04,0,0,not_applicable,,,False,0.0
2026-04-04 21:22:00,C00710,Germany,physical_store,pos_terminal,fashion,view,34.5,0,0,not_applicable,,,False,0.0
2026-04-04 21:26:00,C00247,Netherlands,mobile_app,desktop,books,return,10.34,1,0,not_applicable,,,True,10.34
2026-04-04 21:27:00,C00909,Sweden,partner_marketplace,ios,electronics,review,136.33,0,0,not_applicable,,4.0,False,0.0
2026-04-04 21:30:00,C00273,United Kingdom,mobile_app,android,grocery,return,3.84,1,0,not_applicable,,,True,3.84
2026-04-04 21:39:00,C00220,Germany,physical_store,pos_terminal,grocery,purchase,11.87,1,20,paid,72.0,,False,0.0
2026-04-04 21:54:00,C00823,Germany,partner_marketplace,android,fashion,review,101.02,0,0,not_applicable,,2.0,False,0.0
2026-04-04 22:05:00,C00491,Netherlands,web,desktop,books,view,41.82,0,0,not_applicable,,,False,0.0
2026-04-04 22:14:00,C00526,Germany,mobile_app,android,electronics,view,123.46,0,0,not_applicable,,,False,0.0
2026-04-04 22:24:00,C00895,France,physical_store,pos_terminal,fashion,view,32.13,0,0,not_applicable,,,False,0.0
2026-04-04 22:41:00,C00228,Germany,web,desktop,sports,purchase,80.46,1,5,paid,69.0,,False,75.46
2026-04-04 22:51:00,C00350,Germany,partner_marketplace,desktop,beauty,review,4.41,0,0,not_applicable,,5.0,False,0.0
2026-04-04 23:10:00,C00590,France,partner_marketplace,desktop,home,purchase,105.55,2,0,paid,58.0,,False,211.1
2026-04-04 23:11:00,C00518,Germany,web,android,sports,add_to_cart,159.13,0,0,not_applicable,,,False,0.0
2026-04-04 23:15:00,C00515,Germany,mobile_app,android,fashion,add_to_cart,49.47,0,0,not_applicable,,,False,0.0
2026-04-04 23:18:00,C00145,France,web,ios,electronics,purchase,183.1,1,0,paid,39.0,,False,183.1
2026-04-04 23:22:00,C00312,United Kingdom,partner_marketplace,ios,fashion,purchase,26.29,1,0,paid,62.0,,False,26.29
2026-04-04 23:25:00,C00031,Germany,web,ios,fashion,add_to_cart,51.26,0,0,not_applicable,,,False,0.0
2026-04-04 23:30:00,C00236,France,physical_store,pos_terminal,grocery,review,6.38,0,0,not_applicable,,1.0,False,0.0
2026-04-04 23:38:00,C00726,Netherlands,mobile_app,android,home,view,48.16,0,0,not_applicable,,,False,0.0
2026-04-04 23:44:00,C00449,Netherlands,web,ios,home,purchase,45.14,1,10,failed,53.0,,False,35.14
2026-04-04 23:45:00,C00315,Germany,physical_store,pos_terminal,fashion,purchase,28.36,1,5,paid,50.0,,False,23.36
2026-04-04 23:55:00,C00915,Germany,mobile_app,ios,fashion,purchase,47.54,1,10,paid,58.0,,False,37.54
2026-04-05 00:04:00,C00572,United Kingdom,mobile_app,tablet,grocery,view,15.28,0,0,not_applicable,,,False,0.0
2026-04-05 00:10:00,C00569,Germany,web,android,electronics,review,108.65,0,0,not_applicable,,2.0,False,0.0
2026-04-05 00:26:00,C00278,Netherlands,physical_store,pos_terminal,home,add_to_cart,168.1,0,0,not_applicable,,,False,0.0
2026-04-05 00:27:00,C00243,Germany,partner_marketplace,desktop,electronics,add_to_cart,56.73,0,0,not_applicable,,,False,0.0
2026-04-05 00:33:00,C00881,Germany,web,android,home,add_to_cart,31.7,0,0,not_applicable,,,False,0.0
2026-04-05 00:44:00,C00900,Germany,partner_marketplace,desktop,books,add_to_cart,21.2,0,0,not_applicable,,,False,0.0
2026-04-05 00:47:00,C00242,Germany,web,ios,grocery,purchase,21.34,1,0,paid,38.0,,False,21.34
2026-04-05 01:11:00,C00383,France,web,ios,grocery,purchase,12.88,1,0,paid,82.0,,False,12.88
2026-04-05 01:17:00,C00835,Germany,mobile_app,tablet,books,add_to_cart,7.86,0,0,not_applicable,,,False,0.0
2026-04-05 01:29:00,C00227,Germany,physical_store,pos_terminal,grocery,view,8.65,0,0,not_applicable,,,False,0.0
2026-04-05 01:30:00,C00144,Sweden,web,tablet,electronics,add_to_cart,182.3,0,0,not_applicable,,,False,0.0
2026-04-05 01:33:00,C00710,Germany,mobile_app,android,electronics,view,88.9,0,0,not_applicable,,,False,0.0
2026-04-05 01:36:00,C00244,United Kingdom,web,android,electronics,view,168.63,0,0,not_applicable,,,False,0.0
2026-04-05 01:38:00,C00326,Germany,web,android,electronics,add_to_cart,162.6,0,0,not_applicable,,,False,0.0
2026-04-05 01:52:00,C00144,Germany,mobile_app,android,electronics,purchase,160.2,1,15,paid,69.0,,False,145.2
2026-04-05 02:00:00,C00763,Ireland,mobile_app,android,home,add_to_cart,67.1,0,0,not_applicable,,,False,0.0
2026-04-05 02:05:00,C00659,Germany,physical_store,pos_terminal,electronics,view,66.76,0,0,not_applicable,,,False,0.0
2026-04-05 02:08:00,C00267,Germany,mobile_app,android,fashion,review,69.79,0,0,not_applicable,,3.0,False,0.0
2026-04-05 02:12:00,C00794,Germany,web,tablet,sports,purchase,51.57,1,10,paid,26.0,,False,41.57
2026-04-05 02:18:00,C00689,Germany,mobile_app,android,electronics,purchase,83.12,4,20,paid,55.0,,False,312.48
2026-04-05 02:21:00,C00547,United Kingdom,web,desktop,home,view,106.09,0,0,not_applicable,,,False,0.0
2026-04-05 02:24:00,C00456,Sweden,web,ios,fashion,view,37.78,0,0,not_applicable,,,False,0.0
2026-04-05 02:27:00,C00430,Netherlands,web,ios,beauty,review,37.46,0,0,not_applicable,,1.0,False,0.0
2026-04-05 02:32:00,C00441,Ireland,physical_store,pos_terminal,fashion,view,25.21,0,0,not_applicable,,,False,0.0
2026-04-05 02:32:00,C00711,Germany,partner_marketplace,android,fashion,view,35.74,0,0,not_applicable,,,False,0.0
2026-04-05 02:43:00,C00076,Germany,partner_marketplace,tablet,grocery,purchase,28.92,1,5,pending,36.0,,False,23.92
2026-04-05 02:45:00,C00280,Germany,mobile_app,desktop,electronics,add_to_cart,115.82,0,0,not_applicable,,,False,0.0
2026-04-05 02:53:00,C00804,United Kingdom,mobile_app,desktop,electronics,view,74.39,0,0,not_applicable,,,False,0.0
2026-04-05 02:53:00,C00049,Netherlands,mobile_app,ios,electronics,view,151.63,0,0,not_applicable,,,False,0.0
2026-04-05 03:42:00,C00800,France,web,desktop,grocery,purchase,9.11,2,0,paid,54.0,,False,18.22
2026-04-05 04:00:00,C00189,Germany,web,desktop,beauty,view,22.84,0,0,not_applicable,,,False,0.0
2026-04-05 04:03:00,C00213,Germany,web,desktop,electronics,purchase,129.25,3,15,paid,53.0,,False,372.75
2026-04-05 04:17:00,C00886,Ireland,web,ios,beauty,view,26.33,0,0,not_applicable,,,False,0.0
2026-04-05 04:28:00,C00802,Germany,mobile_app,android,grocery,purchase,7.71,1,0,paid,72.0,,False,7.71
2026-04-05 04:33:00,C00109,Germany,partner_marketplace,android,beauty,purchase,49.34,1,0,paid,71.0,,False,49.34
2026-04-05 04:36:00,C00860,United Kingdom,mobile_app,android,grocery,review,18.01,0,0,not_applicable,,4.0,False,0.0
2026-04-05 04:44:00,C00420,,web,desktop,grocery,review,9.39,0,0,not_applicable,,5.0,False,0.0
2026-04-05 04:46:00,C00240,Germany,web,ios,grocery,purchase,10.81,2,15,pending,52.0,,False,6.62
2026-04-05 05:00:00,C00640,Germany,web,tablet,fashion,add_to_cart,48.64,0,0,not_applicable,,,False,0.0
2026-04-05 05:10:00,C00061,Netherlands,physical_store,pos_terminal,home,view,61.33,0,0,not_applicable,,,False,0.0
2026-04-05 05:27:00,C00699,France,web,android,electronics,purchase,214.0,1,15,paid,72.0,,False,199.0
2026-04-05 05:29:00,C00003,Germany,mobile_app,ios,fashion,add_to_cart,44.24,0,0,not_applicable,,,False,0.0
2026-04-05 05:55:00,C00072,Germany,mobile_app,desktop,electronics,review,226.82,0,0,not_applicable,,4.0,False,0.0
2026-04-05 06:06:00,C00529,Germany,web,desktop,fashion,return,31.96,1,0,not_applicable,,,True,31.96
2026-04-05 06:16:00,C00549,Netherlands,mobile_app,,grocery,purchase,6.58,1,0,paid,64.0,,False,6.58
2026-04-05 06:25:00,C00441,Sweden,mobile_app,ios,beauty,review,22.4,0,0,not_applicable,,5.0,False,0.0
2026-04-05 06:27:00,C00648,Netherlands,mobile_app,desktop,books,purchase,24.59,2,0,paid,56.0,,False,49.18
2026-04-05 06:51:00,C00332,Germany,mobile_app,android,home,purchase,54.56,1,10,failed,83.0,,False,44.56
2026-04-05 07:40:00,C00920,Germany,partner_marketplace,android,home,review,42.94,0,0,not_applicable,,3.0,False,0.0
2026-04-05 07:40:00,C00689,Ireland,web,desktop,sports,view,32.48,0,0,not_applicable,,,False,0.0
2026-04-05 07:41:00,C00381,United Kingdom,web,desktop,fashion,purchase,41.69,1,0,paid,70.0,,False,41.69
2026-04-05 07:42:00,C00007,Germany,web,desktop,home,add_to_cart,40.47,0,0,not_applicable,,,False,0.0
2026-04-05 07:43:00,C00794,Germany,physical_store,pos_terminal,beauty,purchase,34.32,1,10,paid,41.0,,False,24.32
2026-04-05 07:45:00,C00395,Netherlands,mobile_app,ios,beauty,purchase,41.49,2,0,paid,30.0,,False,82.98
2026-04-05 07:50:00,C00072,United Kingdom,web,android,grocery,purchase,17.33,1,0,paid,29.0,,False,17.33
2026-04-05 08:24:00,C00585,Germany,mobile_app,ios,beauty,purchase,19.66,2,0,paid,81.0,,False,39.32
2026-04-05 08:32:00,C00850,Germany,mobile_app,ios,fashion,view,57.08,0,0,not_applicable,,,False,0.0
2026-04-05 09:04:00,C00671,France,mobile_app,ios,electronics,view,125.15,0,0,not_applicable,,,False,0.0
2026-04-05 09:06:00,C00768,United Kingdom,web,ios,home,return,59.54,2,0,not_applicable,,,True,119.08
2026-04-05 09:12:00,C00465,United Kingdom,physical_store,pos_terminal,beauty,view,26.71,0,0,not_applicable,,,False,0.0
2026-04-05 09:20:00,C00260,United Kingdom,physical_store,pos_terminal,fashion,add_to_cart,47.96,0,0,not_applicable,,,False,0.0
2026-04-05 09:28:00,C00267,Sweden,mobile_app,ios,electronics,add_to_cart,223.19,0,0,not_applicable,,,False,0.0
2026-04-05 09:53:00,C00383,Sweden,web,android,electronics,add_to_cart,169.28,0,0,not_applicable,,,False,0.0
2026-04-05 10:02:00,C00260,France,partner_marketplace,ios,fashion,purchase,28.65,1,5,paid,69.0,,False,23.65
2026-04-05 10:05:00,C00027,United Kingdom,web,android,fashion,purchase,45.9,1,5,paid,53.0,,False,40.9
2026-04-05 10:13:00,C00489,United Kingdom,partner_marketplace,android,books,view,23.31,0,0,not_applicable,,,False,0.0
2026-04-05 10:13:00,C00593,Germany,web,desktop,home,view,113.06,0,0,not_applicable,,,False,0.0
2026-04-05 10:45:00,C00354,Germany,web,android,books,view,30.37,0,0,not_applicable,,,False,0.0
2026-04-05 10:45:00,C00760,Germany,mobile_app,desktop,fashion,add_to_cart,39.74,0,0,not_applicable,,,False,0.0
2026-04-05 10:50:00,C00677,United Kingdom,physical_store,pos_terminal,grocery,purchase,10.38,1,10,paid,46.0,,False,0.38
2026-04-05 11:01:00,C00698,Germany,physical_store,pos_terminal,electronics,review,156.94,0,0,not_applicable,,3.0,False,0.0
2026-04-05 11:40:00,C00051,United Kingdom,physical_store,pos_terminal,sports,add_to_cart,99.74,0,0,not_applicable,,,False,0.0
2026-04-05 11:46:00,C00887,United Kingdom,web,ios,electronics,review,62.11,0,0,not_applicable,,3.0,False,0.0
2026-04-05 11:46:00,C00662,Sweden,partner_marketplace,android,grocery,view,8.3,0,0,not_applicable,,,False,0.0
2026-04-05 11:57:00,C00947,Sweden,web,desktop,fashion,view,26.83,0,0,not_applicable,,,False,0.0
2026-04-05 11:59:00,C00285,Sweden,physical_store,pos_terminal,beauty,add_to_cart,14.18,0,0,not_applicable,,,False,0.0
2026-04-05 12:20:00,C00717,United Kingdom,mobile_app,desktop,electronics,view,99.32,0,0,not_applicable,,,False,0.0
2026-04-05 12:21:00,C00830,France,physical_store,pos_terminal,sports,view,28.22,0,0,not_applicable,,,False,0.0
2026-04-05 12:42:00,C00166,Germany,mobile_app,ios,grocery,purchase,15.86,2,30,paid,61.0,,False,1.72
2026-04-05 12:45:00,C00765,Sweden,physical_store,pos_terminal,home,purchase,80.02,2,10,paid,69.0,,False,150.04
2026-04-05 12:49:00,C00825,United Kingdom,mobile_app,desktop,electronics,review,84.0,0,0,not_applicable,,2.0,False,0.0
2026-04-05 13:05:00,C00549,Germany,web,ios,sports,view,64.52,0,0,not_applicable,,,False,0.0
2026-04-05 13:10:00,C00935,United Kingdom,mobile_app,ios,home,review,82.97,0,0,not_applicable,,4.0,False,0.0
2026-04-05 13:25:00,C00066,Germany,mobile_app,desktop,fashion,view,49.01,0,0,not_applicable,,,False,0.0
2026-04-05 13:28:00,C00585,Sweden,web,desktop,electronics,purchase,64.97,1,0,paid,22.0,,False,64.97
2026-04-05 13:44:00,C00399,France,mobile_app,ios,beauty,add_to_cart,27.26,0,0,not_applicable,,,False,0.0
2026-04-05 13:45:00,C00609,Germany,physical_store,pos_terminal,grocery,purchase,26.34,1,20,paid,93.0,,False,6.34
2026-04-05 13:52:00,C00266,Germany,web,android,grocery,purchase,4.84,2,5,paid,43.0,,False,4.68
2026-04-05 14:00:00,C00156,France,web,android,home,return,79.62,1,0,not_applicable,,,True,79.62
2026-04-05 14:05:00,C00843,United Kingdom,web,android,books,purchase,9.5,1,20,paid,28.0,,False,0.0
2026-04-05 14:21:00,C00302,Sweden,mobile_app,ios,electronics,view,102.96,0,0,not_applicable,,,False,0.0
2026-04-05 14:34:00,C00545,United Kingdom,physical_store,pos_terminal,books,add_to_cart,32.98,0,0,not_applicable,,,False,0.0
2026-04-05 14:34:00,C00519,France,physical_store,pos_terminal,sports,purchase,35.37,1,10,paid,72.0,,False,25.37
2026-04-05 14:43:00,C00404,Sweden,web,tablet,fashion,add_to_cart,71.35,0,0,not_applicable,,,False,0.0
2026-04-05 15:06:00,C00120,Netherlands,web,android,grocery,purchase,20.66,1,30,paid,36.0,,False,0.0
2026-04-05 15:08:00,C00522,Germany,mobile_app,ios,home,purchase,141.83,1,10,paid,78.0,,False,131.83
2026-04-05 15:17:00,C00381,Netherlands,partner_marketplace,android,grocery,purchase,3.78,1,10,paid,72.0,,False,0.0
2026-04-05 15:19:00,C00216,Ireland,web,android,grocery,purchase,8.44,1,20,paid,54.0,,False,0.0
2026-04-05 15:20:00,C00657,United Kingdom,partner_marketplace,android,books,purchase,5.73,4,5,paid,85.0,,False,17.92
2026-04-05 15:21:00,C00154,Germany,web,,electronics,purchase,413.41,1,0,paid,85.0,,False,413.41
2026-04-05 15:25:00,C00816,United Kingdom,mobile_app,desktop,grocery,purchase,18.55,1,0,paid,61.0,,False,18.55
2026-04-05 15:34:00,C00051,United Kingdom,mobile_app,,fashion,purchase,24.85,3,15,paid,71.0,,False,59.55
2026-04-05 15:39:00,C00615,Ireland,web,ios,grocery,purchase,11.02,1,10,paid,63.0,,False,1.02
2026-04-05 15:42:00,C00692,Sweden,mobile_app,android,beauty,view,31.88,0,0,not_applicable,,,False,0.0
2026-04-05 16:02:00,C00062,France,partner_marketplace,tablet,home,review,59.76,0,0,not_applicable,,3.0,False,0.0
2026-04-05 16:02:00,C00750,France,mobile_app,desktop,grocery,return,11.29,1,0,not_applicable,,,True,11.29
2026-04-05 16:04:00,C00596,France,web,ios,fashion,add_to_cart,73.12,0,0,not_applicable,,,False,0.0
2026-04-05 16:15:00,C00476,France,partner_marketplace,ios,beauty,review,32.19,0,0,not_applicable,,1.0,False,0.0
2026-04-05 16:33:00,C00017,United Kingdom,web,ios,beauty,purchase,26.49,1,0,paid,90.0,,False,26.49
2026-04-05 16:48:00,C00187,Netherlands,mobile_app,desktop,sports,add_to_cart,134.52,0,0,not_applicable,,,False,0.0
2026-04-05 17:03:00,C00209,Germany,web,desktop,beauty,purchase,28.71,1,0,pending,50.0,,False,28.71
2026-04-05 17:23:00,C00491,France,mobile_app,ios,beauty,purchase,12.99,1,0,paid,54.0,,False,12.99
2026-04-05 17:51:00,C00220,France,mobile_app,ios,electronics,view,182.26,0,0,not_applicable,,,False,0.0
2026-04-05 17:55:00,C00187,United Kingdom,partner_marketplace,android,fashion,purchase,30.2,1,0,paid,25.0,,False,30.2
2026-04-05 18:29:00,C00351,United Kingdom,partner_marketplace,android,books,purchase,7.54,1,0,paid,69.0,,False,7.54
2026-04-05 18:38:00,C00050,Germany,mobile_app,android,grocery,view,8.55,0,0,not_applicable,,,False,0.0
2026-04-05 18:47:00,C00467,Netherlands,physical_store,pos_terminal,grocery,view,17.8,0,0,not_applicable,,,False,0.0
2026-04-05 18:51:00,C00848,United Kingdom,mobile_app,android,grocery,view,11.32,0,0,not_applicable,,,False,0.0
2026-04-05 18:51:00,C00189,United Kingdom,mobile_app,desktop,electronics,view,86.62,0,0,not_applicable,,,False,0.0
2026-04-05 18:58:00,C00606,,physical_store,pos_terminal,home,view,72.4,0,0,not_applicable,,,False,0.0
2026-04-05 19:06:00,C00804,United Kingdom,web,ios,books,purchase,15.9,3,0,pending,60.0,,False,47.7
2026-04-05 19:14:00,C00949,Germany,mobile_app,tablet,beauty,view,28.28,0,0,not_applicable,,,False,0.0
2026-04-05 19:22:00,C00429,Sweden,physical_store,pos_terminal,beauty,purchase,25.94,1,5,paid,64.0,,False,20.94
2026-04-05 19:25:00,C00681,Netherlands,mobile_app,android,sports,return,51.12,1,0,not_applicable,,,True,51.12
2026-04-05 19:34:00,C00156,United Kingdom,mobile_app,ios,fashion,add_to_cart,34.2,0,0,not_applicable,,,False,0.0
2026-04-05 19:43:00,C00799,United Kingdom,partner_marketplace,android,books,view,20.0,0,0,not_applicable,,,False,0.0
2026-04-05 19:45:00,C00773,Germany,mobile_app,android,electronics,view,112.22,0,0,not_applicable,,,False,0.0
2026-04-05 19:53:00,C00611,United Kingdom,web,ios,electronics,return,102.34,1,0,not_applicable,,,True,102.34
2026-04-05 19:55:00,C00469,Netherlands,mobile_app,ios,grocery,review,11.88,0,0,not_applicable,,4.0,False,0.0
2026-04-05 20:01:00,C00274,Germany,physical_store,pos_terminal,home,add_to_cart,147.38,0,0,not_applicable,,,False,0.0
2026-04-05 20:10:00,C00514,Germany,physical_store,pos_terminal,home,purchase,87.81,2,0,paid,94.0,,True,175.62
2026-04-05 20:28:00,C00572,Germany,mobile_app,,grocery,view,10.81,0,0,not_applicable,,,False,0.0
2026-04-05 20:29:00,C00851,Germany,mobile_app,ios,beauty,purchase,40.78,1,0,paid,61.0,,False,40.78
2026-04-05 20:33:00,C00784,Germany,web,android,books,purchase,12.95,1,0,paid,91.0,,False,12.95
2026-04-05 20:35:00,C00886,Sweden,physical_store,pos_terminal,grocery,return,11.11,1,60,not_applicable,,,True,0.0
2026-04-05 20:42:00,C00189,Netherlands,mobile_app,android,fashion,purchase,25.94,2,5,paid,67.0,,False,46.88
2026-04-05 20:58:00,C00603,United Kingdom,mobile_app,desktop,sports,review,66.33,0,0,not_applicable,,4.0,False,0.0
2026-04-05 21:06:00,C00302,Germany,web,android,electronics,review,124.1,0,0,not_applicable,,3.0,False,0.0
2026-04-05 21:16:00,C00353,Netherlands,mobile_app,desktop,books,return,31.83,1,0,not_applicable,,,True,31.83
2026-04-05 21:19:00,C00616,Germany,web,android,beauty,view,24.92,0,0,not_applicable,,,False,0.0
2026-04-05 21:49:00,C00276,Ireland,mobile_app,ios,fashion,purchase,82.35,2,0,paid,46.0,,False,164.7
2026-04-05 21:55:00,C00282,Germany,mobile_app,tablet,beauty,purchase,12.56,1,5,paid,85.0,,False,7.56
2026-04-05 22:02:00,C00713,Germany,mobile_app,android,electronics,view,64.62,0,0,not_applicable,,,False,0.0
2026-04-05 22:07:00,C00753,United Kingdom,mobile_app,desktop,electronics,purchase,105.37,1,20,paid,47.0,,False,85.37
2026-04-05 22:21:00,C00277,Germany,web,desktop,fashion,add_to_cart,46.0,0,0,not_applicable,,,False,0.0
2026-04-05 22:26:00,C00435,Germany,web,ios,electronics,purchase,280.99,1,30,paid,56.0,,False,250.99
2026-04-05 22:35:00,C00020,France,web,android,home,view,109.29,0,0,not_applicable,,,False,0.0
2026-04-05 22:45:00,C00023,Sweden,physical_store,pos_terminal,electronics,purchase,165.25,2,0,paid,46.0,,False,330.5
2026-04-05 22:54:00,C00856,Germany,mobile_app,ios,beauty,add_to_cart,8.69,0,0,not_applicable,,,False,0.0
2026-04-05 23:00:00,C00525,Germany,web,android,home,return,67.97,1,0,not_applicable,,,True,67.97
2026-04-05 23:08:00,C00754,Ireland,mobile_app,ios,books,purchase,14.85,1,5,pending,71.0,,False,9.85
2026-04-05 23:14:00,C00360,United Kingdom,mobile_app,desktop,books,purchase,25.61,1,0,paid,53.0,,False,25.61
2026-04-05 23:15:00,C00732,Germany,web,android,fashion,add_to_cart,46.75,0,0,not_applicable,,,False,0.0
2026-04-05 23:23:00,C00889,United Kingdom,mobile_app,ios,books,add_to_cart,26.7,0,0,not_applicable,,,False,0.0
2026-04-05 23:25:00,C00898,Germany,mobile_app,desktop,home,return,59.73,1,0,not_applicable,,,True,59.73
2026-04-05 23:49:00,C00010,Germany,mobile_app,android,fashion,add_to_cart,36.07,0,0,not_applicable,,,False,0.0
2026-04-06 00:05:00,C00096,Ireland,web,ios,sports,purchase,41.62,2,0,paid,41.0,,False,83.24
2026-04-06 00:11:00,C00706,Germany,web,ios,electronics,view,78.48,0,0,not_applicable,,,False,0.0
2026-04-06 00:13:00,C00203,Sweden,mobile_app,android,beauty,view,31.46,0,0,not_applicable,,,False,0.0
2026-04-06 00:20:00,C00799,United Kingdom,mobile_app,android,fashion,view,121.72,0,0,not_applicable,,,False,0.0
2026-04-06 00:40:00,C00727,United Kingdom,web,ios,fashion,view,33.08,0,0,not_applicable,,,False,0.0
2026-04-06 00:48:00,C00061,United Kingdom,partner_marketplace,tablet,sports,view,42.56,0,0,not_applicable,,,False,0.0
2026-04-06 00:53:00,C00673,Netherlands,web,android,fashion,add_to_cart,42.28,0,0,not_applicable,,,False,0.0
2026-04-06 01:16:00,C00354,Germany,physical_store,pos_terminal,home,return,42.15,1,0,not_applicable,,,True,42.15
2026-04-06 01:18:00,C00507,Sweden,web,android,fashion,purchase,70.11,1,20,paid,42.0,,False,50.11
2026-04-06 01:34:00,C00461,United Kingdom,partner_marketplace,ios,grocery,view,14.74,0,0,not_applicable,,,False,0.0
2026-04-06 01:44:00,C00014,Germany,partner_marketplace,desktop,fashion,view,57.51,0,0,not_applicable,,,False,0.0
2026-04-06 01:49:00,C00465,Ireland,mobile_app,desktop,sports,purchase,97.03,1,10,paid,44.0,,False,87.03
2026-04-06 01:57:00,C00531,France,physical_store,pos_terminal,home,review,65.26,0,0,not_applicable,,4.0,False,0.0
2026-04-06 02:08:00,C00638,United Kingdom,mobile_app,android,fashion,view,47.84,0,0,not_applicable,,,False,0.0
2026-04-06 02:14:00,C00830,Germany,physical_store,pos_terminal,fashion,return,22.53,2,0,not_applicable,,,True,45.06
2026-04-06 02:33:00,C00683,Netherlands,web,ios,electronics,view,57.04,0,0,not_applicable,,,False,0.0
2026-04-06 02:41:00,C00271,Netherlands,mobile_app,ios,electronics,review,62.69,0,0,not_applicable,,3.0,False,0.0
2026-04-06 02:42:00,C00847,Germany,physical_store,pos_terminal,fashion,review,37.06,0,0,not_applicable,,4.0,False,0.0
2026-04-06 02:46:00,C00867,United Kingdom,mobile_app,desktop,sports,add_to_cart,47.99,0,0,not_applicable,,,False,0.0
2026-04-06 02:48:00,C00739,Germany,web,desktop,fashion,view,41.55,0,0,not_applicable,,,False,0.0
2026-04-06 02:50:00,C00280,Netherlands,mobile_app,desktop,electronics,purchase,179.65,1,5,paid,41.0,,False,174.65
2026-04-06 02:51:00,C00097,Germany,mobile_app,desktop,electronics,view,278.6,0,0,not_applicable,,,False,0.0
2026-04-06 03:00:00,C00155,Germany,web,ios,fashion,view,34.05,0,0,not_applicable,,,False,0.0
2026-04-06 03:05:00,C00343,United Kingdom,mobile_app,ios,fashion,purchase,36.46,3,15,paid,73.0,,False,94.38
2026-04-06 03:05:00,C00010,Germany,mobile_app,android,fashion,return,37.54,1,0,not_applicable,,,True,37.54
2026-04-06 03:13:00,C00934,Sweden,mobile_app,android,beauty,purchase,18.48,3,0,paid,86.0,,False,55.44
2026-04-06 03:13:00,C00911,Germany,partner_marketplace,ios,sports,view,56.74,0,0,not_applicable,,,False,0.0
2026-04-06 03:20:00,C00220,Sweden,mobile_app,ios,grocery,purchase,30.7,1,15,pending,51.0,,False,15.7
2026-04-06 03:33:00,C00378,Germany,physical_store,pos_terminal,fashion,view,61.5,0,0,not_applicable,,,False,0.0
2026-04-06 03:40:00,C00190,Germany,mobile_app,android,home,view,85.74,0,0,not_applicable,,,False,0.0
2026-04-06 03:46:00,C00156,Germany,mobile_app,android,beauty,view,63.53,0,0,not_applicable,,,False,0.0
2026-04-06 03:59:00,C00250,Germany,mobile_app,ios,sports,view,45.25,0,0,not_applicable,,,False,0.0
2026-04-06 04:38:00,C00408,Germany,mobile_app,desktop,home,view,55.13,0,0,not_applicable,,,False,0.0
2026-04-06 04:39:00,C00924,United Kingdom,physical_store,pos_terminal,beauty,add_to_cart,32.9,0,0,not_applicable,,,False,0.0
2026-04-06 04:56:00,C00862,United Kingdom,mobile_app,desktop,books,view,28.71,0,0,not_applicable,,,False,0.0
2026-04-06 04:59:00,C00699,Germany,partner_marketplace,android,grocery,add_to_cart,12.77,0,0,not_applicable,,,False,0.0
2026-04-06 05:42:00,C00442,Sweden,mobile_app,desktop,sports,purchase,97.14,1,5,paid,38.0,,False,92.14
2026-04-06 05:42:00,C00566,Sweden,mobile_app,desktop,grocery,review,12.3,0,0,not_applicable,,3.0,False,0.0
2026-04-06 05:45:00,C00708,Germany,partner_marketplace,ios,grocery,view,25.52,0,0,not_applicable,,,False,0.0
2026-04-06 05:52:00,C00917,Germany,physical_store,pos_terminal,fashion,view,51.52,0,0,not_applicable,,,False,0.0
2026-04-06 05:54:00,C00822,Ireland,physical_store,pos_terminal,fashion,add_to_cart,23.87,0,0,not_applicable,,,False,0.0
2026-04-06 05:54:00,C00732,United Kingdom,web,ios,beauty,add_to_cart,23.85,0,0,not_applicable,,,False,0.0
2026-04-06 05:56:00,C00136,France,mobile_app,android,fashion,purchase,57.5,2,5,paid,43.0,,False,110.0
2026-04-06 05:57:00,C00708,Sweden,web,desktop,grocery,return,23.56,1,0,not_applicable,,,True,23.56
2026-04-06 06:05:00,C00944,Germany,web,android,fashion,return,68.6,1,0,not_applicable,,,True,68.6
2026-04-06 06:06:00,C00673,United Kingdom,partner_marketplace,ios,fashion,review,74.58,0,0,not_applicable,,5.0,False,0.0
2026-04-06 06:12:00,C00430,Germany,physical_store,pos_terminal,books,review,18.01,0,60,not_applicable,,1.0,False,0.0
2026-04-06 06:25:00,C00075,Germany,web,android,electronics,view,123.75,0,0,not_applicable,,,False,0.0
2026-04-06 06:32:00,C00847,Ireland,physical_store,pos_terminal,fashion,purchase,137.18,1,15,paid,74.0,,False,122.18
2026-04-06 06:34:00,C00823,Germany,web,desktop,sports,purchase,71.19,1,0,paid,33.0,,False,71.19
2026-04-06 06:44:00,C00076,France,partner_marketplace,desktop,fashion,add_to_cart,32.82,0,0,not_applicable,,,False,0.0
2026-04-06 06:54:00,C00621,Germany,web,android,electronics,view,83.1,0,0,not_applicable,,,False,0.0
2026-04-06 06:57:00,C00269,Germany,web,tablet,electronics,view,70.61,0,0,not_applicable,,,False,0.0
2026-04-06 07:14:00,C00939,Germany,web,tablet,beauty,view,56.93,0,0,not_applicable,,,False,0.0
2026-04-06 07:24:00,C00735,Germany,mobile_app,desktop,fashion,view,30.35,0,0,not_applicable,,,False,0.0
2026-04-06 07:29:00,C00690,Sweden,physical_store,pos_terminal,beauty,add_to_cart,17.13,0,0,not_applicable,,,False,0.0
2026-04-06 07:59:00,C00505,France,web,desktop,electronics,review,317.68,0,0,not_applicable,,1.0,False,0.0
2026-04-06 08:00:00,C00682,France,mobile_app,desktop,fashion,purchase,65.95,1,5,pending,36.0,,False,60.95
2026-04-06 08:24:00,C00612,Germany,partner_marketplace,android,beauty,view,14.97,0,0,not_applicable,,,False,0.0
2026-04-06 08:30:00,C00058,Germany,mobile_app,android,fashion,review,68.46,0,0,not_applicable,,4.0,False,0.0
2026-04-06 08:37:00,C00345,France,partner_marketplace,ios,beauty,view,12.32,0,0,not_applicable,,,False,0.0
2026-04-06 08:47:00,C00584,Sweden,physical_store,pos_terminal,electronics,purchase,243.98,1,0,paid,64.0,,False,243.98
2026-04-06 08:51:00,C00574,France,partner_marketplace,android,fashion,add_to_cart,32.85,0,0,not_applicable,,,False,0.0
2026-04-06 08:52:00,C00597,Germany,mobile_app,desktop,sports,view,52.69,0,0,not_applicable,,,False,0.0
2026-04-06 09:07:00,C00406,France,partner_marketplace,android,electronics,view,66.71,0,0,not_applicable,,,False,0.0
2026-04-06 09:12:00,C00389,Germany,web,android,fashion,view,107.39,0,0,not_applicable,,,False,0.0
2026-04-06 09:12:00,C00811,Germany,physical_store,pos_terminal,electronics,review,110.66,0,0,not_applicable,,2.0,False,0.0
2026-04-06 09:22:00,C00456,United Kingdom,physical_store,pos_terminal,electronics,return,106.54,1,0,not_applicable,,,True,106.54
2026-04-06 09:24:00,C00134,France,physical_store,pos_terminal,fashion,view,64.1,0,0,not_applicable,,,False,0.0
2026-04-06 09:29:00,C00688,Netherlands,web,desktop,fashion,view,65.02,0,0,not_applicable,,,False,0.0
2026-04-06 09:31:00,C00231,Germany,mobile_app,desktop,electronics,return,103.08,1,0,not_applicable,,,True,103.08
2026-04-06 09:40:00,C00899,France,physical_store,pos_terminal,sports,purchase,61.71,2,5,paid,71.0,,False,118.42
2026-04-06 09:47:00,C00084,United Kingdom,partner_marketplace,android,fashion,add_to_cart,52.13,0,0,not_applicable,,,False,0.0
2026-04-06 09:49:00,C00269,Germany,mobile_app,android,electronics,review,181.64,0,0,not_applicable,,3.0,False,0.0
2026-04-06 09:55:00,C00302,United Kingdom,web,ios,home,add_to_cart,64.2,0,0,not_applicable,,,False,0.0
2026-04-06 10:02:00,C00049,France,physical_store,pos_terminal,sports,review,75.45,0,0,not_applicable,,3.0,False,0.0
2026-04-06 10:17:00,C00604,Netherlands,mobile_app,android,sports,view,17.93,0,0,not_applicable,,,False,0.0
2026-04-06 10:36:00,C00340,Ireland,mobile_app,ios,fashion,view,52.31,0,0,not_applicable,,,False,0.0
2026-04-06 10:38:00,C00522,Germany,web,ios,beauty,add_to_cart,62.08,0,0,not_applicable,,,False,0.0
2026-04-06 10:50:00,C00417,Netherlands,mobile_app,tablet,home,add_to_cart,59.73,0,0,not_applicable,,,False,0.0
2026-04-06 10:54:00,C00856,Netherlands,mobile_app,desktop,sports,view,59.61,0,0,not_applicable,,,False,0.0
2026-04-06 10:57:00,C00116,United Kingdom,partner_marketplace,ios,beauty,purchase,48.76,1,30,paid,67.0,,False,18.76
2026-04-06 11:02:00,C00160,United Kingdom,mobile_app,desktop,grocery,purchase,10.38,2,30,paid,38.0,,False,0.0
2026-04-06 11:08:00,C00940,Germany,web,android,electronics,view,74.71,0,0,not_applicable,,,False,0.0
2026-04-06 11:25:00,C00881,France,partner_marketplace,desktop,grocery,purchase,17.39,1,0,paid,75.0,,False,17.39
2026-04-06 11:28:00,C00722,Germany,web,android,fashion,return,35.59,1,0,not_applicable,,,True,35.59
2026-04-06 11:28:00,C00265,Sweden,web,ios,fashion,return,76.81,1,0,not_applicable,,,True,76.81
2026-04-06 11:29:00,C00017,Germany,physical_store,pos_terminal,books,review,32.64,0,0,not_applicable,,3.0,False,0.0
2026-04-06 11:33:00,C00536,United Kingdom,web,desktop,electronics,review,164.33,0,0,not_applicable,,2.0,False,0.0
2026-04-06 11:49:00,C00139,Germany,web,desktop,grocery,view,9.62,0,0,not_applicable,,,False,0.0
2026-04-06 11:54:00,C00348,Ireland,mobile_app,ios,books,view,36.06,0,0,not_applicable,,,False,0.0
2026-04-06 12:05:00,C00272,,partner_marketplace,ios,sports,view,39.46,0,0,not_applicable,,,False,0.0
2026-04-06 12:06:00,C00436,Netherlands,physical_store,pos_terminal,home,review,60.97,0,0,not_applicable,,2.0,False,0.0
2026-04-06 12:14:00,C00930,Sweden,mobile_app,android,home,view,189.35,0,0,not_applicable,,,False,0.0
2026-04-06 12:17:00,C00217,Germany,partner_marketplace,android,beauty,return,16.16,1,0,not_applicable,,,True,16.16
2026-04-06 12:19:00,C00590,Ireland,mobile_app,android,books,add_to_cart,33.42,0,0,not_applicable,,,False,0.0
2026-04-06 12:26:00,C00522,Sweden,mobile_app,ios,grocery,purchase,12.02,1,30,paid,90.0,,False,0.0
2026-04-06 12:28:00,C00767,Germany,web,ios,grocery,view,10.0,0,0,not_applicable,,,False,0.0
2026-04-06 12:34:00,C00340,Netherlands,mobile_app,ios,electronics,add_to_cart,236.99,0,0,not_applicable,,,False,0.0
2026-04-06 12:38:00,C00379,Germany,physical_store,pos_terminal,grocery,add_to_cart,14.17,0,0,not_applicable,,,False,0.0
2026-04-06 12:57:00,C00597,Germany,mobile_app,desktop,fashion,view,47.18,0,0,not_applicable,,,False,0.0
2026-04-06 12:57:00,C00874,Ireland,partner_marketplace,android,fashion,purchase,61.53,1,0,paid,87.0,,False,61.53
2026-04-06 13:02:00,C00729,Germany,physical_store,pos_terminal,electronics,purchase,197.93,1,10,pending,52.0,,False,187.93
2026-04-06 13:23:00,C00859,Germany,web,desktop,home,purchase,118.25,2,0,paid,47.0,,False,236.5
2026-04-06 13:24:00,C00880,Ireland,web,tablet,beauty,purchase,31.14,1,10,paid,63.0,,False,21.14
2026-04-06 13:31:00,C00756,Germany,web,ios,beauty,view,28.44,0,0,not_applicable,,,False,0.0
2026-04-06 13:41:00,C00209,United Kingdom,partner_marketplace,desktop,sports,view,27.73,0,0,not_applicable,,,False,0.0
2026-04-06 13:49:00,C00700,France,physical_store,,fashion,view,113.73,0,0,not_applicable,,,False,0.0
2026-04-06 13:58:00,C00732,United Kingdom,mobile_app,android,electronics,review,38.47,0,0,not_applicable,,3.0,False,0.0
2026-04-06 14:00:00,C00776,Netherlands,partner_marketplace,desktop,electronics,review,120.0,0,0,not_applicable,,1.0,False,0.0
2026-04-06 14:04:00,C00481,Germany,web,android,fashion,view,14.44,0,0,not_applicable,,,False,0.0
2026-04-06 14:21:00,C00632,United Kingdom,physical_store,pos_terminal,books,add_to_cart,39.13,0,0,not_applicable,,,False,0.0
2026-04-06 14:23:00,C00609,Germany,mobile_app,desktop,beauty,purchase,25.34,4,10,pending,74.0,,False,91.36
2026-04-06 14:26:00,C00252,Ireland,physical_store,pos_terminal,fashion,add_to_cart,59.73,0,0,not_applicable,,,False,0.0
2026-04-06 14:27:00,C00080,France,physical_store,pos_terminal,electronics,view,106.08,0,0,not_applicable,,,False,0.0
2026-04-06 14:31:00,C00925,Germany,mobile_app,ios,fashion,purchase,69.57,2,15,paid,95.0,,False,124.14
2026-04-06 14:32:00,C00477,Netherlands,mobile_app,ios,fashion,view,38.13,0,0,not_applicable,,,False,0.0
2026-04-06 14:38:00,C00773,Ireland,mobile_app,desktop,sports,purchase,41.66,3,10,paid,58.0,,False,114.98
2026-04-06 14:43:00,C00113,Sweden,web,tablet,fashion,view,22.89,0,0,not_applicable,,,False,0.0
2026-04-06 15:15:00,C00233,United Kingdom,partner_marketplace,android,sports,review,30.85,0,0,not_applicable,,5.0,False,0.0
2026-04-06 15:16:00,C00542,Sweden,mobile_app,desktop,home,view,52.66,0,0,not_applicable,,,False,0.0
2026-04-06 15:19:00,C00381,Sweden,mobile_app,android,home,view,212.33,0,0,not_applicable,,,False,0.0
2026-04-06 15:34:00,C00545,Ireland,physical_store,pos_terminal,grocery,purchase,10.25,2,30,paid,50.0,,False,0.0
2026-04-06 15:40:00,C00455,Germany,web,android,home,add_to_cart,34.68,0,0,not_applicable,,,False,0.0
2026-04-06 15:48:00,C00329,Germany,mobile_app,android,fashion,view,41.19,0,0,not_applicable,,,False,0.0
2026-04-06 15:50:00,C00217,United Kingdom,web,ios,electronics,purchase,155.88,2,15,failed,61.0,,False,296.76
2026-04-06 15:51:00,C00809,Germany,web,ios,electronics,return,216.21,1,0,not_applicable,,,True,216.21
2026-04-06 15:56:00,C00199,France,mobile_app,android,home,review,59.44,0,0,not_applicable,,2.0,False,0.0
2026-04-06 16:26:00,C00671,Sweden,physical_store,pos_terminal,grocery,review,12.05,0,0,not_applicable,,2.0,False,0.0
2026-04-06 16:33:00,C00073,Germany,web,android,grocery,review,5.99,0,0,not_applicable,,3.0,False,0.0
2026-04-06 16:36:00,C00407,Netherlands,web,tablet,electronics,view,85.51,0,0,not_applicable,,,False,0.0
2026-04-06 16:37:00,C00578,Netherlands,mobile_app,android,fashion,add_to_cart,47.11,0,0,not_applicable,,,False,0.0
2026-04-06 16:49:00,C00433,Germany,physical_store,pos_terminal,grocery,return,10.33,1,0,not_applicable,,,True,10.33
2026-04-06 16:54:00,C00078,United Kingdom,physical_store,pos_terminal,grocery,view,22.05,0,0,not_applicable,,,False,0.0
2026-04-06 16:57:00,C00542,Germany,physical_store,pos_terminal,fashion,add_to_cart,40.94,0,0,not_applicable,,,False,0.0
2026-04-06 17:03:00,C00767,France,mobile_app,ios,beauty,purchase,21.16,1,5,paid,43.0,,False,16.16
2026-04-06 17:05:00,C00384,Ireland,partner_marketplace,tablet,fashion,purchase,37.25,2,0,failed,30.0,,False,74.5
2026-04-06 17:06:00,C00527,United Kingdom,mobile_app,desktop,beauty,purchase,31.11,1,5,paid,69.0,,False,26.11
2026-04-06 17:09:00,C00363,Germany,web,android,electronics,purchase,133.06,1,15,paid,60.0,,False,118.06
2026-04-06 17:33:00,C00358,Germany,mobile_app,android,fashion,view,52.46,0,0,not_applicable,,,False,0.0
2026-04-06 17:33:00,C00078,Germany,web,tablet,beauty,view,24.37,0,0,not_applicable,,,False,0.0
2026-04-06 17:41:00,C00782,Ireland,web,android,grocery,purchase,9.19,1,0,paid,25.0,,False,9.19
2026-04-06 17:43:00,C00725,Germany,web,ios,grocery,add_to_cart,7.39,0,0,not_applicable,,,False,0.0
2026-04-06 17:49:00,C00580,Germany,mobile_app,desktop,home,purchase,44.55,2,0,paid,74.0,,True,89.1
2026-04-06 17:52:00,C00277,Germany,web,desktop,grocery,view,9.51,0,0,not_applicable,,,False,0.0
2026-04-06 18:12:00,C00343,Germany,web,desktop,electronics,purchase,80.67,1,0,paid,82.0,,False,80.67
2026-04-06 18:25:00,C00647,Ireland,web,android,grocery,purchase,20.6,1,0,paid,69.0,,False,20.6
2026-04-06 18:27:00,C00889,Germany,mobile_app,android,fashion,add_to_cart,68.81,0,0,not_applicable,,,False,0.0
2026-04-06 18:43:00,C00160,France,web,desktop,beauty,review,26.4,0,0,not_applicable,,4.0,False,0.0
2026-04-06 18:47:00,C00051,United Kingdom,physical_store,pos_terminal,home,review,88.58,0,0,not_applicable,,4.0,False,0.0
2026-04-06 18:51:00,C00487,United Kingdom,mobile_app,ios,sports,view,70.61,0,0,not_applicable,,,False,0.0
2026-04-06 18:56:00,C00331,Germany,web,ios,electronics,view,131.26,0,0,not_applicable,,,False,0.0
2026-04-06 18:58:00,C00183,Netherlands,mobile_app,android,sports,review,52.38,0,0,not_applicable,,2.0,False,0.0
2026-04-06 19:11:00,C00398,Netherlands,physical_store,pos_terminal,grocery,purchase,18.58,1,5,paid,54.0,,False,13.58
2026-04-06 19:40:00,C00755,Germany,web,tablet,grocery,purchase,12.75,2,5,paid,36.0,,False,20.5
2026-04-06 19:40:00,C00924,Germany,web,ios,books,review,44.75,0,0,not_applicable,,3.0,False,0.0
2026-04-06 19:44:00,C00004,Germany,partner_marketplace,ios,beauty,purchase,16.01,1,5,paid,70.0,,False,11.01
2026-04-06 19:45:00,C00179,Germany,mobile_app,ios,sports,view,68.66,0,0,not_applicable,,,False,0.0
2026-04-06 19:51:00,C00611,Germany,mobile_app,desktop,books,add_to_cart,25.19,0,0,not_applicable,,,False,0.0
2026-04-06 20:39:00,C00801,Netherlands,mobile_app,android,fashion,purchase,47.08,3,10,paid,76.0,,False,131.24
2026-04-06 20:45:00,C00418,Netherlands,physical_store,pos_terminal,grocery,review,7.6,0,0,not_applicable,,3.0,False,0.0
2026-04-06 20:54:00,C00082,Ireland,mobile_app,ios,fashion,purchase,107.15,1,20,failed,41.0,,False,87.15
2026-04-06 20:58:00,C00458,Ireland,mobile_app,desktop,beauty,purchase,25.9,1,0,paid,76.0,,False,25.9
2026-04-06 21:02:00,C00300,United Kingdom,web,desktop,books,purchase,36.12,1,15,paid,50.0,,False,21.12
2026-04-06 21:03:00,C00679,Germany,web,android,electronics,view,38.03,0,0,not_applicable,,,False,0.0
2026-04-06 21:15:00,C00805,Germany,mobile_app,ios,fashion,return,50.26,1,0,not_applicable,,,True,50.26
2026-04-06 21:18:00,C00637,Ireland,mobile_app,desktop,home,view,119.99,0,0,not_applicable,,,False,0.0
2026-04-06 21:38:00,C00513,Germany,web,ios,fashion,purchase,51.8,1,0,paid,27.0,,False,51.8
2026-04-06 21:40:00,C00513,Sweden,mobile_app,tablet,fashion,view,47.4,0,0,not_applicable,,,False,0.0
2026-04-06 21:49:00,C00127,Sweden,web,ios,grocery,return,12.2,1,0,not_applicable,,,True,12.2
2026-04-06 21:54:00,C00799,United Kingdom,mobile_app,desktop,fashion,purchase,43.51,1,20,paid,94.0,,False,23.51
2026-04-06 22:01:00,C00278,Germany,physical_store,pos_terminal,grocery,view,17.23,0,0,not_applicable,,,False,0.0
2026-04-06 22:08:00,C00072,Germany,physical_store,pos_terminal,grocery,view,23.84,0,0,not_applicable,,,False,0.0
2026-04-06 22:11:00,C00079,Germany,physical_store,pos_terminal,home,add_to_cart,71.07,0,0,not_applicable,,,False,0.0
2026-04-06 22:19:00,C00536,Germany,mobile_app,desktop,electronics,add_to_cart,72.07,0,0,not_applicable,,,False,0.0
2026-04-06 22:25:00,C00365,United Kingdom,web,ios,fashion,return,33.92,1,0,not_applicable,,,True,33.92
2026-04-06 22:50:00,C00302,France,mobile_app,ios,grocery,purchase,11.02,1,0,paid,50.0,,False,11.02
2026-04-06 22:52:00,C00371,Germany,mobile_app,desktop,grocery,review,12.4,0,0,not_applicable,,3.0,False,0.0
2026-04-06 22:52:00,C00015,Sweden,mobile_app,tablet,fashion,review,47.97,0,0,not_applicable,,3.0,False,0.0
2026-04-06 22:57:00,C00411,Germany,mobile_app,tablet,books,add_to_cart,11.32,0,0,not_applicable,,,False,0.0
2026-04-06 23:12:00,C00160,Germany,web,ios,grocery,purchase,13.64,1,15,paid,40.0,,False,0.0
2026-04-06 23:15:00,C00747,Sweden,physical_store,pos_terminal,fashion,view,48.95,0,0,not_applicable,,,False,0.0
2026-04-06 23:24:00,C00717,Germany,web,android,beauty,purchase,30.47,1,0,paid,50.0,,False,30.47
2026-04-06 23:42:00,C00182,United Kingdom,physical_store,pos_terminal,sports,purchase,43.64,2,0,paid,58.0,,False,87.28
2026-04-06 23:45:00,C00175,United Kingdom,physical_store,pos_terminal,sports,purchase,105.41,2,20,paid,61.0,,False,190.82
2026-04-06 23:53:00,C00725,Germany,mobile_app,,fashion,purchase,103.67,1,0,paid,42.0,,False,103.67
2026-04-06 23:59:00,C00290,Germany,web,,home,view,55.48,0,0,not_applicable,,,False,0.0
2026-04-07 00:09:00,C00488,Germany,partner_marketplace,ios,fashion,view,19.82,0,0,not_applicable,,,False,0.0
2026-04-07 00:19:00,C00583,Germany,mobile_app,android,sports,view,37.17,0,0,not_applicable,,,False,0.0
2026-04-07 00:23:00,C00705,France,mobile_app,ios,beauty,return,37.05,1,0,not_applicable,,,True,37.05
2026-04-07 00:25:00,C00106,United Kingdom,mobile_app,desktop,home,add_to_cart,53.03,0,0,not_applicable,,,False,0.0
2026-04-07 00:28:00,C00686,United Kingdom,physical_store,pos_terminal,fashion,purchase,96.5,4,10,paid,86.0,,False,376.0
2026-04-07 00:39:00,C00774,Germany,web,tablet,beauty,view,41.27,0,0,not_applicable,,,False,0.0
2026-04-07 00:51:00,C00277,Germany,web,ios,sports,view,74.94,0,0,not_applicable,,,False,0.0
2026-04-07 01:21:00,C00868,France,mobile_app,desktop,home,view,130.1,0,0,not_applicable,,,False,0.0
2026-04-07 01:35:00,C00811,Germany,physical_store,pos_terminal,beauty,review,33.76,0,0,not_applicable,,3.0,False,0.0
2026-04-07 01:52:00,C00586,United Kingdom,web,ios,grocery,review,13.55,0,0,not_applicable,,5.0,False,0.0
2026-04-07 02:12:00,C00508,Netherlands,mobile_app,android,sports,purchase,135.48,2,10,paid,47.0,,False,260.96
2026-04-07 02:18:00,C00426,Germany,web,desktop,fashion,purchase,19.52,1,30,paid,36.0,,False,0.0
2026-04-07 02:26:00,C00828,France,mobile_app,desktop,fashion,view,137.62,0,0,not_applicable,,,False,0.0
2026-04-07 02:30:00,C00681,Germany,web,tablet,home,return,154.65,1,0,not_applicable,,,True,154.65
2026-04-07 02:31:00,C00244,United Kingdom,mobile_app,desktop,grocery,purchase,10.85,2,0,paid,38.0,,False,21.7
2026-04-07 03:22:00,C00517,Germany,web,tablet,fashion,view,41.89,0,0,not_applicable,,,False,0.0
2026-04-07 03:28:00,C00550,Ireland,web,android,books,view,5.44,0,0,not_applicable,,,False,0.0
2026-04-07 04:05:00,C00475,United Kingdom,web,android,beauty,purchase,33.78,2,10,paid,49.0,,False,57.56
2026-04-07 04:08:00,C00594,Sweden,physical_store,pos_terminal,electronics,view,286.95,0,0,not_applicable,,,False,0.0
2026-04-07 04:29:00,C00451,France,mobile_app,android,beauty,purchase,11.84,1,0,paid,48.0,,False,11.84
2026-04-07 04:34:00,C00201,Germany,physical_store,pos_terminal,grocery,purchase,9.98,2,15,paid,53.0,,False,4.96
2026-04-07 04:43:00,C00880,Sweden,mobile_app,android,fashion,purchase,54.58,1,0,paid,17.0,,False,54.58
2026-04-07 04:58:00,C00914,Ireland,web,android,home,purchase,62.62,2,15,paid,35.0,,False,110.24
2026-04-07 05:02:00,C00910,Sweden,mobile_app,android,home,purchase,39.42,1,0,failed,105.0,,False,39.42
2026-04-07 05:21:00,C00072,United Kingdom,mobile_app,ios,beauty,view,31.3,0,0,not_applicable,,,False,0.0
2026-04-07 05:40:00,C00530,Germany,web,ios,fashion,review,52.27,0,0,not_applicable,,3.0,False,0.0
2026-04-07 05:44:00,C00475,United Kingdom,mobile_app,android,electronics,purchase,67.32,2,0,paid,81.0,,False,134.64
2026-04-07 05:47:00,C00119,France,mobile_app,ios,fashion,purchase,54.14,1,15,paid,74.0,,False,39.14
2026-04-07 05:51:00,C00291,Germany,physical_store,pos_terminal,beauty,return,18.95,1,0,not_applicable,,,True,18.95
2026-04-07 06:00:00,C00827,Germany,web,ios,electronics,view,75.56,0,0,not_applicable,,,False,0.0
2026-04-07 06:07:00,C00098,Ireland,web,desktop,beauty,purchase,14.13,1,0,paid,82.0,,False,14.13
2026-04-07 06:14:00,C00121,Sweden,web,android,beauty,view,42.43,0,0,not_applicable,,,False,0.0
2026-04-07 06:17:00,C00285,France,partner_marketplace,android,sports,purchase,69.38,1,5,paid,69.0,,False,64.38
2026-04-07 06:22:00,C00836,Germany,mobile_app,desktop,fashion,purchase,24.84,1,5,failed,45.0,,False,19.84
2026-04-07 06:23:00,C00461,Germany,partner_marketplace,ios,electronics,purchase,77.47,2,30,paid,108.0,,False,124.94
2026-04-07 06:27:00,C00838,Germany,mobile_app,ios,grocery,view,11.69,0,0,not_applicable,,,False,0.0
2026-04-07 06:44:00,C00326,Ireland,physical_store,pos_terminal,home,review,34.89,0,0,not_applicable,,5.0,False,0.0
2026-04-07 06:51:00,C00202,Germany,mobile_app,android,home,purchase,76.15,1,10,paid,68.0,,False,66.15
2026-04-07 06:54:00,C00206,Ireland,mobile_app,desktop,grocery,view,15.08,0,0,not_applicable,,,False,0.0
2026-04-07 06:55:00,C00632,Netherlands,physical_store,pos_terminal,grocery,purchase,4.99,1,20,paid,38.0,,False,0.0
2026-04-07 06:58:00,C00860,Germany,mobile_app,android,sports,view,40.9,0,0,not_applicable,,,False,0.0
2026-04-07 07:10:00,C00939,Germany,web,desktop,home,purchase,61.4,1,10,paid,64.0,,False,51.4
2026-04-07 07:11:00,C00057,Germany,physical_store,pos_terminal,electronics,return,82.84,1,0,not_applicable,,,True,82.84
2026-04-07 07:13:00,C00279,Netherlands,web,desktop,electronics,purchase,167.42,1,5,paid,42.0,,False,162.42
2026-04-07 07:16:00,C00515,United Kingdom,mobile_app,tablet,fashion,return,39.14,2,0,not_applicable,,,True,78.28
2026-04-07 07:23:00,C00242,Germany,web,android,books,review,17.36,0,0,not_applicable,,4.0,False,0.0
2026-04-07 07:27:00,C00845,Germany,web,android,electronics,purchase,92.07,1,0,paid,91.0,,False,92.07
2026-04-07 07:27:00,C00925,Germany,web,ios,sports,purchase,56.04,4,10,paid,61.0,,False,214.16
2026-04-07 07:27:00,C00245,Germany,web,,beauty,add_to_cart,34.74,0,0,not_applicable,,,False,0.0
2026-04-07 07:28:00,C00739,Germany,mobile_app,desktop,beauty,view,33.9,0,0,not_applicable,,,False,0.0
2026-04-07 07:29:00,C00749,Netherlands,mobile_app,desktop,electronics,view,127.77,0,0,not_applicable,,,False,0.0
2026-04-07 07:31:00,C00396,Germany,mobile_app,android,electronics,return,192.84,1,0,not_applicable,,,True,192.84
2026-04-07 07:41:00,C00497,Ireland,web,desktop,electronics,view,242.25,0,0,not_applicable,,,False,0.0
2026-04-07 07:46:00,C00716,Germany,mobile_app,desktop,sports,review,68.63,0,0,not_applicable,,1.0,False,0.0
2026-04-07 07:49:00,C00875,Germany,mobile_app,ios,electronics,view,183.29,0,0,not_applicable,,,False,0.0
2026-04-07 07:53:00,C00498,Sweden,physical_store,,beauty,purchase,9.75,1,15,paid,48.0,,False,0.0
2026-04-07 07:56:00,C00624,United Kingdom,mobile_app,ios,beauty,add_to_cart,35.63,0,0,not_applicable,,,False,0.0
2026-04-07 07:59:00,C00358,Germany,partner_marketplace,desktop,fashion,view,27.4,0,0,not_applicable,,,False,0.0
2026-04-07 08:04:00,C00779,Germany,mobile_app,desktop,home,view,52.14,0,0,not_applicable,,,False,0.0
2026-04-07 08:05:00,C00618,Ireland,physical_store,pos_terminal,grocery,add_to_cart,10.91,0,0,not_applicable,,,False,0.0
2026-04-07 08:14:00,C00027,,mobile_app,android,home,review,92.89,0,0,not_applicable,,4.0,False,0.0
2026-04-07 08:23:00,C00250,United Kingdom,mobile_app,desktop,sports,purchase,109.43,3,20,paid,53.0,,False,308.29
2026-04-07 08:36:00,C00782,Germany,mobile_app,desktop,electronics,view,99.72,0,0,not_applicable,,,False,0.0
2026-04-07 08:42:00,C00440,Germany,physical_store,pos_terminal,beauty,purchase,22.37,1,0,paid,52.0,,False,22.37
2026-04-07 08:42:00,C00841,Germany,mobile_app,ios,sports,view,109.49,0,0,not_applicable,,,False,0.0
2026-04-07 08:50:00,C00469,Ireland,mobile_app,,sports,review,32.14,0,0,not_applicable,,5.0,False,0.0
2026-04-07 09:30:00,C00317,Ireland,web,android,grocery,view,7.94,0,0,not_applicable,,,False,0.0
2026-04-07 09:36:00,C00320,France,physical_store,pos_terminal,beauty,view,25.14,0,0,not_applicable,,,False,0.0
2026-04-07 09:39:00,C00589,Netherlands,physical_store,pos_terminal,electronics,return,44.47,1,0,not_applicable,,,True,44.47
2026-04-07 09:50:00,C00133,Ireland,partner_marketplace,desktop,grocery,view,14.25,0,0,not_applicable,,,False,0.0
2026-04-07 09:55:00,C00514,United Kingdom,web,android,books,view,16.24,0,0,not_applicable,,,False,0.0
2026-04-07 10:29:00,C00891,Germany,physical_store,pos_terminal,sports,purchase,132.59,3,0,failed,77.0,,False,397.77
2026-04-07 10:44:00,C00577,Sweden,partner_marketplace,ios,fashion,add_to_cart,34.74,0,0,not_applicable,,,False,0.0
2026-04-07 10:54:00,C00932,Germany,mobile_app,desktop,electronics,add_to_cart,181.18,0,0,not_applicable,,,False,0.0
2026-04-07 10:57:00,C00246,United Kingdom,mobile_app,android,beauty,purchase,19.26,1,0,paid,54.0,,False,19.26
2026-04-07 11:04:00,C00171,France,mobile_app,android,fashion,view,81.41,0,0,not_applicable,,,False,0.0
2026-04-07 11:05:00,C00847,Sweden,physical_store,pos_terminal,home,purchase,85.99,1,5,paid,87.0,,False,80.99
2026-04-07 11:07:00,C00551,Germany,mobile_app,desktop,fashion,purchase,67.27,1,20,paid,55.0,,False,47.27
2026-04-07 11:13:00,C00613,Ireland,partner_marketplace,android,fashion,purchase,60.65,2,5,paid,75.0,,False,116.3
2026-04-07 11:15:00,C00500,France,mobile_app,android,fashion,view,30.93,0,0,not_applicable,,,False,0.0
2026-04-07 11:15:00,C00617,Sweden,mobile_app,desktop,grocery,view,4.6,0,0,not_applicable,,,False,0.0
2026-04-07 11:24:00,C00378,Germany,physical_store,pos_terminal,fashion,view,82.89,0,0,not_applicable,,,False,0.0
2026-04-07 12:10:00,C00304,Sweden,web,ios,electronics,add_to_cart,94.78,0,0,not_applicable,,,False,0.0
2026-04-07 12:18:00,C00824,Sweden,web,android,sports,purchase,40.75,1,10,paid,78.0,,False,30.75
2026-04-07 12:20:00,C00908,Germany,web,ios,home,view,95.64,0,0,not_applicable,,,False,0.0
2026-04-07 12:21:00,C00006,Ireland,mobile_app,android,grocery,review,19.75,0,0,not_applicable,,4.0,False,0.0
2026-04-07 12:22:00,C00093,Germany,web,,fashion,purchase,67.5,2,0,paid,56.0,,False,135.0
2026-04-07 12:26:00,C00232,Netherlands,physical_store,pos_terminal,books,purchase,17.58,1,30,paid,55.0,,False,0.0
2026-04-07 12:34:00,C00098,Germany,physical_store,pos_terminal,fashion,purchase,46.64,1,15,paid,26.0,,False,31.64
2026-04-07 12:34:00,C00557,Germany,web,ios,books,view,17.75,0,0,not_applicable,,,False,0.0
2026-04-07 12:39:00,C00488,Germany,mobile_app,desktop,beauty,review,13.98,0,0,not_applicable,,1.0,False,0.0
2026-04-07 12:44:00,C00615,Germany,mobile_app,desktop,home,view,64.33,0,0,not_applicable,,,False,0.0
2026-04-07 12:54:00,C00236,Netherlands,mobile_app,,beauty,add_to_cart,15.95,0,0,not_applicable,,,False,0.0
2026-04-07 12:54:00,C00568,Germany,mobile_app,,grocery,purchase,22.7,1,15,paid,93.0,,False,7.7
2026-04-07 12:56:00,C00684,Germany,mobile_app,ios,grocery,purchase,16.53,1,15,paid,63.0,,False,1.53
2026-04-07 13:15:00,C00313,,mobile_app,tablet,electronics,view,92.93,0,0,not_applicable,,,False,0.0
2026-04-07 13:18:00,C00450,Germany,physical_store,pos_terminal,grocery,view,22.21,0,0,not_applicable,,,False,0.0
2026-04-07 13:19:00,C00359,Netherlands,web,ios,grocery,add_to_cart,11.13,0,0,not_applicable,,,False,0.0
2026-04-07 13:22:00,C00074,United Kingdom,physical_store,pos_terminal,grocery,view,17.98,0,0,not_applicable,,,False,0.0
2026-04-07 13:25:00,C00243,Germany,mobile_app,ios,grocery,view,10.66,0,0,not_applicable,,,False,0.0
2026-04-07 13:26:00,C00580,Germany,web,tablet,grocery,view,11.48,0,0,not_applicable,,,False,0.0
2026-04-07 13:26:00,C00488,France,web,android,electronics,purchase,71.16,1,5,paid,44.0,,False,66.16
2026-04-07 13:47:00,C00641,United Kingdom,physical_store,pos_terminal,grocery,view,11.03,0,0,not_applicable,,,False,0.0
2026-04-07 13:50:00,C00397,Netherlands,web,android,beauty,add_to_cart,22.47,0,0,not_applicable,,,False,0.0
2026-04-07 13:55:00,C00101,Germany,mobile_app,android,electronics,view,291.94,0,0,not_applicable,,,False,0.0
2026-04-07 14:08:00,C00937,France,partner_marketplace,desktop,sports,purchase,55.73,1,15,paid,38.0,,False,40.73
2026-04-07 14:24:00,C00730,Germany,web,desktop,electronics,purchase,113.06,1,0,paid,81.0,,False,113.06
2026-04-07 14:29:00,C00078,France,web,android,beauty,purchase,23.1,1,5,paid,74.0,,False,18.1
2026-04-07 14:40:00,C00543,France,web,android,home,add_to_cart,75.92,0,0,not_applicable,,,False,0.0
2026-04-07 14:49:00,C00666,France,mobile_app,android,grocery,view,7.22,0,0,not_applicable,,,False,0.0
2026-04-07 14:52:00,C00591,Germany,physical_store,pos_terminal,fashion,purchase,34.22,2,20,paid,119.0,,False,48.44
2026-04-07 15:13:00,C00889,Germany,mobile_app,android,home,view,47.7,0,0,not_applicable,,,False,0.0
2026-04-07 15:53:00,C00501,Germany,web,android,beauty,purchase,12.37,1,20,paid,71.0,,False,0.0
2026-04-07 16:10:00,C00286,United Kingdom,web,android,grocery,purchase,10.44,3,10,paid,87.0,,False,21.32
2026-04-07 16:13:00,C00793,United Kingdom,mobile_app,android,electronics,add_to_cart,83.56,0,0,not_applicable,,,False,0.0
2026-04-07 16:15:00,C00507,Ireland,web,android,home,view,66.65,0,0,not_applicable,,,False,0.0
2026-04-07 16:15:00,C00338,Sweden,physical_store,pos_terminal,home,purchase,79.78,3,0,paid,49.0,,False,239.34
2026-04-07 16:29:00,C00854,Netherlands,web,tablet,electronics,purchase,123.63,4,5,paid,49.0,,False,489.52
2026-04-07 16:35:00,C00096,Ireland,web,android,beauty,purchase,28.98,4,0,paid,41.0,,False,115.92
2026-04-07 16:53:00,C00685,United Kingdom,web,android,fashion,view,45.09,0,0,not_applicable,,,False,0.0
2026-04-07 16:55:00,C00942,Germany,web,desktop,home,view,132.78,0,0,not_applicable,,,False,0.0
2026-04-07 16:58:00,C00633,Germany,web,android,home,purchase,84.39,1,5,paid,68.0,,False,79.39
2026-04-07 17:04:00,C00555,Germany,web,android,grocery,view,14.38,0,0,not_applicable,,,False,0.0
2026-04-07 17:05:00,C00042,Netherlands,web,ios,electronics,view,73.6,0,0,not_applicable,,,False,0.0
2026-04-07 17:07:00,C00857,,physical_store,pos_terminal,electronics,add_to_cart,217.06,0,0,not_applicable,,,False,0.0
2026-04-07 17:18:00,C00173,Germany,physical_store,pos_terminal,fashion,view,36.44,0,0,not_applicable,,,False,0.0
2026-04-07 17:31:00,C00751,Germany,physical_store,pos_terminal,electronics,view,139.72,0,0,not_applicable,,,False,0.0
2026-04-07 17:36:00,C00216,Germany,mobile_app,,beauty,purchase,21.24,2,0,paid,61.0,,True,42.48
2026-04-07 17:41:00,C00753,United Kingdom,physical_store,pos_terminal,electronics,add_to_cart,78.73,0,0,not_applicable,,,False,0.0
2026-04-07 17:48:00,C00536,United Kingdom,mobile_app,android,grocery,add_to_cart,14.14,0,0,not_applicable,,,False,0.0
2026-04-07 17:52:00,C00162,Germany,physical_store,pos_terminal,electronics,view,115.05,0,0,not_applicable,,,False,0.0
2026-04-07 17:52:00,C00852,Germany,mobile_app,desktop,fashion,purchase,78.37,2,0,paid,39.0,,False,156.74
2026-04-07 17:55:00,C00928,United Kingdom,mobile_app,android,home,add_to_cart,93.97,0,0,not_applicable,,,False,0.0
2026-04-07 17:57:00,C00868,Ireland,mobile_app,desktop,grocery,add_to_cart,13.13,0,0,not_applicable,,,False,0.0
2026-04-07 18:01:00,C00329,Sweden,mobile_app,desktop,beauty,purchase,13.7,3,0,paid,20.0,,False,41.1
2026-04-07 18:04:00,C00872,Ireland,mobile_app,desktop,grocery,purchase,12.73,1,15,paid,52.0,,False,0.0
2026-04-07 18:05:00,C00135,Germany,web,desktop,fashion,return,32.46,1,0,not_applicable,,,True,32.46
2026-04-07 18:05:00,C00668,United Kingdom,mobile_app,ios,electronics,purchase,122.61,1,10,paid,51.0,,False,112.61
2026-04-07 18:11:00,C00785,Ireland,physical_store,pos_terminal,beauty,purchase,28.36,1,30,paid,52.0,,False,0.0
2026-04-07 18:34:00,C00191,Germany,mobile_app,android,electronics,purchase,198.06,2,10,paid,56.0,,False,386.12
2026-04-07 18:36:00,C00821,Germany,mobile_app,desktop,beauty,view,20.16,0,0,not_applicable,,,False,0.0
2026-04-07 18:59:00,C00339,Netherlands,partner_marketplace,tablet,books,add_to_cart,16.5,0,0,not_applicable,,,False,0.0
2026-04-07 18:59:00,C00657,Ireland,mobile_app,ios,electronics,view,80.72,0,0,not_applicable,,,False,0.0
2026-04-07 19:10:00,C00754,Germany,physical_store,pos_terminal,electronics,purchase,164.08,3,30,pending,64.0,,False,462.24
2026-04-07 19:22:00,C00518,Germany,web,android,fashion,purchase,33.52,3,15,paid,41.0,,False,85.56
2026-04-07 19:25:00,C00706,Germany,mobile_app,ios,fashion,return,70.98,1,0,not_applicable,,,True,70.98
2026-04-07 19:34:00,C00168,Germany,web,ios,beauty,view,13.47,0,0,not_applicable,,,False,0.0
2026-04-07 19:36:00,C00475,Germany,partner_marketplace,android,fashion,purchase,101.95,1,0,paid,36.0,,False,101.95
2026-04-07 19:37:00,C00446,Germany,partner_marketplace,android,fashion,purchase,21.13,1,0,paid,46.0,,False,21.13
2026-04-07 19:46:00,C00612,Germany,mobile_app,android,fashion,add_to_cart,52.79,0,0,not_applicable,,,False,0.0
2026-04-07 19:52:00,C00812,Netherlands,mobile_app,android,fashion,add_to_cart,43.19,0,0,not_applicable,,,False,0.0
2026-04-07 19:56:00,C00596,Netherlands,web,ios,books,view,11.0,0,0,not_applicable,,,False,0.0
2026-04-07 20:02:00,C00185,France,mobile_app,ios,fashion,add_to_cart,37.03,0,0,not_applicable,,,False,0.0
2026-04-07 20:04:00,C00461,United Kingdom,mobile_app,android,beauty,return,28.29,2,0,not_applicable,,,True,56.58
2026-04-07 20:15:00,C00494,,web,android,grocery,return,10.63,2,0,not_applicable,,,True,21.26
2026-04-07 20:24:00,C00233,Germany,web,ios,electronics,return,153.77,1,0,not_applicable,,,True,153.77
2026-04-07 20:32:00,C00374,Germany,physical_store,pos_terminal,beauty,purchase,27.18,1,10,paid,52.0,,False,17.18
2026-04-07 20:41:00,C00861,Germany,web,ios,grocery,return,4.49,1,0,not_applicable,,,True,4.49
2026-04-07 20:44:00,C00893,Ireland,physical_store,pos_terminal,books,view,8.47,0,0,not_applicable,,,False,0.0
2026-04-07 21:09:00,C00578,United Kingdom,physical_store,pos_terminal,home,view,53.65,0,0,not_applicable,,,False,0.0
2026-04-07 21:21:00,C00560,United Kingdom,mobile_app,android,books,view,12.38,0,0,not_applicable,,,False,0.0
2026-04-07 21:22:00,C00844,Sweden,partner_marketplace,desktop,grocery,add_to_cart,6.26,0,0,not_applicable,,,False,0.0
2026-04-07 21:26:00,C00334,Germany,partner_marketplace,desktop,sports,purchase,58.66,2,15,paid,83.0,,False,102.32
2026-04-07 21:32:00,C00782,United Kingdom,web,android,electronics,view,154.43,0,0,not_applicable,,,False,0.0
2026-04-07 21:33:00,C00944,France,web,android,beauty,return,12.71,1,0,not_applicable,,,True,12.71
2026-04-07 21:43:00,C00421,United Kingdom,mobile_app,android,fashion,purchase,67.53,3,15,paid,55.0,,False,187.59
2026-04-07 21:44:00,C00875,France,mobile_app,ios,beauty,add_to_cart,28.34,0,0,not_applicable,,,False,0.0
2026-04-07 21:45:00,C00860,Germany,web,desktop,grocery,add_to_cart,18.51,0,0,not_applicable,,,False,0.0
2026-04-07 21:51:00,C00255,France,mobile_app,desktop,beauty,view,25.41,0,0,not_applicable,,,False,0.0
2026-04-07 21:53:00,C00009,Germany,mobile_app,android,grocery,view,8.69,0,0,not_applicable,,,False,0.0
2026-04-07 22:03:00,C00487,France,web,ios,grocery,add_to_cart,10.74,0,0,not_applicable,,,False,0.0
2026-04-07 22:18:00,C00174,,web,android,books,view,17.31,0,0,not_applicable,,,False,0.0
2026-04-07 22:21:00,C00517,France,web,android,grocery,add_to_cart,10.87,0,0,not_applicable,,,False,0.0
2026-04-07 22:32:00,C00009,Sweden,physical_store,pos_terminal,fashion,view,48.68,0,0,not_applicable,,,False,0.0
2026-04-07 22:54:00,C00327,Netherlands,mobile_app,desktop,home,review,52.99,0,0,not_applicable,,3.0,False,0.0
2026-04-07 23:07:00,C00923,Netherlands,web,ios,electronics,view,108.52,0,0,not_applicable,,,False,0.0
2026-04-07 23:13:00,C00554,United Kingdom,web,ios,grocery,purchase,8.86,1,5,paid,61.0,,False,3.86
2026-04-07 23:14:00,C00325,Sweden,web,desktop,fashion,purchase,65.62,1,20,paid,21.0,,False,45.62
2026-04-07 23:33:00,C00859,Sweden,web,ios,home,view,91.56,0,0,not_applicable,,,False,0.0
2026-04-07 23:50:00,C00574,United Kingdom,partner_marketplace,ios,fashion,purchase,38.05,1,0,pending,43.0,,False,38.05
2026-04-07 23:55:00,C00237,United Kingdom,physical_store,pos_terminal,home,return,134.64,2,0,not_applicable,,,True,269.28
2026-04-07 23:59:00,C00232,Germany,mobile_app,android,grocery,review,8.5,0,0,not_applicable,,3.0,False,0.0
2026-04-08 00:14:00,C00825,Germany,web,android,home,view,118.22,0,0,not_applicable,,,False,0.0
2026-04-08 00:58:00,C00672,Germany,mobile_app,tablet,electronics,add_to_cart,99.66,0,0,not_applicable,,,False,0.0
2026-04-08 01:47:00,C00145,France,web,desktop,beauty,add_to_cart,26.63,0,0,not_applicable,,,False,0.0
2026-04-08 01:56:00,C00275,Germany,web,android,grocery,view,14.34,0,0,not_applicable,,,False,0.0
2026-04-08 02:03:00,C00165,United Kingdom,mobile_app,desktop,sports,review,69.88,0,0,not_applicable,,4.0,False,0.0
2026-04-08 02:07:00,C00572,Germany,web,desktop,beauty,purchase,11.56,1,5,pending,55.0,,False,6.56
2026-04-08 02:18:00,C00777,France,web,desktop,grocery,purchase,12.98,1,0,paid,71.0,,False,12.98
2026-04-08 02:33:00,C00252,United Kingdom,physical_store,pos_terminal,home,add_to_cart,31.78,0,0,not_applicable,,,False,0.0
2026-04-08 02:49:00,C00664,Germany,partner_marketplace,android,grocery,purchase,22.35,1,5,paid,85.0,,False,17.35
2026-04-08 02:58:00,C00484,France,web,android,books,purchase,12.95,1,0,paid,60.0,,True,12.95
2026-04-08 03:01:00,C00888,,mobile_app,ios,sports,view,44.97,0,0,not_applicable,,,False,0.0
2026-04-08 03:02:00,C00094,Sweden,mobile_app,ios,fashion,review,70.21,0,0,not_applicable,,5.0,False,0.0
2026-04-08 03:19:00,C00515,United Kingdom,physical_store,pos_terminal,home,purchase,109.91,1,0,paid,44.0,,False,109.91
2026-04-08 03:29:00,C00825,Ireland,web,ios,home,view,52.13,0,0,not_applicable,,,False,0.0
2026-04-08 03:30:00,C00193,Germany,physical_store,pos_terminal,sports,review,52.7,0,0,not_applicable,,3.0,False,0.0
2026-04-08 03:45:00,C00690,Germany,physical_store,pos_terminal,grocery,add_to_cart,10.84,0,0,not_applicable,,,False,0.0
2026-04-08 03:48:00,C00148,France,web,desktop,electronics,view,85.51,0,0,not_applicable,,,False,0.0
2026-04-08 03:51:00,C00332,Sweden,mobile_app,android,home,add_to_cart,141.42,0,0,not_applicable,,,False,0.0
2026-04-08 03:56:00,C00396,Germany,mobile_app,android,electronics,view,145.55,0,0,not_applicable,,,False,0.0
2026-04-08 04:05:00,C00567,Germany,partner_marketplace,desktop,books,add_to_cart,11.67,0,0,not_applicable,,,False,0.0
2026-04-08 04:27:00,C00112,United Kingdom,physical_store,pos_terminal,sports,view,87.39,0,0,not_applicable,,,False,0.0
2026-04-08 04:29:00,C00617,United Kingdom,web,desktop,electronics,purchase,62.54,4,20,paid,46.0,,False,230.16
2026-04-08 04:43:00,C00828,Germany,mobile_app,ios,books,view,18.29,0,0,not_applicable,,,False,0.0
2026-04-08 05:01:00,C00038,Germany,physical_store,pos_terminal,grocery,purchase,16.55,1,0,paid,59.0,,False,16.55
2026-04-08 05:17:00,C00345,Germany,mobile_app,ios,home,add_to_cart,72.57,0,0,not_applicable,,,False,0.0
2026-04-08 05:21:00,C00647,Netherlands,physical_store,pos_terminal,beauty,add_to_cart,12.68,0,0,not_applicable,,,False,0.0
2026-04-08 05:25:00,C00490,Sweden,mobile_app,android,sports,view,37.36,0,0,not_applicable,,,False,0.0
2026-04-08 05:33:00,C00537,Germany,mobile_app,android,electronics,purchase,145.97,4,30,paid,84.0,,False,553.88
2026-04-08 05:53:00,C00880,Sweden,web,android,grocery,review,17.16,0,0,not_applicable,,5.0,False,0.0
2026-04-08 05:53:00,C00327,,mobile_app,android,fashion,view,51.16,0,0,not_applicable,,,False,0.0
2026-04-08 06:04:00,C00778,France,physical_store,pos_terminal,electronics,add_to_cart,135.67,0,0,not_applicable,,,False,0.0
2026-04-08 06:49:00,C00496,Germany,physical_store,pos_terminal,beauty,view,21.86,0,0,not_applicable,,,False,0.0
2026-04-08 06:54:00,C00353,Germany,mobile_app,tablet,beauty,add_to_cart,28.34,0,0,not_applicable,,,False,0.0
2026-04-08 06:55:00,C00181,Sweden,mobile_app,ios,grocery,view,10.02,0,0,not_applicable,,,False,0.0
2026-04-08 07:14:00,C00141,Germany,mobile_app,ios,fashion,purchase,30.3,1,20,paid,51.0,,False,10.3
2026-04-08 07:18:00,C00312,Sweden,physical_store,pos_terminal,home,purchase,42.72,1,0,paid,62.0,,False,42.72
2026-04-08 07:37:00,C00881,United Kingdom,physical_store,pos_terminal,grocery,add_to_cart,13.44,0,0,not_applicable,,,False,0.0
2026-04-08 07:44:00,C00266,Germany,physical_store,pos_terminal,beauty,review,53.65,0,0,not_applicable,,2.0,False,0.0
2026-04-08 07:46:00,C00033,Sweden,mobile_app,android,electronics,add_to_cart,175.06,0,0,not_applicable,,,False,0.0
2026-04-08 07:48:00,C00926,Germany,web,desktop,electronics,view,95.49,0,0,not_applicable,,,False,0.0
2026-04-08 07:52:00,C00246,Germany,mobile_app,android,fashion,purchase,54.2,2,0,paid,43.0,,False,108.4
2026-04-08 07:54:00,C00058,Germany,web,android,fashion,view,37.3,0,0,not_applicable,,,False,0.0
2026-04-08 07:58:00,C00661,Germany,mobile_app,android,beauty,review,35.14,0,0,not_applicable,,4.0,False,0.0
2026-04-08 08:01:00,C00092,France,web,ios,beauty,view,29.73,0,0,not_applicable,,,False,0.0
2026-04-08 08:09:00,C00081,Netherlands,physical_store,pos_terminal,fashion,purchase,70.45,2,0,paid,63.0,,False,140.9
2026-04-08 08:30:00,C00363,France,partner_marketplace,android,fashion,add_to_cart,33.82,0,0,not_applicable,,,False,0.0
2026-04-08 08:37:00,C00800,United Kingdom,web,tablet,home,return,189.1,1,0,not_applicable,,,True,189.1
2026-04-08 08:46:00,C00790,Germany,web,ios,sports,add_to_cart,71.08,0,0,not_applicable,,,False,0.0
2026-04-08 08:59:00,C00006,Ireland,physical_store,pos_terminal,sports,purchase,36.55,3,30,paid,19.0,,True,79.65
2026-04-08 09:00:00,C00066,Germany,mobile_app,tablet,fashion,return,44.31,1,0,not_applicable,,,True,44.31
2026-04-08 09:01:00,C00173,France,mobile_app,android,home,purchase,69.3,1,20,pending,47.0,,False,49.3
2026-04-08 09:36:00,C00600,Germany,mobile_app,android,sports,return,40.14,1,0,not_applicable,,,True,40.14
2026-04-08 09:43:00,C00756,United Kingdom,mobile_app,ios,books,purchase,41.84,4,0,paid,37.0,,False,167.36
2026-04-08 09:43:00,C00228,Germany,web,android,grocery,view,6.25,0,0,not_applicable,,,False,0.0
2026-04-08 09:58:00,C00109,Germany,web,,fashion,view,54.51,0,0,not_applicable,,,False,0.0
2026-04-08 10:01:00,C00557,Germany,web,desktop,electronics,purchase,142.23,1,10,paid,71.0,,False,132.23
2026-04-08 10:04:00,C00940,Germany,mobile_app,ios,electronics,add_to_cart,123.78,0,0,not_applicable,,,False,0.0
2026-04-08 10:09:00,C00505,Netherlands,mobile_app,android,fashion,purchase,48.03,1,20,paid,29.0,,False,28.03
2026-04-08 10:15:00,C00366,Germany,mobile_app,android,grocery,add_to_cart,8.88,0,0,not_applicable,,,False,0.0
2026-04-08 10:18:00,C00495,Germany,physical_store,pos_terminal,grocery,return,8.47,2,0,not_applicable,,,True,16.94
2026-04-08 10:18:00,C00220,Sweden,web,android,fashion,view,65.26,0,0,not_applicable,,,False,0.0
2026-04-08 10:33:00,C00430,Germany,mobile_app,android,fashion,return,39.61,1,0,not_applicable,,,True,39.61
2026-04-08 10:58:00,C00209,United Kingdom,physical_store,pos_terminal,beauty,view,19.82,0,0,not_applicable,,,False,0.0
2026-04-08 11:49:00,C00452,Netherlands,physical_store,pos_terminal,electronics,purchase,116.03,4,0,paid,43.0,,False,464.12
2026-04-08 12:36:00,C00531,Germany,web,tablet,grocery,purchase,16.79,1,5,paid,59.0,,False,11.79
2026-04-08 12:38:00,C00926,France,mobile_app,ios,grocery,view,9.8,0,0,not_applicable,,,False,0.0
2026-04-08 12:40:00,C00732,Germany,physical_store,pos_terminal,beauty,view,46.11,0,0,not_applicable,,,False,0.0
2026-04-08 12:42:00,C00600,Germany,partner_marketplace,android,fashion,return,32.94,1,0,not_applicable,,,True,32.94
2026-04-08 12:46:00,C00155,Germany,web,ios,grocery,review,10.22,0,0,not_applicable,,4.0,False,0.0
2026-04-08 12:50:00,C00815,Netherlands,web,android,sports,view,137.06,0,0,not_applicable,,,False,0.0
2026-04-08 12:51:00,C00123,United Kingdom,mobile_app,ios,grocery,purchase,8.48,2,0,paid,78.0,,False,16.96
2026-04-08 13:11:00,C00700,Germany,web,android,grocery,add_to_cart,13.38,0,0,not_applicable,,,False,0.0
2026-04-08 13:13:00,C00275,United Kingdom,physical_store,pos_terminal,grocery,view,11.6,0,0,not_applicable,,,False,0.0
2026-04-08 13:18:00,C00855,Germany,mobile_app,android,home,add_to_cart,60.31,0,0,not_applicable,,,False,0.0
2026-04-08 13:27:00,C00506,United Kingdom,physical_store,pos_terminal,electronics,view,357.05,0,0,not_applicable,,,False,0.0
2026-04-08 14:04:00,C00459,Germany,mobile_app,desktop,sports,view,31.57,0,0,not_applicable,,,False,0.0
2026-04-08 14:17:00,C00572,Germany,partner_marketplace,ios,grocery,review,13.65,0,0,not_applicable,,3.0,False,0.0
2026-04-08 14:21:00,C00440,Germany,physical_store,pos_terminal,fashion,view,60.26,0,0,not_applicable,,,False,0.0
2026-04-08 14:28:00,C00315,United Kingdom,mobile_app,android,beauty,view,14.68,0,0,not_applicable,,,False,0.0
2026-04-08 14:32:00,C00534,Germany,physical_store,pos_terminal,fashion,purchase,53.88,3,10,paid,48.0,,False,151.64
2026-04-08 14:48:00,C00614,Ireland,web,android,fashion,add_to_cart,25.85,0,0,not_applicable,,,False,0.0
2026-04-08 14:57:00,C00741,Germany,mobile_app,desktop,sports,purchase,23.2,2,0,paid,54.0,,False,46.4
2026-04-08 14:58:00,C00103,Germany,web,ios,home,add_to_cart,63.53,0,0,not_applicable,,,False,0.0
2026-04-08 15:06:00,C00518,Germany,partner_marketplace,android,home,view,48.18,0,0,not_applicable,,,False,0.0
2026-04-08 15:10:00,C00559,Germany,mobile_app,desktop,sports,add_to_cart,34.07,0,0,not_applicable,,,False,0.0
2026-04-08 15:11:00,C00555,Sweden,physical_store,pos_terminal,sports,purchase,61.36,1,5,paid,29.0,,False,56.36
2026-04-08 15:17:00,C00825,Germany,mobile_app,ios,electronics,view,74.62,0,0,not_applicable,,,False,0.0
2026-04-08 15:21:00,C00865,Germany,mobile_app,desktop,electronics,view,86.16,0,0,not_applicable,,,False,0.0
2026-04-08 15:22:00,C00467,Sweden,mobile_app,desktop,home,purchase,64.25,1,10,paid,33.0,,False,54.25
2026-04-08 15:23:00,C00861,Sweden,physical_store,pos_terminal,fashion,purchase,27.83,1,0,paid,67.0,,False,27.83
2026-04-08 15:28:00,C00836,United Kingdom,web,ios,fashion,review,74.49,0,0,not_applicable,,4.0,False,0.0
2026-04-08 15:37:00,C00522,United Kingdom,physical_store,pos_terminal,sports,view,44.33,0,0,not_applicable,,,False,0.0
2026-04-08 15:40:00,C00921,Netherlands,web,android,fashion,return,49.53,1,0,not_applicable,,,True,49.53
2026-04-08 15:56:00,C00668,Germany,mobile_app,ios,electronics,view,165.94,0,0,not_applicable,,,False,0.0
2026-04-08 16:13:00,C00216,Netherlands,physical_store,pos_terminal,home,view,91.57,0,0,not_applicable,,,False,0.0
2026-04-08 16:15:00,C00349,Sweden,physical_store,pos_terminal,home,view,56.07,0,0,not_applicable,,,False,0.0
2026-04-08 16:27:00,C00096,United Kingdom,web,android,sports,add_to_cart,80.52,0,0,not_applicable,,,False,0.0
2026-04-08 16:29:00,C00815,Netherlands,physical_store,pos_terminal,fashion,add_to_cart,37.74,0,0,not_applicable,,,False,0.0
2026-04-08 16:29:00,C00670,United Kingdom,mobile_app,desktop,fashion,return,45.74,2,0,not_applicable,,,True,91.48
2026-04-08 16:51:00,C00866,Germany,web,desktop,beauty,view,53.33,0,0,not_applicable,,,False,0.0
2026-04-08 16:59:00,C00587,Germany,web,,sports,purchase,25.75,1,0,paid,55.0,,False,25.75
2026-04-08 17:05:00,C00609,Sweden,physical_store,pos_terminal,books,purchase,17.95,1,10,paid,52.0,,False,7.95
2026-04-08 17:16:00,C00205,United Kingdom,mobile_app,ios,grocery,add_to_cart,13.8,0,0,not_applicable,,,False,0.0
2026-04-08 17:16:00,C00048,France,mobile_app,ios,beauty,view,38.11,0,0,not_applicable,,,False,0.0
2026-04-08 17:26:00,C00571,Germany,mobile_app,android,grocery,purchase,31.04,1,10,pending,66.0,,False,21.04
2026-04-08 17:34:00,C00026,Germany,mobile_app,ios,fashion,review,57.35,0,0,not_applicable,,4.0,False,0.0
2026-04-08 17:34:00,C00867,Netherlands,physical_store,pos_terminal,electronics,review,110.22,0,0,not_applicable,,3.0,False,0.0
2026-04-08 17:54:00,C00760,Ireland,web,android,electronics,view,150.68,0,75,not_applicable,,,False,0.0
2026-04-08 17:59:00,C00074,Germany,physical_store,pos_terminal,grocery,return,13.75,1,0,not_applicable,,,True,13.75
2026-04-08 18:00:00,C00287,Germany,physical_store,pos_terminal,home,view,90.08,0,0,not_applicable,,,False,0.0
2026-04-08 18:02:00,C00711,Netherlands,physical_store,pos_terminal,fashion,review,47.07,0,0,not_applicable,,4.0,False,0.0
2026-04-08 18:02:00,C00391,United Kingdom,web,ios,sports,add_to_cart,44.82,0,0,not_applicable,,,False,0.0
2026-04-08 18:04:00,C00683,France,mobile_app,android,grocery,view,4.9,0,0,not_applicable,,,False,0.0
2026-04-08 18:09:00,C00317,United Kingdom,web,ios,electronics,purchase,45.75,1,5,paid,52.0,,False,40.75
2026-04-08 18:11:00,C00243,United Kingdom,mobile_app,android,home,review,76.86,0,0,not_applicable,,5.0,False,0.0
2026-04-08 18:15:00,C00602,Germany,mobile_app,desktop,sports,add_to_cart,44.19,0,0,not_applicable,,,False,0.0
2026-04-08 18:28:00,C00912,Ireland,web,ios,sports,purchase,58.18,1,0,paid,49.0,,False,58.18
2026-04-08 18:28:00,C00755,Germany,web,android,grocery,purchase,10.12,3,0,paid,50.0,,False,30.36
2026-04-08 18:29:00,C00066,,web,ios,electronics,purchase,198.54,2,0,paid,57.0,,False,397.08
2026-04-08 18:31:00,C00395,Germany,web,desktop,beauty,view,22.48,0,0,not_applicable,,,False,0.0
2026-04-08 18:35:00,C00757,Germany,web,desktop,fashion,add_to_cart,51.58,0,0,not_applicable,,,False,0.0
2026-04-08 18:36:00,C00166,Germany,mobile_app,ios,beauty,add_to_cart,14.98,0,0,not_applicable,,,False,0.0
2026-04-08 18:39:00,C00823,Netherlands,web,ios,beauty,view,39.18,0,0,not_applicable,,,False,0.0
2026-04-08 18:47:00,C00454,Germany,mobile_app,ios,beauty,return,61.88,1,60,not_applicable,,,True,1.88
2026-04-08 19:08:00,C00922,Germany,web,android,electronics,return,41.08,1,0,not_applicable,,,True,41.08
2026-04-08 19:25:00,C00821,United Kingdom,mobile_app,tablet,home,purchase,63.91,1,15,paid,65.0,,False,48.91
2026-04-08 19:59:00,C00777,Sweden,web,desktop,books,purchase,17.33,2,5,paid,52.0,,False,29.66
2026-04-08 20:14:00,C00410,Germany,mobile_app,android,home,purchase,251.22,1,0,paid,68.0,,False,251.22
2026-04-08 20:28:00,C00270,Sweden,web,android,electronics,view,103.65,0,0,not_applicable,,,False,0.0
2026-04-08 20:30:00,C00674,Sweden,mobile_app,desktop,electronics,view,49.09,0,0,not_applicable,,,False,0.0
2026-04-08 20:32:00,C00482,Ireland,web,ios,home,view,127.4,0,0,not_applicable,,,False,0.0
2026-04-08 20:56:00,C00558,United Kingdom,mobile_app,ios,sports,view,76.39,0,0,not_applicable,,,False,0.0
2026-04-08 21:02:00,C00343,Germany,web,android,books,purchase,61.85,2,10,failed,76.0,,False,113.7
2026-04-08 21:04:00,C00822,Sweden,web,desktop,grocery,view,10.85,0,0,not_applicable,,,False,0.0
2026-04-08 21:05:00,C00628,Ireland,partner_marketplace,tablet,fashion,purchase,119.16,1,0,paid,58.0,,False,119.16
2026-04-08 21:07:00,C00723,Germany,mobile_app,android,fashion,review,92.47,0,0,not_applicable,,5.0,False,0.0
2026-04-08 21:14:00,C00324,Ireland,partner_marketplace,ios,sports,purchase,63.55,3,0,paid,69.0,,False,190.65
2026-04-08 21:15:00,C00235,Germany,web,desktop,home,view,113.28,0,0,not_applicable,,,False,0.0
2026-04-08 21:18:00,C00390,Germany,physical_store,pos_terminal,electronics,add_to_cart,97.69,0,0,not_applicable,,,False,0.0
2026-04-08 21:24:00,C00745,United Kingdom,mobile_app,desktop,fashion,purchase,66.88,2,5,paid,89.0,,False,128.76
2026-04-08 21:25:00,C00678,France,partner_marketplace,desktop,fashion,view,30.96,0,0,not_applicable,,,False,0.0
2026-04-08 21:32:00,C00669,United Kingdom,mobile_app,tablet,books,view,8.97,0,0,not_applicable,,,False,0.0
2026-04-08 21:33:00,C00637,France,mobile_app,android,home,purchase,76.35,2,5,paid,18.0,,False,147.7
2026-04-08 21:35:00,C00675,Netherlands,mobile_app,desktop,electronics,purchase,174.07,2,0,paid,10.0,,False,348.14
2026-04-08 21:45:00,C00780,United Kingdom,web,desktop,sports,purchase,34.66,1,20,paid,41.0,,False,14.66
2026-04-08 21:51:00,C00562,Germany,mobile_app,android,electronics,return,210.03,2,0,not_applicable,,,True,420.06
2026-04-08 21:56:00,C00748,Germany,web,ios,books,view,16.54,0,0,not_applicable,,,False,0.0
2026-04-08 21:57:00,C00361,France,web,desktop,fashion,view,73.04,0,0,not_applicable,,,False,0.0
2026-04-08 22:09:00,C00410,United Kingdom,mobile_app,android,fashion,add_to_cart,44.1,0,0,not_applicable,,,False,0.0
2026-04-08 22:10:00,C00935,Netherlands,physical_store,pos_terminal,fashion,return,113.72,1,0,not_applicable,,,True,113.72
2026-04-08 22:14:00,C00613,France,partner_marketplace,ios,books,purchase,17.34,1,0,paid,38.0,,False,17.34
2026-04-08 22:22:00,C00808,Germany,mobile_app,desktop,fashion,purchase,67.71,3,0,paid,86.0,,False,203.13
2026-04-08 22:26:00,C00899,France,mobile_app,desktop,electronics,purchase,123.21,1,10,paid,47.0,,False,113.21
2026-04-08 22:29:00,C00901,Netherlands,mobile_app,ios,fashion,view,26.85,0,0,not_applicable,,,False,0.0
2026-04-08 22:30:00,C00223,Ireland,web,android,electronics,view,107.89,0,0,not_applicable,,,False,0.0
2026-04-08 23:05:00,C00554,Germany,mobile_app,android,books,purchase,16.71,2,10,paid,46.0,,False,23.42
2026-04-08 23:19:00,C00580,Germany,mobile_app,ios,books,add_to_cart,23.59,0,0,not_applicable,,,False,0.0
2026-04-08 23:37:00,C00609,Germany,mobile_app,android,fashion,view,48.53,0,0,not_applicable,,,False,0.0
2026-04-08 23:51:00,C00661,Germany,mobile_app,ios,beauty,purchase,36.24,2,15,pending,67.0,,False,57.48
2026-04-08 23:56:00,C00758,Sweden,mobile_app,android,fashion,purchase,29.78,1,0,paid,51.0,,False,29.78
2026-04-09 00:12:00,C00338,Ireland,partner_marketplace,tablet,sports,view,80.57,0,0,not_applicable,,,False,0.0
2026-04-09 00:17:00,C00080,Germany,web,ios,beauty,purchase,41.24,2,20,paid,19.0,,False,62.48
2026-04-09 00:17:00,C00284,Germany,mobile_app,android,beauty,purchase,35.58,1,15,paid,24.0,,False,20.58
2026-04-09 00:18:00,C00150,Germany,web,desktop,home,return,87.53,1,0,not_applicable,,,True,87.53
2026-04-09 00:26:00,C00682,Germany,web,ios,grocery,view,10.48,0,0,not_applicable,,,False,0.0
2026-04-09 00:40:00,C00338,United Kingdom,web,android,fashion,add_to_cart,32.54,0,0,not_applicable,,,False,0.0
2026-04-09 00:56:00,C00633,Germany,web,desktop,home,add_to_cart,71.74,0,0,not_applicable,,,False,0.0
2026-04-09 01:05:00,C00783,Germany,mobile_app,android,home,view,38.2,0,0,not_applicable,,,False,0.0
2026-04-09 01:07:00,C00164,Ireland,mobile_app,android,beauty,purchase,35.28,2,0,paid,92.0,,False,70.56
2026-04-09 01:23:00,C00881,,partner_marketplace,tablet,grocery,add_to_cart,9.09,0,0,not_applicable,,,False,0.0
2026-04-09 01:24:00,C00021,Ireland,partner_marketplace,android,electronics,add_to_cart,156.9,0,0,not_applicable,,,False,0.0
2026-04-09 01:25:00,C00459,France,web,desktop,grocery,view,6.33,0,0,not_applicable,,,False,0.0
2026-04-09 01:33:00,C00371,Netherlands,mobile_app,desktop,books,add_to_cart,26.84,0,0,not_applicable,,,False,0.0
2026-04-09 01:39:00,C00866,United Kingdom,mobile_app,android,grocery,purchase,11.37,3,5,paid,31.0,,False,29.11
2026-04-09 01:48:00,C00541,Netherlands,mobile_app,desktop,fashion,return,36.63,1,0,not_applicable,,,True,36.63
2026-04-09 01:52:00,C00744,United Kingdom,mobile_app,android,books,add_to_cart,17.5,0,0,not_applicable,,,False,0.0
2026-04-09 01:56:00,C00366,Ireland,web,tablet,electronics,view,357.43,0,0,not_applicable,,,False,0.0
2026-04-09 02:00:00,C00707,United Kingdom,physical_store,pos_terminal,grocery,add_to_cart,15.33,0,0,not_applicable,,,False,0.0
2026-04-09 02:03:00,C00308,Germany,web,android,electronics,return,77.95,1,0,not_applicable,,,True,77.95
2026-04-09 02:09:00,C00690,Germany,mobile_app,ios,home,add_to_cart,37.22,0,0,not_applicable,,,False,0.0
2026-04-09 02:15:00,C00116,Sweden,mobile_app,ios,fashion,purchase,99.27,1,0,paid,85.0,,False,99.27
2026-04-09 02:49:00,C00817,Netherlands,web,tablet,home,purchase,49.01,1,0,paid,63.0,,False,49.01
2026-04-09 03:03:00,C00087,France,mobile_app,tablet,electronics,add_to_cart,188.76,0,0,not_applicable,,,False,0.0
2026-04-09 03:05:00,C00364,France,physical_store,pos_terminal,fashion,view,42.05,0,0,not_applicable,,,False,0.0
2026-04-09 03:10:00,C00222,Germany,mobile_app,android,fashion,add_to_cart,58.82,0,0,not_applicable,,,False,0.0
2026-04-09 03:26:00,C00940,Sweden,web,android,grocery,purchase,15.13,2,0,paid,111.0,,False,30.26
2026-04-09 03:39:00,C00659,United Kingdom,mobile_app,desktop,home,return,71.32,1,0,not_applicable,,,True,71.32
2026-04-09 04:08:00,C00556,Netherlands,mobile_app,desktop,grocery,view,10.81,0,0,not_applicable,,,False,0.0
2026-04-09 04:11:00,C00550,Germany,physical_store,pos_terminal,sports,add_to_cart,33.81,0,0,not_applicable,,,False,0.0
2026-04-09 04:16:00,C00487,France,mobile_app,tablet,grocery,add_to_cart,14.98,0,0,not_applicable,,,False,0.0
2026-04-09 04:17:00,C00339,United Kingdom,physical_store,pos_terminal,electronics,purchase,140.72,1,0,paid,87.0,,True,140.72
2026-04-09 04:32:00,C00592,Netherlands,web,android,sports,return,98.33,1,0,not_applicable,,,True,98.33
2026-04-09 04:37:00,C00525,Germany,mobile_app,tablet,electronics,review,152.6,0,0,not_applicable,,3.0,False,0.0
2026-04-09 05:03:00,C00236,France,web,ios,home,view,104.07,0,0,not_applicable,,,False,0.0
2026-04-09 05:09:00,C00094,Germany,mobile_app,desktop,fashion,purchase,36.13,1,15,paid,25.0,,False,21.13
2026-04-09 05:19:00,C00411,Netherlands,physical_store,pos_terminal,fashion,view,42.19,0,0,not_applicable,,,False,0.0
2026-04-09 05:19:00,C00157,Germany,mobile_app,desktop,home,view,39.63,0,0,not_applicable,,,False,0.0
2026-04-09 05:49:00,C00940,France,partner_marketplace,desktop,home,purchase,71.08,3,5,paid,59.0,,False,208.24
2026-04-09 05:54:00,C00370,Germany,mobile_app,ios,sports,add_to_cart,22.69,0,0,not_applicable,,,False,0.0
2026-04-09 05:57:00,C00797,Germany,partner_marketplace,android,fashion,return,39.62,2,0,not_applicable,,,True,79.24
2026-04-09 06:01:00,C00803,Germany,web,desktop,electronics,review,102.57,0,0,not_applicable,,4.0,False,0.0
2026-04-09 06:02:00,C00203,Sweden,web,android,fashion,view,21.14,0,0,not_applicable,,,False,0.0
2026-04-09 06:10:00,C00094,United Kingdom,web,desktop,electronics,purchase,174.28,1,10,paid,58.0,,False,164.28
2026-04-09 06:32:00,C00569,Sweden,mobile_app,desktop,sports,return,25.19,1,0,not_applicable,,,True,25.19
2026-04-09 06:44:00,C00875,France,physical_store,pos_terminal,beauty,purchase,40.75,1,5,paid,56.0,,False,35.75
2026-04-09 06:47:00,C00502,Sweden,physical_store,pos_terminal,beauty,review,13.26,0,0,not_applicable,,3.0,False,0.0
2026-04-09 07:01:00,C00538,United Kingdom,web,ios,sports,view,192.44,0,0,not_applicable,,,False,0.0
2026-04-09 07:01:00,C00774,France,physical_store,pos_terminal,home,purchase,134.97,1,15,paid,58.0,,False,119.97
2026-04-09 07:09:00,C00141,United Kingdom,mobile_app,android,sports,purchase,97.33,1,0,paid,20.0,,False,97.33
2026-04-09 07:16:00,C00499,Germany,web,ios,books,view,13.63,0,0,not_applicable,,,False,0.0
2026-04-09 07:25:00,C00538,Germany,web,ios,fashion,add_to_cart,71.42,0,0,not_applicable,,,False,0.0
2026-04-09 07:31:00,C00008,Germany,web,ios,books,purchase,22.14,1,0,paid,54.0,,False,22.14
2026-04-09 07:35:00,C00228,Germany,web,ios,sports,view,49.9,0,0,not_applicable,,,False,0.0
2026-04-09 07:46:00,C00780,Germany,physical_store,pos_terminal,grocery,add_to_cart,19.18,0,0,not_applicable,,,False,0.0
2026-04-09 08:08:00,C00368,Sweden,web,android,fashion,purchase,35.14,2,10,paid,95.0,,False,60.28
2026-04-09 08:10:00,C00556,Germany,partner_marketplace,desktop,grocery,purchase,6.59,1,5,paid,43.0,,False,1.59
2026-04-09 08:29:00,C00584,Germany,web,desktop,beauty,purchase,17.51,1,5,paid,28.0,,False,12.51
2026-04-09 08:45:00,C00421,Ireland,web,tablet,home,view,50.74,0,0,not_applicable,,,False,0.0
2026-04-09 09:01:00,C00260,Germany,mobile_app,android,fashion,review,55.61,0,0,not_applicable,,4.0,False,0.0
2026-04-09 09:17:00,C00767,Germany,web,android,fashion,view,60.45,0,0,not_applicable,,,False,0.0
2026-04-09 09:29:00,C00667,Germany,mobile_app,ios,sports,purchase,57.28,1,10,paid,45.0,,False,47.28
2026-04-09 09:35:00,C00593,France,web,tablet,electronics,view,141.16,0,0,not_applicable,,,False,0.0
2026-04-09 09:38:00,C00850,Netherlands,physical_store,pos_terminal,fashion,purchase,39.78,1,30,paid,17.0,,False,9.78
2026-04-09 09:39:00,C00242,Sweden,partner_marketplace,ios,grocery,review,13.68,0,0,not_applicable,,3.0,False,0.0
2026-04-09 09:46:00,C00020,Germany,mobile_app,desktop,fashion,return,87.89,2,0,not_applicable,,,True,175.78
2026-04-09 09:49:00,C00520,United Kingdom,mobile_app,android,home,add_to_cart,86.21,0,0,not_applicable,,,False,0.0
2026-04-09 09:59:00,C00075,United Kingdom,web,android,home,view,37.54,0,0,not_applicable,,,False,0.0
2026-04-09 10:00:00,C00160,Germany,partner_marketplace,desktop,home,purchase,32.74,1,10,paid,45.0,,False,22.74
2026-04-09 10:09:00,C00537,Germany,mobile_app,desktop,sports,purchase,38.47,2,10,paid,73.0,,False,66.94
2026-04-09 10:14:00,C00844,Germany,mobile_app,desktop,electronics,view,126.93,0,0,not_applicable,,,False,0.0
2026-04-09 10:59:00,C00338,France,physical_store,pos_terminal,home,view,107.41,0,0,not_applicable,,,False,0.0
2026-04-09 11:09:00,C00188,United Kingdom,mobile_app,desktop,electronics,add_to_cart,50.78,0,0,not_applicable,,,False,0.0
2026-04-09 11:12:00,C00681,United Kingdom,partner_marketplace,tablet,electronics,return,79.01,1,0,not_applicable,,,True,79.01
2026-04-09 11:14:00,C00004,Germany,web,android,fashion,view,29.41,0,0,not_applicable,,,False,0.0
2026-04-09 11:15:00,C00214,Germany,mobile_app,android,home,view,63.21,0,0,not_applicable,,,False,0.0
2026-04-09 11:19:00,C00097,Sweden,mobile_app,ios,grocery,return,11.66,2,0,not_applicable,,,True,23.32
2026-04-09 11:31:00,C00674,Germany,mobile_app,ios,fashion,add_to_cart,34.74,0,0,not_applicable,,,False,0.0
2026-04-09 11:44:00,C00713,Germany,mobile_app,android,home,purchase,54.02,1,0,paid,58.0,,False,54.02
2026-04-09 11:44:00,C00164,Germany,mobile_app,desktop,electronics,purchase,188.29,4,10,pending,5.0,,True,743.16
2026-04-09 11:44:00,C00695,Germany,web,ios,grocery,add_to_cart,12.29,0,0,not_applicable,,,False,0.0
2026-04-09 11:52:00,C00803,United Kingdom,web,desktop,fashion,purchase,48.22,1,10,paid,35.0,,False,38.22
2026-04-09 12:20:00,C00232,France,mobile_app,android,grocery,view,20.75,0,0,not_applicable,,,False,0.0
2026-04-09 12:25:00,C00200,Germany,physical_store,pos_terminal,electronics,view,166.79,0,0,not_applicable,,,False,0.0
2026-04-09 12:33:00,C00459,France,web,ios,home,purchase,40.92,1,20,paid,59.0,,False,20.92
2026-04-09 12:35:00,C00373,Ireland,mobile_app,ios,fashion,view,27.17,0,0,not_applicable,,,False,0.0
2026-04-09 12:53:00,C00184,Germany,physical_store,pos_terminal,grocery,purchase,10.12,2,0,paid,39.0,,False,20.24
2026-04-09 12:56:00,C00503,United Kingdom,mobile_app,ios,home,view,67.56,0,0,not_applicable,,,False,0.0
2026-04-09 13:11:00,C00440,Sweden,physical_store,pos_terminal,electronics,add_to_cart,118.21,0,0,not_applicable,,,False,0.0
2026-04-09 13:12:00,C00391,France,web,ios,fashion,review,24.97,0,0,not_applicable,,3.0,False,0.0
2026-04-09 13:27:00,C00043,Germany,mobile_app,desktop,electronics,purchase,84.32,2,0,paid,99.0,,False,168.64
2026-04-09 13:37:00,C00598,Sweden,mobile_app,desktop,home,add_to_cart,66.52,0,0,not_applicable,,,False,0.0
2026-04-09 13:39:00,C00679,United Kingdom,mobile_app,tablet,beauty,purchase,20.5,2,15,paid,58.0,,False,26.0
2026-04-09 13:41:00,C00078,Germany,web,desktop,electronics,view,215.77,0,0,not_applicable,,,False,0.0
2026-04-09 14:08:00,C00041,United Kingdom,mobile_app,android,fashion,purchase,13.1,1,0,paid,45.0,,False,13.1
2026-04-09 14:13:00,C00269,Germany,mobile_app,desktop,home,view,50.13,0,0,not_applicable,,,False,0.0
2026-04-09 14:50:00,C00399,Germany,physical_store,pos_terminal,sports,view,97.93,0,0,not_applicable,,,False,0.0
2026-04-09 14:54:00,C00087,Netherlands,web,tablet,home,view,68.58,0,0,not_applicable,,,False,0.0
2026-04-09 15:05:00,C00648,France,web,desktop,electronics,purchase,90.24,2,0,paid,26.0,,False,180.48
2026-04-09 15:09:00,C00776,Germany,mobile_app,android,home,review,58.81,0,0,not_applicable,,4.0,False,0.0
2026-04-09 15:18:00,C00131,Ireland,mobile_app,ios,fashion,view,55.25,0,0,not_applicable,,,False,0.0
2026-04-09 15:20:00,C00502,Germany,mobile_app,android,home,view,192.23,0,0,not_applicable,,,False,0.0
2026-04-09 15:26:00,C00749,Netherlands,web,android,fashion,purchase,26.08,1,10,paid,26.0,,False,16.08
2026-04-09 15:27:00,C00625,Germany,web,ios,grocery,add_to_cart,29.69,0,0,not_applicable,,,False,0.0
2026-04-09 15:27:00,C00171,Germany,physical_store,pos_terminal,electronics,purchase,92.2,1,10,paid,79.0,,False,82.2
2026-04-09 15:33:00,C00774,Netherlands,physical_store,pos_terminal,electronics,add_to_cart,143.76,0,0,not_applicable,,,False,0.0
2026-04-09 15:48:00,C00321,Germany,partner_marketplace,tablet,beauty,review,14.3,0,0,not_applicable,,5.0,False,0.0
2026-04-09 16:09:00,C00478,Germany,mobile_app,ios,grocery,review,19.89,0,0,not_applicable,,1.0,False,0.0
2026-04-09 16:15:00,C00741,Sweden,mobile_app,desktop,beauty,review,32.59,0,0,not_applicable,,3.0,False,0.0
2026-04-09 16:25:00,C00358,France,web,android,books,review,16.39,0,0,not_applicable,,5.0,False,0.0
2026-04-09 16:26:00,C00492,Sweden,mobile_app,android,grocery,add_to_cart,8.03,0,0,not_applicable,,,False,0.0
2026-04-09 16:26:00,C00909,France,mobile_app,android,fashion,view,24.54,0,0,not_applicable,,,False,0.0
2026-04-09 16:37:00,C00192,Germany,web,ios,grocery,add_to_cart,8.45,0,0,not_applicable,,,False,0.0
2026-04-09 16:44:00,C00515,Germany,partner_marketplace,android,books,purchase,12.52,1,15,paid,5.0,,False,0.0
2026-04-09 16:44:00,C00579,Germany,web,desktop,grocery,view,6.88,0,0,not_applicable,,,False,0.0
2026-04-09 16:45:00,C00426,Germany,partner_marketplace,android,sports,view,45.51,0,0,not_applicable,,,False,0.0
2026-04-09 17:02:00,C00611,Sweden,physical_store,pos_terminal,grocery,view,23.42,0,0,not_applicable,,,False,0.0
2026-04-09 17:15:00,C00559,Netherlands,physical_store,pos_terminal,fashion,add_to_cart,73.9,0,0,not_applicable,,,False,0.0
2026-04-09 17:18:00,C00567,France,partner_marketplace,tablet,grocery,add_to_cart,31.26,0,0,not_applicable,,,False,0.0
2026-04-09 17:27:00,C00733,Netherlands,web,android,grocery,add_to_cart,6.26,0,0,not_applicable,,,False,0.0
2026-04-09 17:40:00,C00581,Netherlands,physical_store,pos_terminal,books,add_to_cart,21.1,0,0,not_applicable,,,False,0.0
2026-04-09 17:42:00,C00643,Germany,mobile_app,ios,electronics,purchase,151.83,1,10,paid,72.0,,False,141.83
2026-04-09 17:53:00,C00055,Netherlands,web,android,grocery,purchase,13.55,2,15,paid,28.0,,True,12.1
2026-04-09 18:24:00,C00118,Netherlands,web,ios,fashion,purchase,62.5,1,5,paid,56.0,,False,57.5
2026-04-09 18:42:00,C00494,Sweden,web,ios,beauty,return,32.3,1,0,not_applicable,,,True,32.3
2026-04-09 18:43:00,C00739,Germany,mobile_app,desktop,beauty,view,38.36,0,0,not_applicable,,,False,0.0
2026-04-09 18:46:00,C00949,United Kingdom,partner_marketplace,android,sports,purchase,94.68,2,0,failed,52.0,,False,189.36
2026-04-09 18:56:00,C00601,Germany,mobile_app,android,grocery,review,6.23,0,0,not_applicable,,1.0,False,0.0
2026-04-09 19:00:00,C00914,Germany,physical_store,pos_terminal,grocery,add_to_cart,18.34,0,0,not_applicable,,,False,0.0
2026-04-09 19:20:00,C00733,Germany,mobile_app,desktop,books,view,23.06,0,0,not_applicable,,,False,0.0
2026-04-09 19:34:00,C00470,Germany,mobile_app,desktop,grocery,purchase,8.88,1,10,paid,33.0,,False,0.0
2026-04-09 19:58:00,C00294,Germany,web,tablet,grocery,purchase,11.57,1,0,paid,58.0,,False,11.57
2026-04-09 20:05:00,C00672,United Kingdom,web,ios,sports,view,66.64,0,0,not_applicable,,,False,0.0
2026-04-09 20:09:00,C00520,Ireland,mobile_app,ios,fashion,purchase,59.88,1,0,paid,40.0,,False,59.88
2026-04-09 20:23:00,C00609,Germany,mobile_app,android,fashion,add_to_cart,46.84,0,0,not_applicable,,,False,0.0
2026-04-09 20:42:00,C00159,United Kingdom,mobile_app,ios,home,add_to_cart,80.51,0,0,not_applicable,,,False,0.0
2026-04-09 20:50:00,C00551,Sweden,partner_marketplace,ios,fashion,add_to_cart,85.14,0,0,not_applicable,,,False,0.0
2026-04-09 20:53:00,C00742,Germany,web,android,sports,add_to_cart,34.01,0,0,not_applicable,,,False,0.0
2026-04-09 21:04:00,C00132,Germany,web,ios,home,add_to_cart,52.41,0,0,not_applicable,,,False,0.0
2026-04-09 21:12:00,C00523,France,web,ios,beauty,review,33.2,0,0,not_applicable,,3.0,False,0.0
2026-04-09 21:13:00,C00113,France,partner_marketplace,android,sports,return,52.86,1,0,not_applicable,,,True,52.86
2026-04-09 21:27:00,C00104,Germany,web,desktop,grocery,purchase,10.87,2,15,paid,50.0,,False,6.74
2026-04-09 21:31:00,C00346,Ireland,mobile_app,ios,fashion,view,46.13,0,0,not_applicable,,,False,0.0
2026-04-09 21:33:00,C00302,Germany,web,android,beauty,add_to_cart,19.46,0,0,not_applicable,,,False,0.0
2026-04-09 21:42:00,C00778,Netherlands,physical_store,pos_terminal,sports,add_to_cart,24.61,0,0,not_applicable,,,False,0.0
2026-04-09 21:47:00,C00291,Sweden,mobile_app,android,fashion,purchase,23.91,1,10,failed,71.0,,False,13.91
2026-04-09 22:18:00,C00823,France,mobile_app,android,home,view,75.58,0,0,not_applicable,,,False,0.0
2026-04-09 22:27:00,C00651,Germany,physical_store,pos_terminal,electronics,purchase,93.66,1,0,paid,81.0,,False,93.66
2026-04-09 22:32:00,C00212,Sweden,web,desktop,fashion,view,48.6,0,0,not_applicable,,,False,0.0
2026-04-09 23:12:00,C00433,United Kingdom,web,ios,grocery,view,13.73,0,0,not_applicable,,,False,0.0
2026-04-09 23:18:00,C00143,United Kingdom,mobile_app,android,sports,purchase,54.59,2,0,failed,31.0,,False,109.18
2026-04-09 23:19:00,C00001,Germany,physical_store,pos_terminal,beauty,add_to_cart,47.58,0,0,not_applicable,,,False,0.0
2026-04-09 23:22:00,C00688,Netherlands,physical_store,pos_terminal,electronics,review,139.06,0,0,not_applicable,,4.0,False,0.0
2026-04-09 23:27:00,C00057,Ireland,physical_store,pos_terminal,fashion,view,45.58,0,0,not_applicable,,,False,0.0
2026-04-09 23:29:00,C00893,United Kingdom,mobile_app,desktop,grocery,add_to_cart,5.44,0,0,not_applicable,,,False,0.0
2026-04-09 23:39:00,C00030,Sweden,web,ios,fashion,view,36.74,0,0,not_applicable,,,False,0.0
2026-04-09 23:58:00,C00287,Sweden,mobile_app,android,home,view,29.62,0,0,not_applicable,,,False,0.0
2026-04-10 00:12:00,C00890,Germany,mobile_app,android,fashion,add_to_cart,38.99,0,0,not_applicable,,,False,0.0
2026-04-10 00:40:00,C00523,France,web,desktop,fashion,purchase,31.96,1,0,paid,96.0,,False,31.96
2026-04-10 00:44:00,C00552,United Kingdom,partner_marketplace,android,grocery,purchase,13.16,3,0,pending,39.0,,False,39.48
2026-04-10 00:44:00,C00727,Netherlands,web,ios,beauty,add_to_cart,18.39,0,0,not_applicable,,,False,0.0
2026-04-10 01:07:00,C00868,Germany,mobile_app,android,home,add_to_cart,110.01,0,0,not_applicable,,,False,0.0
2026-04-10 01:14:00,C00748,Germany,mobile_app,tablet,sports,view,41.63,0,0,not_applicable,,,False,0.0
2026-04-10 01:14:00,C00745,Netherlands,mobile_app,desktop,beauty,purchase,35.34,1,0,paid,49.0,,False,35.34
2026-04-10 01:17:00,C00606,Germany,physical_store,pos_terminal,electronics,add_to_cart,329.73,0,0,not_applicable,,,False,0.0
2026-04-10 01:19:00,C00015,Netherlands,mobile_app,android,beauty,review,27.29,0,0,not_applicable,,2.0,False,0.0
2026-04-10 01:20:00,C00773,Germany,mobile_app,android,sports,view,47.43,0,0,not_applicable,,,False,0.0
2026-04-10 01:22:00,C00935,Germany,mobile_app,android,fashion,purchase,30.94,2,5,paid,77.0,,False,56.88
2026-04-10 02:00:00,C00442,Germany,web,ios,electronics,review,176.39,0,0,not_applicable,,4.0,False,0.0
2026-04-10 02:02:00,C00690,Ireland,web,ios,beauty,purchase,25.43,1,20,paid,79.0,,True,5.43
2026-04-10 02:06:00,C00524,Sweden,mobile_app,android,beauty,view,33.8,0,0,not_applicable,,,False,0.0
2026-04-10 02:11:00,C00774,Netherlands,mobile_app,desktop,fashion,add_to_cart,65.13,0,0,not_applicable,,,False,0.0
2026-04-10 02:20:00,C00643,Sweden,physical_store,pos_terminal,fashion,view,77.05,0,0,not_applicable,,,False,0.0
2026-04-10 02:25:00,C00283,France,partner_marketplace,ios,sports,view,66.91,0,0,not_applicable,,,False,0.0
2026-04-10 02:42:00,C00839,United Kingdom,partner_marketplace,ios,home,view,40.79,0,0,not_applicable,,,False,0.0
2026-04-10 02:44:00,C00153,Sweden,web,android,fashion,view,58.8,0,0,not_applicable,,,False,0.0
2026-04-10 02:47:00,C00124,Sweden,web,tablet,fashion,view,52.55,0,0,not_applicable,,,False,0.0
2026-04-10 03:02:00,C00539,United Kingdom,partner_marketplace,desktop,fashion,return,63.0,1,0,not_applicable,,,True,63.0
2026-04-10 03:04:00,C00877,United Kingdom,mobile_app,ios,electronics,purchase,190.88,1,5,paid,12.0,,False,185.88
2026-04-10 03:06:00,C00908,United Kingdom,web,android,books,add_to_cart,15.82,0,0,not_applicable,,,False,0.0
2026-04-10 03:57:00,C00052,Ireland,web,android,grocery,add_to_cart,13.97,0,0,not_applicable,,,False,0.0
2026-04-10 04:17:00,C00916,United Kingdom,web,tablet,fashion,add_to_cart,72.35,0,0,not_applicable,,,False,0.0
2026-04-10 04:18:00,C00791,,web,ios,books,purchase,14.72,2,0,paid,78.0,,True,29.44
2026-04-10 04:41:00,C00301,Germany,mobile_app,,grocery,purchase,12.28,1,0,paid,40.0,,False,12.28
2026-04-10 04:56:00,C00225,France,mobile_app,ios,electronics,view,61.48,0,0,not_applicable,,,False,0.0
2026-04-10 05:00:00,C00433,France,physical_store,pos_terminal,fashion,purchase,33.81,2,0,paid,45.0,,False,67.62
2026-04-10 05:12:00,C00032,Germany,physical_store,pos_terminal,beauty,view,29.77,0,0,not_applicable,,,False,0.0
2026-04-10 05:15:00,C00395,Germany,physical_store,pos_terminal,home,purchase,59.27,2,0,paid,57.0,,False,118.54
2026-04-10 05:15:00,C00661,Germany,web,android,fashion,purchase,60.81,3,10,paid,81.0,,False,172.43
2026-04-10 05:18:00,C00371,Germany,web,tablet,fashion,purchase,47.91,1,5,paid,36.0,,False,42.91
2026-04-10 05:20:00,C00071,Germany,physical_store,pos_terminal,electronics,return,77.6,2,0,not_applicable,,,True,155.2
2026-04-10 05:26:00,C00936,Netherlands,partner_marketplace,tablet,electronics,purchase,221.83,3,10,paid,90.0,,False,655.49
2026-04-10 05:28:00,C00399,France,physical_store,pos_terminal,fashion,view,60.53,0,0,not_applicable,,,False,0.0
2026-04-10 05:33:00,C00516,Sweden,web,tablet,beauty,review,22.02,0,0,not_applicable,,1.0,False,0.0
2026-04-10 05:35:00,C00483,United Kingdom,partner_marketplace,tablet,home,view,72.59,0,0,not_applicable,,,False,0.0
2026-04-10 05:35:00,C00735,United Kingdom,mobile_app,ios,fashion,add_to_cart,48.06,0,0,not_applicable,,,False,0.0
2026-04-10 05:39:00,C00287,Ireland,mobile_app,android,beauty,purchase,27.86,2,30,paid,47.0,,False,25.72
2026-04-10 05:40:00,C00329,Sweden,mobile_app,android,electronics,purchase,202.36,1,20,paid,58.0,,False,182.36
2026-04-10 05:41:00,C00258,France,mobile_app,desktop,home,add_to_cart,61.98,0,0,not_applicable,,,False,0.0
2026-04-10 05:41:00,C00908,Netherlands,web,desktop,sports,return,59.95,1,0,not_applicable,,,True,59.95
2026-04-10 05:44:00,C00702,United Kingdom,web,tablet,beauty,return,74.03,1,0,not_applicable,,,True,74.03
2026-04-10 05:47:00,C00521,Ireland,physical_store,pos_terminal,electronics,return,115.51,1,0,not_applicable,,,True,115.51
2026-04-10 06:11:00,C00690,United Kingdom,partner_marketplace,tablet,beauty,view,32.37,0,0,not_applicable,,,False,0.0
2026-04-10 06:17:00,C00818,Ireland,web,android,books,view,14.48,0,0,not_applicable,,,False,0.0
2026-04-10 06:26:00,C00398,Germany,web,tablet,books,add_to_cart,19.11,0,0,not_applicable,,,False,0.0
2026-04-10 06:38:00,C00637,Netherlands,web,ios,fashion,view,26.18,0,0,not_applicable,,,False,0.0
2026-04-10 06:51:00,C00654,Germany,web,desktop,books,purchase,28.51,1,20,failed,48.0,,True,8.51
2026-04-10 07:04:00,C00633,Germany,mobile_app,android,fashion,view,35.7,0,0,not_applicable,,,False,0.0
2026-04-10 07:35:00,C00755,Germany,physical_store,pos_terminal,electronics,purchase,89.63,1,5,paid,66.0,,False,84.63
2026-04-10 07:36:00,C00145,Netherlands,web,desktop,grocery,add_to_cart,10.31,0,0,not_applicable,,,False,0.0
2026-04-10 07:43:00,C00195,Netherlands,web,android,grocery,return,9.38,2,0,not_applicable,,,True,18.76
2026-04-10 07:45:00,C00327,Netherlands,web,android,electronics,view,127.12,0,0,not_applicable,,,False,0.0
2026-04-10 07:59:00,C00429,Germany,mobile_app,tablet,fashion,view,52.27,0,0,not_applicable,,,False,0.0
2026-04-10 08:01:00,C00045,Netherlands,mobile_app,tablet,fashion,view,46.76,0,0,not_applicable,,,False,0.0
2026-04-10 08:21:00,C00229,Sweden,web,tablet,beauty,purchase,37.76,1,0,paid,51.0,,False,37.76
2026-04-10 08:23:00,C00462,Germany,partner_marketplace,android,fashion,view,40.81,0,0,not_applicable,,,False,0.0
2026-04-10 08:29:00,C00756,Germany,physical_store,pos_terminal,electronics,review,84.5,0,0,not_applicable,,3.0,False,0.0
2026-04-10 08:43:00,C00649,Germany,web,android,beauty,view,22.5,0,75,not_applicable,,,False,0.0
2026-04-10 08:45:00,C00353,France,mobile_app,android,electronics,purchase,129.4,2,0,paid,27.0,,False,258.8
2026-04-10 08:59:00,C00109,Germany,web,ios,electronics,view,129.51,0,0,not_applicable,,,False,0.0
2026-04-10 09:01:00,C00858,Germany,physical_store,pos_terminal,sports,add_to_cart,74.78,0,0,not_applicable,,,False,0.0
2026-04-10 09:18:00,C00863,Sweden,mobile_app,android,electronics,purchase,219.61,1,5,paid,29.0,,False,214.61
2026-04-10 09:21:00,C00307,Germany,web,desktop,electronics,view,115.35,0,0,not_applicable,,,False,0.0
2026-04-10 09:38:00,C00530,Sweden,partner_marketplace,desktop,beauty,view,39.77,0,0,not_applicable,,,False,0.0
2026-04-10 10:08:00,C00364,United Kingdom,web,android,beauty,view,54.85,0,0,not_applicable,,,False,0.0
2026-04-10 10:19:00,C00715,United Kingdom,physical_store,pos_terminal,fashion,purchase,24.07,1,0,paid,35.0,,False,24.07
2026-04-10 10:42:00,C00238,Sweden,mobile_app,ios,grocery,purchase,18.06,2,0,paid,72.0,,False,36.12
2026-04-10 10:44:00,C00286,United Kingdom,web,desktop,books,add_to_cart,31.01,0,0,not_applicable,,,False,0.0
2026-04-10 10:45:00,C00538,Germany,physical_store,,electronics,view,108.93,0,0,not_applicable,,,False,0.0
2026-04-10 10:55:00,C00538,Germany,web,android,electronics,review,275.37,0,0,not_applicable,,2.0,False,0.0
2026-04-10 11:02:00,C00061,France,web,ios,beauty,add_to_cart,33.87,0,0,not_applicable,,,False,0.0
2026-04-10 11:05:00,C00471,Sweden,web,android,fashion,add_to_cart,52.58,0,0,not_applicable,,,False,0.0
2026-04-10 11:06:00,C00255,Netherlands,mobile_app,android,fashion,view,48.55,0,0,not_applicable,,,False,0.0
2026-04-10 11:15:00,C00466,Germany,physical_store,pos_terminal,sports,view,89.31,0,0,not_applicable,,,False,0.0
2026-04-10 11:55:00,C00316,Germany,mobile_app,android,sports,add_to_cart,51.71,0,0,not_applicable,,,False,0.0
2026-04-10 12:06:00,C00055,United Kingdom,mobile_app,tablet,grocery,view,8.39,0,0,not_applicable,,,False,0.0
2026-04-10 12:12:00,C00427,Sweden,mobile_app,desktop,grocery,add_to_cart,17.06,0,0,not_applicable,,,False,0.0
2026-04-10 12:13:00,C00734,Netherlands,mobile_app,ios,fashion,view,57.3,0,0,not_applicable,,,False,0.0
2026-04-10 12:16:00,C00549,Germany,mobile_app,ios,beauty,add_to_cart,36.69,0,0,not_applicable,,,False,0.0
2026-04-10 12:19:00,C00285,Ireland,partner_marketplace,ios,electronics,purchase,168.14,1,0,paid,70.0,,False,168.14
2026-04-10 12:26:00,C00940,Germany,physical_store,pos_terminal,fashion,return,44.11,1,0,not_applicable,,,True,44.11
2026-04-10 12:38:00,C00351,Germany,physical_store,pos_terminal,grocery,view,14.1,0,0,not_applicable,,,False,0.0
2026-04-10 12:40:00,C00342,Sweden,mobile_app,desktop,beauty,view,38.64,0,0,not_applicable,,,False,0.0
2026-04-10 12:53:00,C00834,Germany,physical_store,pos_terminal,books,purchase,7.8,1,10,paid,26.0,,False,0.0
2026-04-10 13:05:00,C00184,Germany,web,desktop,beauty,purchase,16.23,1,0,paid,53.0,,False,16.23
2026-04-10 13:15:00,C00133,Germany,physical_store,pos_terminal,books,return,36.2,2,0,not_applicable,,,True,72.4
2026-04-10 13:19:00,C00484,France,web,android,grocery,add_to_cart,22.65,0,0,not_applicable,,,False,0.0
2026-04-10 13:20:00,C00531,Germany,web,android,beauty,purchase,39.43,1,0,paid,100.0,,False,39.43
2026-04-10 13:21:00,C00232,Sweden,partner_marketplace,ios,electronics,view,151.68,0,0,not_applicable,,,False,0.0
2026-04-10 13:29:00,C00868,Germany,mobile_app,tablet,home,purchase,48.0,1,15,paid,24.0,,False,33.0
2026-04-10 13:31:00,C00608,Sweden,mobile_app,ios,sports,view,71.39,0,0,not_applicable,,,False,0.0
2026-04-10 13:38:00,C00023,United Kingdom,mobile_app,android,books,purchase,19.35,1,0,paid,42.0,,False,19.35
2026-04-10 13:44:00,C00634,Germany,web,desktop,grocery,view,7.05,0,0,not_applicable,,,False,0.0
2026-04-10 13:54:00,C00297,France,web,tablet,beauty,purchase,6.55,2,30,paid,92.0,,False,0.0
2026-04-10 13:58:00,C00166,Germany,mobile_app,android,electronics,view,109.02,0,0,not_applicable,,,False,0.0
2026-04-10 14:04:00,C00161,Germany,mobile_app,tablet,electronics,purchase,94.75,1,0,failed,27.0,,False,94.75
2026-04-10 14:09:00,C00561,United Kingdom,mobile_app,desktop,beauty,return,8.33,1,0,not_applicable,,,True,8.33
2026-04-10 14:24:00,C00065,France,mobile_app,ios,grocery,view,12.27,0,0,not_applicable,,,False,0.0
2026-04-10 14:25:00,C00864,France,web,android,grocery,add_to_cart,16.49,0,0,not_applicable,,,False,0.0
2026-04-10 14:28:00,C00336,Germany,web,android,fashion,purchase,50.41,2,0,paid,58.0,,False,100.82
2026-04-10 14:30:00,C00005,Germany,partner_marketplace,ios,grocery,add_to_cart,7.34,0,0,not_applicable,,,False,0.0
2026-04-10 14:40:00,C00435,Netherlands,web,ios,fashion,add_to_cart,44.65,0,0,not_applicable,,,False,0.0
2026-04-10 14:40:00,C00478,Ireland,mobile_app,ios,grocery,purchase,23.32,1,10,paid,82.0,,False,13.32
2026-04-10 14:49:00,C00829,United Kingdom,web,desktop,fashion,purchase,65.69,1,5,paid,26.0,,False,60.69
2026-04-10 14:53:00,C00852,Germany,mobile_app,android,grocery,purchase,8.49,1,30,paid,47.0,,False,0.0
2026-04-10 15:20:00,C00217,Sweden,physical_store,pos_terminal,fashion,add_to_cart,40.15,0,0,not_applicable,,,False,0.0
2026-04-10 15:29:00,C00738,Germany,web,tablet,electronics,view,71.69,0,0,not_applicable,,,False,0.0
2026-04-10 15:32:00,C00068,Netherlands,web,ios,fashion,view,41.04,0,0,not_applicable,,,False,0.0
2026-04-10 15:32:00,C00199,France,mobile_app,tablet,books,view,21.93,0,0,not_applicable,,,False,0.0
2026-04-10 15:39:00,C00170,Sweden,mobile_app,android,beauty,return,20.31,1,0,not_applicable,,,True,20.31
2026-04-10 15:42:00,C00086,Germany,web,ios,beauty,add_to_cart,52.44,0,0,not_applicable,,,False,0.0
2026-04-10 15:44:00,C00093,Germany,mobile_app,tablet,home,purchase,58.66,4,0,paid,61.0,,False,234.64
2026-04-10 15:47:00,C00226,France,physical_store,pos_terminal,electronics,return,67.87,1,0,not_applicable,,,True,67.87
2026-04-10 15:48:00,C00409,Germany,partner_marketplace,android,home,purchase,40.41,1,0,paid,57.0,,False,40.41
2026-04-10 15:54:00,C00467,Germany,mobile_app,android,grocery,add_to_cart,11.67,0,0,not_applicable,,,False,0.0
2026-04-10 16:15:00,C00284,Germany,web,android,beauty,purchase,15.94,1,5,paid,92.0,,False,10.94
2026-04-10 16:20:00,C00226,Ireland,web,ios,fashion,view,83.67,0,0,not_applicable,,,False,0.0
2026-04-10 16:23:00,C00723,United Kingdom,physical_store,pos_terminal,home,purchase,37.59,1,0,paid,20.0,,False,37.59
2026-04-10 16:24:00,C00263,Germany,web,android,grocery,view,18.46,0,0,not_applicable,,,False,0.0
2026-04-10 16:29:00,C00828,Ireland,web,android,home,return,104.03,1,0,not_applicable,,,True,104.03
2026-04-10 16:34:00,C00601,Germany,mobile_app,tablet,electronics,return,150.92,1,0,not_applicable,,,True,150.92
2026-04-10 16:47:00,C00576,France,web,desktop,electronics,purchase,80.76,1,10,paid,76.0,,False,70.76
2026-04-10 16:51:00,C00447,Germany,mobile_app,android,home,view,59.2,0,0,not_applicable,,,False,0.0
2026-04-10 17:12:00,C00276,United Kingdom,mobile_app,android,fashion,purchase,31.35,1,5,paid,40.0,,False,26.35
2026-04-10 17:18:00,C00844,,mobile_app,,electronics,purchase,64.36,2,5,paid,35.0,,False,123.72
2026-04-10 17:21:00,C00804,Netherlands,web,android,home,view,111.4,0,0,not_applicable,,,False,0.0
2026-04-10 17:37:00,C00062,Sweden,web,android,beauty,return,16.33,1,0,not_applicable,,,True,16.33
2026-04-10 17:41:00,C00431,Germany,mobile_app,android,home,purchase,59.53,1,0,paid,6.0,,False,59.53
2026-04-10 17:42:00,C00735,Sweden,physical_store,pos_terminal,fashion,add_to_cart,73.38,0,0,not_applicable,,,False,0.0
2026-04-10 17:48:00,C00726,Germany,mobile_app,desktop,home,purchase,78.24,2,10,paid,82.0,,True,146.48
2026-04-10 18:00:00,C00269,United Kingdom,web,ios,electronics,view,235.26,0,0,not_applicable,,,False,0.0
2026-04-10 18:18:00,C00066,France,mobile_app,android,fashion,view,40.2,0,0,not_applicable,,,False,0.0
2026-04-10 18:25:00,C00747,Ireland,mobile_app,desktop,fashion,view,31.86,0,0,not_applicable,,,False,0.0
2026-04-10 18:27:00,C00715,France,web,ios,electronics,purchase,112.24,3,0,pending,56.0,,False,336.72
2026-04-10 18:42:00,C00770,United Kingdom,mobile_app,android,fashion,view,33.06,0,0,not_applicable,,,False,0.0
2026-04-10 18:44:00,C00946,Germany,mobile_app,ios,home,review,189.52,0,0,not_applicable,,4.0,False,0.0
2026-04-10 18:59:00,C00699,United Kingdom,web,ios,grocery,purchase,22.22,2,10,paid,53.0,,False,34.44
2026-04-10 19:13:00,C00117,Ireland,physical_store,pos_terminal,fashion,add_to_cart,14.44,0,0,not_applicable,,,False,0.0
2026-04-10 19:16:00,C00644,United Kingdom,web,desktop,beauty,view,21.97,0,0,not_applicable,,,False,0.0
2026-04-10 19:24:00,C00191,France,mobile_app,desktop,grocery,add_to_cart,9.42,0,0,not_applicable,,,False,0.0
2026-04-10 20:21:00,C00403,United Kingdom,partner_marketplace,desktop,grocery,purchase,14.96,1,10,pending,111.0,,False,4.96
2026-04-10 20:45:00,C00728,Ireland,mobile_app,android,fashion,view,32.47,0,0,not_applicable,,,False,0.0
2026-04-10 20:45:00,C00390,Netherlands,web,android,home,return,47.06,1,0,not_applicable,,,True,47.06
2026-04-10 21:00:00,C00396,Germany,physical_store,pos_terminal,fashion,purchase,35.46,1,0,failed,15.0,,False,35.46
2026-04-10 21:54:00,C00756,Netherlands,mobile_app,android,books,purchase,19.31,1,10,paid,78.0,,False,9.31
2026-04-10 22:06:00,C00603,Germany,mobile_app,android,books,purchase,9.03,1,0,paid,75.0,,False,9.03
2026-04-10 22:07:00,C00854,France,mobile_app,android,grocery,review,7.28,0,0,not_applicable,,4.0,False,0.0
2026-04-10 22:22:00,C00406,Ireland,web,ios,beauty,review,60.03,0,0,not_applicable,,5.0,False,0.0
2026-04-10 22:40:00,C00521,Germany,mobile_app,android,grocery,return,12.09,1,0,not_applicable,,,True,12.09
2026-04-10 22:42:00,C00792,Germany,partner_marketplace,android,fashion,view,65.18,0,0,not_applicable,,,False,0.0
2026-04-10 22:46:00,C00861,Germany,web,android,fashion,review,35.47,0,0,not_applicable,,2.0,False,0.0
2026-04-10 23:08:00,C00577,Netherlands,mobile_app,android,fashion,view,94.75,0,0,not_applicable,,,False,0.0
2026-04-10 23:09:00,C00934,France,physical_store,pos_terminal,grocery,purchase,15.67,2,10,paid,41.0,,False,21.34
2026-04-10 23:20:00,C00300,Germany,web,ios,electronics,view,52.14,0,0,not_applicable,,,False,0.0
2026-04-10 23:47:00,C00412,Sweden,mobile_app,android,home,purchase,127.83,1,0,failed,56.0,,False,127.83
2026-04-10 23:47:00,C00949,Sweden,web,desktop,sports,purchase,75.51,1,10,paid,55.0,,False,65.51
2026-04-10 23:48:00,C00863,United Kingdom,web,desktop,electronics,purchase,120.75,1,0,paid,57.0,,True,120.75
2026-04-10 23:55:00,C00126,Netherlands,mobile_app,ios,electronics,view,101.77,0,0,not_applicable,,,False,0.0
2026-04-10 23:56:00,C00313,United Kingdom,physical_store,pos_terminal,electronics,view,283.28,0,0,not_applicable,,,False,0.0
2026-04-11 00:12:00,C00555,Germany,partner_marketplace,tablet,fashion,view,31.69,0,0,not_applicable,,,False,0.0
2026-04-11 00:17:00,C00851,United Kingdom,web,android,beauty,purchase,21.07,1,10,paid,55.0,,False,11.07
2026-04-11 00:17:00,C00918,Germany,mobile_app,android,home,add_to_cart,30.46,0,0,not_applicable,,,False,0.0
2026-04-11 00:27:00,C00805,Netherlands,web,ios,grocery,purchase,13.16,1,5,paid,53.0,,True,8.16
2026-04-11 00:36:00,C00845,Netherlands,mobile_app,desktop,home,purchase,59.74,1,0,paid,62.0,,False,59.74
2026-04-11 00:48:00,C00293,United Kingdom,mobile_app,android,electronics,view,205.24,0,0,not_applicable,,,False,0.0
2026-04-11 00:49:00,C00363,United Kingdom,mobile_app,desktop,electronics,view,73.26,0,0,not_applicable,,,False,0.0
2026-04-11 00:52:00,C00278,Ireland,web,tablet,sports,purchase,62.48,4,0,paid,63.0,,False,249.92
2026-04-11 01:24:00,C00457,Sweden,web,ios,books,view,25.46,0,0,not_applicable,,,False,0.0
2026-04-11 01:27:00,C00657,Germany,physical_store,pos_terminal,home,add_to_cart,104.94,0,0,not_applicable,,,False,0.0
2026-04-11 01:40:00,C00913,Germany,mobile_app,desktop,beauty,view,23.48,0,0,not_applicable,,,False,0.0
2026-04-11 01:44:00,C00058,Germany,physical_store,pos_terminal,beauty,view,20.59,0,0,not_applicable,,,False,0.0
2026-04-11 01:48:00,C00468,Sweden,web,desktop,grocery,add_to_cart,22.21,0,0,not_applicable,,,False,0.0
2026-04-11 01:49:00,C00664,Germany,physical_store,pos_terminal,electronics,view,112.89,0,0,not_applicable,,,False,0.0
2026-04-11 01:51:00,C00137,Germany,web,ios,electronics,add_to_cart,79.87,0,0,not_applicable,,,False,0.0
2026-04-11 02:00:00,C00267,Ireland,physical_store,pos_terminal,grocery,return,10.92,1,0,not_applicable,,,True,10.92
2026-04-11 02:16:00,C00129,Germany,web,android,electronics,view,327.07,0,0,not_applicable,,,False,0.0
2026-04-11 02:19:00,C00553,Sweden,partner_marketplace,tablet,fashion,purchase,39.78,1,10,paid,30.0,,False,29.78
2026-04-11 02:20:00,C00173,Germany,web,ios,beauty,purchase,21.58,1,20,paid,79.0,,False,1.58
2026-04-11 02:21:00,C00267,France,web,android,beauty,review,21.18,0,0,not_applicable,,4.0,False,0.0
2026-04-11 02:23:00,C00505,Sweden,mobile_app,android,home,add_to_cart,64.34,0,0,not_applicable,,,False,0.0
2026-04-11 02:24:00,C00244,Netherlands,physical_store,pos_terminal,fashion,purchase,46.29,2,15,paid,35.0,,False,77.58
2026-04-11 02:26:00,C00014,Sweden,web,android,books,view,16.53,0,0,not_applicable,,,False,0.0
2026-04-11 02:29:00,C00748,Germany,web,tablet,sports,purchase,146.16,1,0,paid,57.0,,False,146.16
2026-04-11 02:32:00,C00226,United Kingdom,web,ios,fashion,purchase,43.68,2,10,paid,78.0,,False,77.36
2026-04-11 02:32:00,C00419,Germany,physical_store,pos_terminal,grocery,add_to_cart,10.24,0,0,not_applicable,,,False,0.0
2026-04-11 02:33:00,C00566,Germany,web,tablet,electronics,view,247.59,0,0,not_applicable,,,False,0.0
2026-04-11 02:34:00,C00095,Germany,mobile_app,desktop,beauty,purchase,29.92,1,0,paid,70.0,,False,29.92
2026-04-11 02:37:00,C00612,United Kingdom,mobile_app,desktop,fashion,purchase,62.24,2,15,paid,45.0,,False,109.48
2026-04-11 02:43:00,C00036,Germany,mobile_app,tablet,fashion,view,109.7,0,0,not_applicable,,,False,0.0
2026-04-11 02:45:00,C00852,Germany,web,android,beauty,add_to_cart,28.33,0,0,not_applicable,,,False,0.0
2026-04-11 02:46:00,C00518,Sweden,web,desktop,sports,add_to_cart,78.62,0,0,not_applicable,,,False,0.0
2026-04-11 03:05:00,C00068,France,physical_store,pos_terminal,fashion,add_to_cart,41.05,0,0,not_applicable,,,False,0.0
2026-04-11 03:10:00,C00034,Netherlands,mobile_app,android,books,purchase,18.12,4,20,paid,37.0,,False,52.48
2026-04-11 03:20:00,C00835,Ireland,mobile_app,ios,sports,view,120.39,0,0,not_applicable,,,False,0.0
2026-04-11 03:20:00,C00094,Netherlands,physical_store,pos_terminal,fashion,view,142.49,0,0,not_applicable,,,False,0.0
2026-04-11 03:27:00,C00309,United Kingdom,mobile_app,android,grocery,view,9.09,0,0,not_applicable,,,False,0.0
2026-04-11 03:30:00,C00291,Germany,physical_store,pos_terminal,sports,purchase,31.81,2,5,paid,77.0,,False,58.62
2026-04-11 03:46:00,C00633,Germany,web,desktop,sports,purchase,96.98,1,0,paid,32.0,,False,96.98
2026-04-11 03:51:00,C00486,Germany,mobile_app,android,electronics,purchase,146.75,1,20,paid,74.0,,False,126.75
2026-04-11 04:05:00,C00834,France,mobile_app,desktop,sports,view,49.52,0,0,not_applicable,,,False,0.0
2026-04-11 04:13:00,C00009,Germany,mobile_app,ios,books,review,24.31,0,0,not_applicable,,2.0,False,0.0
2026-04-11 04:28:00,C00041,Netherlands,web,android,grocery,view,17.73,0,0,not_applicable,,,False,0.0
2026-04-11 04:39:00,C00799,United Kingdom,web,android,books,purchase,16.73,1,10,paid,24.0,,False,6.73
2026-04-11 04:52:00,C00699,France,partner_marketplace,ios,grocery,purchase,17.21,1,0,paid,22.0,,False,17.21
2026-04-11 04:58:00,C00619,Germany,mobile_app,desktop,fashion,view,63.31,0,0,not_applicable,,,False,0.0
2026-04-11 05:03:00,C00503,Germany,mobile_app,android,fashion,purchase,32.51,1,20,paid,48.0,,False,12.51
2026-04-11 05:09:00,C00027,France,web,ios,home,purchase,124.07,1,10,paid,55.0,,False,114.07
2026-04-11 05:13:00,C00139,United Kingdom,physical_store,,sports,view,36.67,0,0,not_applicable,,,False,0.0
2026-04-11 05:20:00,C00109,France,web,desktop,books,purchase,47.68,2,0,failed,65.0,,False,95.36
2026-04-11 05:43:00,C00455,Ireland,physical_store,pos_terminal,home,view,41.97,0,0,not_applicable,,,False,0.0
2026-04-11 05:49:00,C00179,Germany,web,ios,home,view,74.59,0,0,not_applicable,,,False,0.0
2026-04-11 05:53:00,C00195,Netherlands,web,ios,fashion,return,94.95,1,0,not_applicable,,,True,94.95
2026-04-11 05:56:00,C00701,Ireland,web,android,fashion,purchase,55.41,4,0,paid,55.0,,False,221.64
2026-04-11 05:56:00,C00132,Ireland,web,desktop,sports,view,70.79,0,0,not_applicable,,,False,0.0
2026-04-11 05:58:00,C00914,Germany,web,android,sports,purchase,91.31,1,5,paid,49.0,,False,86.31
2026-04-11 06:00:00,C00899,Sweden,mobile_app,ios,fashion,return,43.36,2,0,not_applicable,,,True,86.72
2026-04-11 06:23:00,C00235,Netherlands,mobile_app,android,home,purchase,64.91,1,0,failed,68.0,,False,64.91
2026-04-11 06:29:00,C00125,Germany,physical_store,pos_terminal,sports,purchase,58.74,4,5,paid,48.0,,False,229.96
2026-04-11 06:43:00,C00496,Germany,physical_store,pos_terminal,fashion,review,27.64,0,0,not_applicable,,4.0,False,0.0
2026-04-11 06:47:00,C00103,United Kingdom,partner_marketplace,android,electronics,view,372.92,0,0,not_applicable,,,False,0.0
2026-04-11 06:52:00,C00752,France,mobile_app,android,home,review,134.24,0,0,not_applicable,,1.0,False,0.0
2026-04-11 06:53:00,C00274,Germany,mobile_app,android,beauty,view,27.35,0,0,not_applicable,,,False,0.0
2026-04-11 06:54:00,C00159,United Kingdom,mobile_app,tablet,beauty,add_to_cart,46.77,0,0,not_applicable,,,False,0.0
2026-04-11 07:17:00,C00448,United Kingdom,mobile_app,android,books,purchase,26.47,1,0,paid,54.0,,False,26.47
2026-04-11 07:29:00,C00696,Netherlands,physical_store,pos_terminal,fashion,view,60.86,0,0,not_applicable,,,False,0.0
2026-04-11 07:34:00,C00040,Germany,mobile_app,ios,fashion,add_to_cart,99.38,0,0,not_applicable,,,False,0.0
2026-04-11 07:36:00,C00306,Germany,web,android,fashion,purchase,50.22,2,5,paid,55.0,,False,95.44
2026-04-11 07:41:00,C00306,France,web,ios,grocery,review,6.43,0,0,not_applicable,,4.0,False,0.0
2026-04-11 07:52:00,C00826,Germany,web,desktop,electronics,purchase,47.84,2,0,paid,39.0,,False,95.68
2026-04-11 07:54:00,C00095,Sweden,web,desktop,beauty,review,12.87,0,0,not_applicable,,3.0,False,0.0
2026-04-11 07:56:00,C00636,Germany,physical_store,pos_terminal,sports,view,52.8,0,0,not_applicable,,,False,0.0
2026-04-11 08:05:00,C00033,Sweden,mobile_app,desktop,beauty,review,28.9,0,0,not_applicable,,5.0,False,0.0
2026-04-11 08:13:00,C00252,France,mobile_app,desktop,home,purchase,40.58,1,5,paid,59.0,,False,35.58
2026-04-11 08:17:00,C00469,Sweden,mobile_app,ios,books,review,16.54,0,0,not_applicable,,3.0,False,0.0
2026-04-11 08:29:00,C00854,Germany,mobile_app,desktop,fashion,add_to_cart,36.95,0,0,not_applicable,,,False,0.0
2026-04-11 08:39:00,C00167,France,web,desktop,fashion,view,45.66,0,0,not_applicable,,,False,0.0
2026-04-11 08:44:00,C00879,United Kingdom,physical_store,pos_terminal,electronics,view,85.82,0,0,not_applicable,,,False,0.0
2026-04-11 08:45:00,C00422,Netherlands,physical_store,pos_terminal,beauty,purchase,19.51,1,0,paid,70.0,,False,19.51
2026-04-11 08:45:00,C00280,Ireland,partner_marketplace,desktop,books,review,23.44,0,0,not_applicable,,2.0,False,0.0
2026-04-11 08:50:00,C00326,Ireland,web,android,grocery,add_to_cart,16.47,0,0,not_applicable,,,False,0.0
2026-04-11 08:53:00,C00134,Ireland,web,android,home,purchase,31.53,3,0,paid,40.0,,False,94.59
2026-04-11 08:53:00,C00695,Netherlands,mobile_app,android,sports,view,68.65,0,0,not_applicable,,,False,0.0
2026-04-11 08:55:00,C00661,Sweden,web,android,sports,purchase,71.03,2,0,paid,101.0,,False,142.06
2026-04-11 08:56:00,C00790,Sweden,partner_marketplace,android,electronics,view,112.2,0,0,not_applicable,,,False,0.0
2026-04-11 09:02:00,C00251,,physical_store,pos_terminal,home,purchase,79.89,1,0,paid,66.0,,False,79.89
2026-04-11 09:26:00,C00359,United Kingdom,web,tablet,beauty,purchase,31.91,2,5,paid,55.0,,False,58.82
2026-04-11 09:52:00,C00163,Netherlands,web,tablet,sports,view,88.63,0,0,not_applicable,,,False,0.0
2026-04-11 09:57:00,C00728,Germany,web,ios,electronics,view,197.23,0,0,not_applicable,,,False,0.0
2026-04-11 10:04:00,C00014,Germany,partner_marketplace,android,electronics,review,180.1,0,0,not_applicable,,4.0,False,0.0
2026-04-11 10:12:00,C00500,France,web,android,grocery,add_to_cart,12.26,0,0,not_applicable,,,False,0.0
2026-04-11 10:14:00,C00746,United Kingdom,web,tablet,electronics,purchase,119.7,2,0,paid,54.0,,False,239.4
2026-04-11 10:14:00,C00844,Ireland,mobile_app,ios,home,view,65.18,0,0,not_applicable,,,False,0.0
2026-04-11 10:18:00,C00868,Germany,physical_store,pos_terminal,books,purchase,31.72,1,15,paid,25.0,,False,16.72
2026-04-11 10:26:00,C00351,United Kingdom,mobile_app,desktop,books,purchase,17.08,1,30,paid,28.0,,False,0.0
2026-04-11 10:37:00,C00337,Germany,partner_marketplace,desktop,fashion,purchase,76.02,2,0,paid,57.0,,False,152.04
2026-04-11 11:03:00,C00081,France,mobile_app,desktop,beauty,add_to_cart,26.81,0,0,not_applicable,,,False,0.0
2026-04-11 11:11:00,C00794,Sweden,web,tablet,fashion,purchase,57.18,2,30,paid,51.0,,False,84.36
2026-04-11 11:49:00,C00257,France,mobile_app,desktop,electronics,add_to_cart,60.61,0,0,not_applicable,,,False,0.0
2026-04-11 11:49:00,C00893,Netherlands,web,tablet,grocery,review,10.76,0,0,not_applicable,,1.0,False,0.0
2026-04-11 11:49:00,C00176,Ireland,mobile_app,android,sports,review,124.51,0,0,not_applicable,,2.0,False,0.0
2026-04-11 12:03:00,C00088,United Kingdom,web,ios,beauty,add_to_cart,24.36,0,0,not_applicable,,,False,0.0
2026-04-11 12:12:00,C00365,Germany,web,tablet,grocery,view,8.81,0,0,not_applicable,,,False,0.0
2026-04-11 12:23:00,C00813,Ireland,mobile_app,android,grocery,review,10.03,0,0,not_applicable,,3.0,False,0.0
2026-04-11 12:37:00,C00019,Germany,physical_store,pos_terminal,home,view,121.66,0,0,not_applicable,,,False,0.0
2026-04-11 12:45:00,C00905,Germany,mobile_app,desktop,sports,purchase,90.36,1,0,paid,11.0,,False,90.36
2026-04-11 12:46:00,C00515,United Kingdom,mobile_app,android,home,view,51.02,0,0,not_applicable,,,False,0.0
2026-04-11 12:50:00,C00374,Germany,mobile_app,android,fashion,purchase,26.78,2,0,paid,77.0,,False,53.56
2026-04-11 12:53:00,C00807,Germany,mobile_app,android,home,review,60.48,0,0,not_applicable,,1.0,False,0.0
2026-04-11 13:39:00,C00597,Germany,web,android,grocery,view,20.23,0,0,not_applicable,,,False,0.0
2026-04-11 13:53:00,C00092,United Kingdom,mobile_app,tablet,electronics,view,63.42,0,0,not_applicable,,,False,0.0
2026-04-11 13:58:00,C00502,Sweden,mobile_app,android,electronics,add_to_cart,48.06,0,0,not_applicable,,,False,0.0
2026-04-11 14:03:00,C00146,Germany,physical_store,pos_terminal,fashion,view,39.44,0,0,not_applicable,,,False,0.0
2026-04-11 14:04:00,C00538,Germany,mobile_app,android,fashion,view,56.4,0,0,not_applicable,,,False,0.0
2026-04-11 14:08:00,C00591,United Kingdom,mobile_app,ios,fashion,view,49.67,0,0,not_applicable,,,False,0.0
2026-04-11 14:11:00,C00173,Germany,partner_marketplace,desktop,beauty,add_to_cart,9.22,0,0,not_applicable,,,False,0.0
2026-04-11 14:11:00,C00595,Germany,partner_marketplace,desktop,fashion,return,53.06,1,0,not_applicable,,,True,53.06
2026-04-11 14:17:00,C00642,Ireland,physical_store,pos_terminal,electronics,add_to_cart,114.47,0,0,not_applicable,,,False,0.0
2026-04-11 14:21:00,C00577,United Kingdom,mobile_app,android,electronics,view,121.02,0,0,not_applicable,,,False,0.0
2026-04-11 14:31:00,C00611,Sweden,partner_marketplace,ios,sports,view,43.23,0,0,not_applicable,,,False,0.0
2026-04-11 14:47:00,C00349,United Kingdom,web,android,home,add_to_cart,28.95,0,0,not_applicable,,,False,0.0
2026-04-11 14:52:00,C00164,Germany,web,android,beauty,add_to_cart,23.58,0,0,not_applicable,,,False,0.0
2026-04-11 15:08:00,C00537,Germany,partner_marketplace,desktop,electronics,review,177.16,0,0,not_applicable,,4.0,False,0.0
2026-04-11 15:31:00,C00108,Sweden,mobile_app,desktop,books,purchase,20.72,3,10,paid,31.0,,False,52.16
2026-04-11 15:35:00,C00650,Germany,web,desktop,home,view,151.27,0,0,not_applicable,,,False,0.0
2026-04-11 15:47:00,C00076,Germany,mobile_app,desktop,electronics,add_to_cart,101.63,0,0,not_applicable,,,False,0.0
2026-04-11 15:53:00,C00822,Germany,physical_store,pos_terminal,fashion,purchase,33.45,1,10,paid,24.0,,False,23.45
2026-04-11 15:53:00,C00132,Germany,mobile_app,ios,grocery,purchase,23.34,1,30,paid,70.0,,False,0.0
2026-04-11 16:08:00,C00105,United Kingdom,physical_store,pos_terminal,fashion,purchase,66.19,1,0,paid,52.0,,False,66.19
2026-04-11 16:21:00,C00241,United Kingdom,web,tablet,fashion,purchase,45.88,2,15,paid,32.0,,False,76.76
2026-04-11 16:29:00,C00479,Netherlands,partner_marketplace,android,fashion,purchase,37.83,2,5,paid,51.0,,False,70.66
2026-04-11 16:36:00,C00806,Netherlands,mobile_app,ios,beauty,add_to_cart,20.62,0,0,not_applicable,,,False,0.0
2026-04-11 16:39:00,C00675,Germany,mobile_app,ios,beauty,view,33.59,0,0,not_applicable,,,False,0.0
2026-04-11 16:40:00,C00734,Germany,web,ios,electronics,view,239.28,0,0,not_applicable,,,False,0.0
2026-04-11 16:45:00,C00696,Germany,physical_store,pos_terminal,fashion,view,63.25,0,0,not_applicable,,,False,0.0
2026-04-11 16:46:00,C00668,United Kingdom,mobile_app,ios,grocery,purchase,8.81,2,5,failed,58.0,,False,12.62
2026-04-11 16:56:00,C00720,United Kingdom,mobile_app,android,beauty,purchase,34.46,1,90,paid,102.0,,False,0.0
2026-04-11 16:58:00,C00541,Germany,web,android,electronics,review,88.69,0,0,not_applicable,,4.0,False,0.0
2026-04-11 17:34:00,C00727,France,mobile_app,ios,books,add_to_cart,9.31,0,0,not_applicable,,,False,0.0
2026-04-11 17:35:00,C00498,Ireland,web,desktop,grocery,review,6.63,0,0,not_applicable,,5.0,False,0.0
2026-04-11 17:39:00,C00401,Germany,mobile_app,desktop,beauty,review,36.31,0,0,not_applicable,,4.0,False,0.0
2026-04-11 17:49:00,C00577,France,physical_store,pos_terminal,books,view,14.97,0,0,not_applicable,,,False,0.0
2026-04-11 17:51:00,C00691,Netherlands,partner_marketplace,android,fashion,purchase,54.52,1,0,pending,33.0,,False,54.52
2026-04-11 18:00:00,C00328,Germany,web,desktop,fashion,purchase,38.87,1,5,paid,109.0,,False,33.87
2026-04-11 18:08:00,C00087,Germany,mobile_app,android,fashion,view,84.53,0,0,not_applicable,,,False,0.0
2026-04-11 18:12:00,C00644,United Kingdom,mobile_app,android,home,purchase,77.37,2,10,paid,59.0,,False,144.74
2026-04-11 18:51:00,C00746,Netherlands,mobile_app,,home,add_to_cart,55.92,0,0,not_applicable,,,False,0.0
2026-04-11 19:06:00,C00097,Sweden,mobile_app,desktop,home,purchase,21.57,1,0,pending,32.0,,False,21.57
2026-04-11 19:10:00,C00566,Germany,mobile_app,desktop,sports,review,33.05,0,0,not_applicable,,4.0,False,0.0
2026-04-11 19:16:00,C00742,Germany,web,android,beauty,add_to_cart,22.67,0,0,not_applicable,,,False,0.0
2026-04-11 19:21:00,C00826,Germany,web,desktop,books,view,19.01,0,0,not_applicable,,,False,0.0
2026-04-11 19:29:00,C00702,,partner_marketplace,desktop,electronics,purchase,72.61,1,5,paid,66.0,,True,67.61
2026-04-11 19:52:00,C00540,Ireland,physical_store,pos_terminal,grocery,view,16.58,0,0,not_applicable,,,False,0.0
2026-04-11 20:05:00,C00541,Ireland,partner_marketplace,android,fashion,view,26.88,0,0,not_applicable,,,False,0.0
2026-04-11 20:07:00,C00848,Ireland,mobile_app,desktop,books,add_to_cart,9.97,0,0,not_applicable,,,False,0.0
2026-04-11 20:32:00,C00802,Netherlands,physical_store,pos_terminal,home,return,43.76,1,0,not_applicable,,,True,43.76
2026-04-11 20:42:00,C00176,Ireland,mobile_app,desktop,electronics,view,165.42,0,0,not_applicable,,,False,0.0
2026-04-11 21:00:00,C00913,Netherlands,web,android,grocery,view,12.48,0,0,not_applicable,,,False,0.0
2026-04-11 21:15:00,C00457,Germany,mobile_app,desktop,beauty,purchase,20.63,1,0,paid,77.0,,False,20.63
2026-04-11 21:16:00,C00624,France,mobile_app,ios,books,view,31.75,0,0,not_applicable,,,False,0.0
2026-04-11 21:17:00,C00385,Sweden,mobile_app,ios,fashion,view,27.21,0,0,not_applicable,,,False,0.0
2026-04-11 21:21:00,C00084,Germany,partner_marketplace,ios,fashion,purchase,31.2,1,0,paid,6.0,,False,31.2
2026-04-11 21:42:00,C00120,Sweden,physical_store,pos_terminal,home,purchase,34.49,1,0,paid,64.0,,False,34.49
2026-04-11 21:51:00,C00580,Sweden,web,ios,grocery,view,6.81,0,0,not_applicable,,,False,0.0
2026-04-11 21:51:00,C00446,Germany,partner_marketplace,android,fashion,view,23.17,0,0,not_applicable,,,False,0.0
2026-04-11 22:09:00,C00851,United Kingdom,web,ios,home,add_to_cart,31.98,0,0,not_applicable,,,False,0.0
2026-04-11 22:13:00,C00773,United Kingdom,partner_marketplace,desktop,home,add_to_cart,71.86,0,0,not_applicable,,,False,0.0
2026-04-11 22:20:00,C00764,Netherlands,mobile_app,tablet,fashion,review,38.88,0,0,not_applicable,,5.0,False,0.0
2026-04-11 22:26:00,C00438,Netherlands,web,android,beauty,add_to_cart,12.69,0,0,not_applicable,,,False,0.0
2026-04-11 23:05:00,C00216,United Kingdom,partner_marketplace,android,beauty,review,46.31,0,0,not_applicable,,5.0,False,0.0
2026-04-11 23:06:00,C00852,Germany,mobile_app,ios,electronics,add_to_cart,98.22,0,0,not_applicable,,,False,0.0
2026-04-11 23:15:00,C00578,Germany,mobile_app,tablet,electronics,view,128.29,0,0,not_applicable,,,False,0.0
2026-04-11 23:18:00,C00930,France,mobile_app,desktop,fashion,view,32.1,0,0,not_applicable,,,False,0.0
2026-04-11 23:21:00,C00753,Netherlands,physical_store,pos_terminal,beauty,return,67.49,1,0,not_applicable,,,True,67.49
2026-04-11 23:23:00,C00795,Ireland,web,android,fashion,add_to_cart,37.93,0,0,not_applicable,,,False,0.0
2026-04-11 23:25:00,C00166,Sweden,web,android,electronics,view,145.5,0,0,not_applicable,,,False,0.0
2026-04-11 23:25:00,C00511,Germany,mobile_app,android,sports,review,109.9,0,0,not_applicable,,2.0,False,0.0
2026-04-11 23:32:00,C00701,Sweden,physical_store,pos_terminal,electronics,view,124.19,0,0,not_applicable,,,False,0.0
2026-04-11 23:32:00,C00297,Sweden,web,android,fashion,view,73.69,0,0,not_applicable,,,False,0.0
2026-04-11 23:39:00,C00631,France,web,desktop,books,view,34.43,0,0,not_applicable,,,False,0.0
2026-04-11 23:41:00,C00307,Germany,mobile_app,desktop,grocery,view,9.55,0,0,not_applicable,,,False,0.0
2026-04-11 23:46:00,C00897,Germany,physical_store,pos_terminal,fashion,view,58.06,0,0,not_applicable,,,False,0.0
2026-04-11 23:59:00,C00581,Netherlands,web,android,electronics,purchase,78.5,1,10,paid,70.0,,False,68.5
2026-04-12 00:07:00,C00302,Germany,mobile_app,desktop,fashion,purchase,24.66,1,0,paid,53.0,,False,24.66
2026-04-12 00:08:00,C00613,France,mobile_app,android,beauty,view,48.28,0,0,not_applicable,,,False,0.0
2026-04-12 00:08:00,C00012,Germany,web,desktop,grocery,view,13.22,0,0,not_applicable,,,False,0.0
2026-04-12 00:13:00,C00443,Germany,web,,electronics,add_to_cart,213.24,0,0,not_applicable,,,False,0.0
2026-04-12 00:14:00,C00641,Germany,web,ios,sports,purchase,48.78,1,0,paid,70.0,,False,48.78
2026-04-12 00:17:00,C00449,Germany,mobile_app,android,electronics,add_to_cart,72.07,0,0,not_applicable,,,False,0.0
2026-04-12 00:28:00,C00782,Netherlands,mobile_app,,grocery,purchase,13.45,1,0,paid,49.0,,False,13.45
2026-04-12 00:29:00,C00289,United Kingdom,web,ios,home,view,91.34,0,0,not_applicable,,,False,0.0
2026-04-12 00:30:00,C00237,United Kingdom,web,desktop,books,view,25.51,0,0,not_applicable,,,False,0.0
2026-04-12 00:42:00,C00065,Sweden,web,android,beauty,purchase,17.22,2,0,paid,5.0,,True,34.44
2026-04-12 00:43:00,C00022,United Kingdom,physical_store,pos_terminal,beauty,view,21.15,0,0,not_applicable,,,False,0.0
2026-04-12 00:51:00,C00347,Germany,mobile_app,desktop,grocery,review,11.15,0,0,not_applicable,,5.0,False,0.0
2026-04-12 00:52:00,C00704,United Kingdom,partner_marketplace,ios,fashion,purchase,48.04,1,10,pending,59.0,,False,38.04
2026-04-12 00:58:00,C00131,Germany,mobile_app,android,sports,purchase,36.62,1,15,failed,32.0,,False,21.62
2026-04-12 01:00:00,C00557,United Kingdom,mobile_app,android,electronics,purchase,163.49,1,15,paid,81.0,,False,148.49
2026-04-12 01:07:00,C00473,Germany,mobile_app,tablet,fashion,purchase,58.41,2,0,paid,70.0,,False,116.82
2026-04-12 01:10:00,C00404,Germany,web,desktop,sports,review,51.99,0,0,not_applicable,,2.0,False,0.0
2026-04-12 01:18:00,C00710,Germany,mobile_app,ios,electronics,add_to_cart,45.41,0,0,not_applicable,,,False,0.0
2026-04-12 01:34:00,C00486,Germany,physical_store,pos_terminal,home,review,128.09,0,0,not_applicable,,4.0,False,0.0
2026-04-12 01:50:00,C00099,Germany,physical_store,pos_terminal,grocery,purchase,24.65,1,5,paid,48.0,,False,19.65
2026-04-12 01:58:00,C00318,Sweden,web,android,fashion,view,52.27,0,60,not_applicable,,,False,0.0
2026-04-12 02:13:00,C00427,Germany,mobile_app,desktop,grocery,purchase,9.5,1,90,paid,68.0,,False,0.0
2026-04-12 02:13:00,C00076,United Kingdom,physical_store,pos_terminal,electronics,review,99.1,0,0,not_applicable,,3.0,False,0.0
2026-04-12 02:34:00,C00150,Netherlands,partner_marketplace,ios,beauty,view,18.13,0,0,not_applicable,,,False,0.0
2026-04-12 02:42:00,C00336,Germany,mobile_app,ios,grocery,purchase,10.67,1,0,paid,34.0,,False,10.67
2026-04-12 02:49:00,C00741,Netherlands,physical_store,pos_terminal,fashion,purchase,47.82,3,15,paid,10.0,,False,128.46
2026-04-12 03:00:00,C00872,Germany,physical_store,pos_terminal,sports,purchase,50.59,1,10,paid,54.0,,False,40.59
2026-04-12 03:00:00,C00014,Ireland,web,android,electronics,view,73.58,0,0,not_applicable,,,False,0.0
2026-04-12 03:09:00,C00404,Sweden,web,desktop,books,purchase,18.39,1,15,paid,40.0,,False,3.39
2026-04-12 03:10:00,C00890,Sweden,web,ios,electronics,view,74.11,0,0,not_applicable,,,False,0.0
2026-04-12 03:26:00,C00619,United Kingdom,mobile_app,android,sports,purchase,44.35,1,0,failed,44.0,,False,44.35
2026-04-12 03:36:00,C00471,Germany,web,desktop,grocery,add_to_cart,21.79,0,0,not_applicable,,,False,0.0
2026-04-12 03:38:00,C00730,Netherlands,web,desktop,electronics,review,282.34,0,0,not_applicable,,2.0,False,0.0
2026-04-12 03:43:00,C00854,Netherlands,physical_store,pos_terminal,grocery,purchase,10.26,1,0,paid,67.0,,False,10.26
2026-04-12 03:44:00,C00922,Germany,mobile_app,ios,sports,add_to_cart,56.09,0,0,not_applicable,,,False,0.0
2026-04-12 03:47:00,C00492,Sweden,web,,beauty,purchase,17.84,1,15,paid,26.0,,False,2.84
2026-04-12 04:18:00,C00298,United Kingdom,web,android,sports,purchase,45.36,1,5,paid,61.0,,False,40.36
2026-04-12 04:19:00,C00314,United Kingdom,web,tablet,electronics,purchase,77.86,1,0,paid,89.0,,True,77.86
2026-04-12 04:22:00,C00577,France,mobile_app,ios,fashion,view,27.11,0,0,not_applicable,,,False,0.0
2026-04-12 04:49:00,C00282,Germany,web,desktop,beauty,purchase,36.79,1,15,paid,91.0,,False,21.79
2026-04-12 04:54:00,C00482,Germany,web,desktop,home,view,31.94,0,0,not_applicable,,,False,0.0
2026-04-12 05:11:00,C00937,Germany,web,desktop,beauty,view,20.12,0,0,not_applicable,,,False,0.0
2026-04-12 05:28:00,C00807,Germany,web,desktop,beauty,view,19.88,0,0,not_applicable,,,False,0.0
2026-04-12 05:30:00,C00939,United Kingdom,physical_store,pos_terminal,sports,view,103.2,0,0,not_applicable,,,False,0.0
2026-04-12 05:40:00,C00576,Germany,physical_store,pos_terminal,beauty,review,20.42,0,0,not_applicable,,4.0,False,0.0
2026-04-12 06:01:00,C00848,Germany,partner_marketplace,desktop,grocery,purchase,8.08,1,0,paid,17.0,,False,8.08
2026-04-12 06:21:00,C00335,United Kingdom,web,android,home,review,62.38,0,0,not_applicable,,4.0,False,0.0
2026-04-12 06:25:00,C00283,Sweden,physical_store,pos_terminal,fashion,purchase,51.42,2,90,paid,60.0,,False,12.84
2026-04-12 06:30:00,C00867,France,partner_marketplace,ios,sports,view,129.43,0,0,not_applicable,,,False,0.0
2026-04-12 06:34:00,C00288,Netherlands,web,android,beauty,purchase,38.4,1,20,paid,93.0,,False,18.4
2026-04-12 06:50:00,C00462,Ireland,physical_store,pos_terminal,books,view,14.83,0,0,not_applicable,,,False,0.0
2026-04-12 07:10:00,C00036,Germany,physical_store,pos_terminal,fashion,view,28.43,0,0,not_applicable,,,False,0.0
2026-04-12 07:16:00,C00608,Germany,web,desktop,electronics,view,92.64,0,0,not_applicable,,,False,0.0
2026-04-12 07:35:00,C00056,United Kingdom,web,desktop,electronics,view,135.87,0,0,not_applicable,,,False,0.0
2026-04-12 07:44:00,C00891,Germany,web,desktop,books,add_to_cart,14.16,0,0,not_applicable,,,False,0.0
2026-04-12 07:55:00,C00370,Ireland,web,desktop,fashion,purchase,65.01,1,0,paid,5.0,,False,65.01
2026-04-12 08:06:00,C00481,Germany,web,ios,fashion,purchase,33.68,3,0,failed,39.0,,False,101.04
2026-04-12 08:14:00,C00947,Germany,partner_marketplace,ios,sports,purchase,50.44,2,5,paid,39.0,,False,95.88
2026-04-12 08:16:00,C00466,Germany,web,tablet,electronics,return,167.9,2,0,not_applicable,,,True,335.8
2026-04-12 08:26:00,C00101,Ireland,mobile_app,desktop,home,view,46.53,0,0,not_applicable,,,False,0.0
2026-04-12 08:34:00,C00181,Germany,mobile_app,desktop,books,purchase,16.74,1,0,paid,23.0,,False,16.74
2026-04-12 08:35:00,C00646,Germany,physical_store,pos_terminal,fashion,add_to_cart,44.66,0,0,not_applicable,,,False,0.0
2026-04-12 08:36:00,C00705,Germany,mobile_app,ios,beauty,add_to_cart,18.19,0,0,not_applicable,,,False,0.0
2026-04-12 08:38:00,C00750,France,physical_store,pos_terminal,grocery,add_to_cart,12.32,0,0,not_applicable,,,False,0.0
2026-04-12 08:48:00,C00641,United Kingdom,mobile_app,ios,grocery,view,15.66,0,0,not_applicable,,,False,0.0
2026-04-12 08:49:00,C00685,United Kingdom,mobile_app,desktop,fashion,add_to_cart,42.15,0,0,not_applicable,,,False,0.0
2026-04-12 08:49:00,C00553,Germany,mobile_app,android,grocery,add_to_cart,18.9,0,0,not_applicable,,,False,0.0
2026-04-12 08:56:00,C00571,United Kingdom,mobile_app,android,grocery,add_to_cart,6.33,0,0,not_applicable,,,False,0.0
2026-04-12 09:05:00,C00567,United Kingdom,web,ios,beauty,purchase,16.7,1,0,paid,29.0,,False,16.7
2026-04-12 09:15:00,C00382,Germany,web,tablet,fashion,add_to_cart,45.71,0,0,not_applicable,,,False,0.0
2026-04-12 09:18:00,C00655,Ireland,mobile_app,android,home,add_to_cart,42.0,0,0,not_applicable,,,False,0.0
2026-04-12 09:27:00,C00155,Germany,mobile_app,android,home,review,164.27,0,0,not_applicable,,4.0,False,0.0
2026-04-12 09:31:00,C00823,Sweden,mobile_app,desktop,fashion,purchase,38.03,1,30,paid,80.0,,False,8.03
2026-04-12 09:47:00,C00477,France,physical_store,pos_terminal,books,view,31.93,0,0,not_applicable,,,False,0.0
2026-04-12 10:02:00,C00180,France,mobile_app,android,grocery,purchase,8.69,1,0,paid,58.0,,False,8.69
2026-04-12 10:05:00,C00878,Ireland,mobile_app,android,books,purchase,33.66,1,30,pending,42.0,,False,3.66
2026-04-12 10:07:00,C00168,Germany,web,android,grocery,view,9.76,0,0,not_applicable,,,False,0.0
2026-04-12 10:12:00,C00759,Germany,mobile_app,ios,books,add_to_cart,15.54,0,0,not_applicable,,,False,0.0
2026-04-12 10:14:00,C00763,Germany,web,desktop,grocery,add_to_cart,14.0,0,0,not_applicable,,,False,0.0
2026-04-12 10:15:00,C00015,Germany,web,desktop,beauty,purchase,17.41,3,5,paid,44.0,,False,47.23
2026-04-12 10:16:00,C00776,United Kingdom,physical_store,pos_terminal,fashion,view,50.25,0,0,not_applicable,,,False,0.0
2026-04-12 10:23:00,C00847,Germany,web,android,beauty,add_to_cart,49.83,0,0,not_applicable,,,False,0.0
2026-04-12 10:53:00,C00108,United Kingdom,mobile_app,ios,grocery,add_to_cart,10.75,0,0,not_applicable,,,False,0.0
2026-04-12 11:26:00,C00097,France,physical_store,pos_terminal,fashion,view,21.25,0,0,not_applicable,,,False,0.0
2026-04-12 11:29:00,C00676,France,mobile_app,android,fashion,view,34.65,0,0,not_applicable,,,False,0.0
2026-04-12 11:30:00,C00747,Germany,partner_marketplace,android,electronics,review,135.33,0,0,not_applicable,,5.0,False,0.0
2026-04-12 11:33:00,C00085,,partner_marketplace,desktop,sports,review,47.46,0,0,not_applicable,,4.0,False,0.0
2026-04-12 11:34:00,C00853,Netherlands,physical_store,pos_terminal,beauty,review,17.15,0,0,not_applicable,,4.0,False,0.0
2026-04-12 11:35:00,C00568,United Kingdom,mobile_app,desktop,fashion,view,41.84,0,0,not_applicable,,,False,0.0
2026-04-12 11:45:00,C00267,Sweden,physical_store,pos_terminal,sports,purchase,86.69,2,30,paid,23.0,,False,143.38
2026-04-12 11:50:00,C00902,Germany,mobile_app,ios,sports,view,40.58,0,0,not_applicable,,,False,0.0
2026-04-12 11:55:00,C00418,France,mobile_app,tablet,electronics,purchase,137.99,2,10,pending,7.0,,False,265.98
2026-04-12 11:56:00,C00904,France,physical_store,pos_terminal,fashion,add_to_cart,48.17,0,0,not_applicable,,,False,0.0
2026-04-12 11:56:00,C00381,Sweden,web,ios,electronics,purchase,129.68,1,0,paid,38.0,,False,129.68
2026-04-12 11:57:00,C00108,Ireland,partner_marketplace,android,home,add_to_cart,123.2,0,0,not_applicable,,,False,0.0
2026-04-12 12:06:00,C00737,Netherlands,physical_store,,fashion,purchase,66.84,2,0,paid,81.0,,False,133.68
2026-04-12 12:11:00,C00018,United Kingdom,web,android,grocery,view,16.1,0,0,not_applicable,,,False,0.0
2026-04-12 12:13:00,C00896,France,web,ios,electronics,add_to_cart,69.75,0,0,not_applicable,,,False,0.0
2026-04-12 12:16:00,C00420,Netherlands,web,desktop,sports,view,61.34,0,0,not_applicable,,,False,0.0
2026-04-12 12:36:00,C00102,France,mobile_app,desktop,beauty,add_to_cart,41.32,0,0,not_applicable,,,False,0.0
2026-04-12 12:39:00,C00333,Germany,web,desktop,home,add_to_cart,105.29,0,0,not_applicable,,,False,0.0
2026-04-12 12:45:00,C00414,Germany,physical_store,pos_terminal,fashion,return,67.52,1,0,not_applicable,,,True,67.52
2026-04-12 13:01:00,C00896,Germany,mobile_app,android,grocery,add_to_cart,14.78,0,0,not_applicable,,,False,0.0
2026-04-12 13:12:00,C00940,Germany,web,desktop,fashion,return,45.65,1,0,not_applicable,,,True,45.65
2026-04-12 13:19:00,C00026,Germany,mobile_app,desktop,books,return,10.24,1,0,not_applicable,,,True,10.24
2026-04-12 14:00:00,C00130,Germany,mobile_app,desktop,fashion,add_to_cart,32.74,0,0,not_applicable,,,False,0.0
2026-04-12 14:07:00,C00938,Germany,physical_store,pos_terminal,grocery,purchase,20.8,2,5,pending,32.0,,False,36.6
2026-04-12 14:12:00,C00408,United Kingdom,partner_marketplace,ios,fashion,purchase,71.84,1,10,paid,17.0,,False,61.84
2026-04-12 14:16:00,C00099,Germany,web,ios,home,purchase,101.37,1,10,paid,25.0,,False,91.37
2026-04-12 14:39:00,C00089,United Kingdom,web,android,fashion,return,63.83,1,0,not_applicable,,,True,63.83
2026-04-12 14:40:00,C00373,Ireland,web,desktop,electronics,add_to_cart,176.72,0,0,not_applicable,,,False,0.0
2026-04-12 14:47:00,C00102,Sweden,mobile_app,desktop,grocery,view,7.49,0,0,not_applicable,,,False,0.0
2026-04-12 14:58:00,C00339,,mobile_app,android,beauty,purchase,34.74,1,20,paid,76.0,,False,14.74
2026-04-12 15:07:00,C00735,Germany,web,ios,fashion,view,25.98,0,0,not_applicable,,,False,0.0
2026-04-12 15:07:00,C00791,Germany,mobile_app,desktop,beauty,add_to_cart,41.54,0,0,not_applicable,,,False,0.0
2026-04-12 15:07:00,C00845,Germany,mobile_app,ios,sports,add_to_cart,54.53,0,0,not_applicable,,,False,0.0
2026-04-12 15:14:00,C00613,Sweden,mobile_app,tablet,fashion,purchase,41.44,2,20,paid,48.0,,False,62.88
2026-04-12 15:21:00,C00355,United Kingdom,web,android,fashion,add_to_cart,50.48,0,0,not_applicable,,,False,0.0
2026-04-12 15:26:00,C00713,Germany,web,ios,beauty,view,23.68,0,0,not_applicable,,,False,0.0
2026-04-12 15:28:00,C00769,Ireland,mobile_app,ios,grocery,view,7.92,0,0,not_applicable,,,False,0.0
2026-04-12 15:33:00,C00127,Germany,physical_store,,beauty,purchase,11.91,2,20,paid,67.0,,False,3.82
2026-04-12 15:51:00,C00843,Sweden,web,ios,grocery,view,26.14,0,0,not_applicable,,,False,0.0
2026-04-12 16:00:00,C00700,Sweden,web,ios,books,purchase,35.2,1,0,paid,46.0,,False,35.2
2026-04-12 16:03:00,C00137,Germany,web,desktop,beauty,view,13.45,0,0,not_applicable,,,False,0.0
2026-04-12 16:19:00,C00604,Germany,mobile_app,ios,fashion,purchase,34.48,2,0,failed,63.0,,False,68.96
2026-04-12 16:19:00,C00281,Germany,physical_store,pos_terminal,fashion,purchase,39.19,1,20,paid,81.0,,False,19.19
2026-04-12 16:21:00,C00100,Sweden,web,desktop,grocery,view,22.0,0,0,not_applicable,,,False,0.0
2026-04-12 16:22:00,C00247,Germany,mobile_app,desktop,sports,purchase,90.37,1,10,paid,58.0,,False,80.37
2026-04-12 16:26:00,C00684,France,web,desktop,fashion,review,29.19,0,0,not_applicable,,3.0,False,0.0
2026-04-12 16:29:00,C00330,Sweden,mobile_app,desktop,grocery,add_to_cart,23.33,0,0,not_applicable,,,False,0.0
2026-04-12 16:29:00,C00510,Sweden,web,android,electronics,view,50.61,0,0,not_applicable,,,False,0.0
2026-04-12 16:30:00,C00242,Sweden,mobile_app,android,sports,add_to_cart,141.32,0,0,not_applicable,,,False,0.0
2026-04-12 16:40:00,C00632,France,physical_store,pos_terminal,beauty,add_to_cart,53.82,0,0,not_applicable,,,False,0.0
2026-04-12 16:40:00,C00675,Germany,web,android,electronics,purchase,38.41,1,0,paid,32.0,,False,38.41
2026-04-12 16:41:00,C00251,Germany,web,android,fashion,purchase,75.34,1,0,paid,32.0,,False,75.34
2026-04-12 16:58:00,C00691,United Kingdom,web,ios,beauty,view,12.06,0,0,not_applicable,,,False,0.0
2026-04-12 17:00:00,C00502,Netherlands,mobile_app,android,fashion,add_to_cart,33.39,0,0,not_applicable,,,False,0.0
2026-04-12 17:20:00,C00873,Germany,web,tablet,beauty,purchase,28.9,1,5,failed,60.0,,False,23.9
2026-04-12 17:28:00,C00288,Netherlands,physical_store,pos_terminal,grocery,review,5.72,0,0,not_applicable,,3.0,False,0.0
2026-04-12 17:38:00,C00523,United Kingdom,mobile_app,android,grocery,purchase,9.0,2,20,paid,72.0,,False,0.0
2026-04-12 17:47:00,C00687,Germany,mobile_app,desktop,electronics,view,59.93,0,0,not_applicable,,,False,0.0
2026-04-12 17:59:00,C00051,United Kingdom,mobile_app,tablet,fashion,purchase,19.35,1,0,failed,68.0,,False,19.35
2026-04-12 18:03:00,C00058,Germany,mobile_app,desktop,home,view,64.49,0,0,not_applicable,,,False,0.0
2026-04-12 18:22:00,C00626,Germany,physical_store,,grocery,view,4.14,0,75,not_applicable,,,False,0.0
2026-04-12 18:27:00,C00933,Germany,physical_store,pos_terminal,beauty,view,33.84,0,0,not_applicable,,,False,0.0
2026-04-12 18:38:00,C00886,United Kingdom,partner_marketplace,ios,grocery,view,23.42,0,0,not_applicable,,,False,0.0
2026-04-12 18:49:00,C00758,Germany,physical_store,pos_terminal,fashion,view,80.19,0,0,not_applicable,,,False,0.0
2026-04-12 19:12:00,C00303,Ireland,web,android,home,add_to_cart,72.57,0,0,not_applicable,,,False,0.0
2026-04-12 19:25:00,C00616,Sweden,partner_marketplace,android,fashion,add_to_cart,31.35,0,0,not_applicable,,,False,0.0
2026-04-12 19:25:00,C00109,France,web,android,sports,purchase,109.93,1,20,paid,80.0,,False,89.93
2026-04-12 19:48:00,C00097,Germany,partner_marketplace,ios,sports,add_to_cart,50.16,0,0,not_applicable,,,False,0.0
2026-04-12 20:07:00,C00557,Netherlands,web,android,books,view,8.26,0,0,not_applicable,,,False,0.0
2026-04-12 20:12:00,C00676,Germany,web,android,home,view,48.34,0,0,not_applicable,,,False,0.0
2026-04-12 20:22:00,C00487,Germany,physical_store,pos_terminal,grocery,purchase,8.61,3,15,paid,68.0,,False,10.83
2026-04-12 20:29:00,C00231,Ireland,mobile_app,android,home,add_to_cart,31.41,0,0,not_applicable,,,False,0.0
2026-04-12 20:56:00,C00504,Germany,mobile_app,android,beauty,add_to_cart,20.84,0,0,not_applicable,,,False,0.0
2026-04-12 20:58:00,C00254,Netherlands,web,desktop,sports,review,63.36,0,0,not_applicable,,3.0,False,0.0
2026-04-12 21:02:00,C00286,Germany,web,android,fashion,add_to_cart,27.58,0,0,not_applicable,,,False,0.0
2026-04-12 21:03:00,C00554,Germany,web,desktop,grocery,view,9.07,0,0,not_applicable,,,False,0.0
2026-04-12 21:20:00,C00567,Germany,web,desktop,grocery,review,31.09,0,0,not_applicable,,5.0,False,0.0
2026-04-12 21:32:00,C00386,,web,tablet,grocery,view,18.41,0,0,not_applicable,,,False,0.0
2026-04-12 21:58:00,C00269,Netherlands,web,ios,books,view,21.49,0,0,not_applicable,,,False,0.0
2026-04-12 22:06:00,C00855,Germany,physical_store,pos_terminal,sports,add_to_cart,33.53,0,0,not_applicable,,,False,0.0
2026-04-12 22:07:00,C00799,Germany,mobile_app,android,books,view,21.13,0,0,not_applicable,,,False,0.0
2026-04-12 22:30:00,C00411,France,partner_marketplace,android,beauty,return,15.82,1,0,not_applicable,,,True,15.82
2026-04-12 22:32:00,C00364,Germany,web,android,electronics,purchase,124.7,1,5,failed,79.0,,False,119.7
2026-04-12 22:36:00,C00702,Germany,physical_store,pos_terminal,sports,purchase,59.11,2,15,paid,52.0,,False,103.22
2026-04-12 22:51:00,C00611,Germany,mobile_app,android,books,view,12.46,0,0,not_applicable,,,False,0.0
2026-04-12 22:57:00,C00167,United Kingdom,physical_store,pos_terminal,beauty,purchase,26.05,1,0,pending,22.0,,False,26.05
2026-04-12 22:58:00,C00317,United Kingdom,physical_store,pos_terminal,beauty,add_to_cart,33.86,0,0,not_applicable,,,False,0.0
2026-04-12 23:09:00,C00181,Ireland,mobile_app,desktop,home,review,182.55,0,0,not_applicable,,3.0,False,0.0
2026-04-12 23:11:00,C00259,France,mobile_app,desktop,grocery,view,17.01,0,0,not_applicable,,,False,0.0
2026-04-12 23:17:00,C00441,Ireland,web,android,grocery,review,17.32,0,0,not_applicable,,3.0,False,0.0
2026-04-12 23:17:00,C00350,United Kingdom,mobile_app,desktop,fashion,purchase,48.01,1,5,paid,47.0,,False,43.01
2026-04-12 23:46:00,C00123,Germany,web,ios,sports,review,53.01,0,0,not_applicable,,4.0,False,0.0
2026-04-12 23:57:00,C00022,Germany,mobile_app,android,fashion,view,59.31,0,0,not_applicable,,,False,0.0
2026-04-13 00:02:00,C00402,Germany,partner_marketplace,android,electronics,purchase,112.62,1,20,paid,128.0,,False,92.62
2026-04-13 00:07:00,C00084,Netherlands,partner_marketplace,android,beauty,purchase,16.29,1,0,paid,23.0,,False,16.29
2026-04-13 00:18:00,C00003,Ireland,web,android,sports,view,76.66,0,0,not_applicable,,,False,0.0
2026-04-13 00:20:00,C00916,Ireland,mobile_app,android,home,view,52.55,0,0,not_applicable,,,False,0.0
2026-04-13 00:32:00,C00401,Germany,mobile_app,ios,home,view,161.57,0,0,not_applicable,,,False,0.0
2026-04-13 00:43:00,C00147,Germany,partner_marketplace,ios,home,add_to_cart,93.37,0,0,not_applicable,,,False,0.0
2026-04-13 01:10:00,C00237,Germany,mobile_app,android,beauty,view,21.41,0,0,not_applicable,,,False,0.0
2026-04-13 01:31:00,C00600,Germany,physical_store,pos_terminal,fashion,view,57.86,0,0,not_applicable,,,False,0.0
2026-04-13 01:37:00,C00424,Germany,web,ios,grocery,view,8.55,0,0,not_applicable,,,False,0.0
2026-04-13 01:41:00,C00245,Sweden,mobile_app,desktop,fashion,purchase,38.7,1,5,paid,39.0,,False,33.7
2026-04-13 01:55:00,C00123,Germany,web,android,electronics,return,139.0,2,0,not_applicable,,,True,278.0
2026-04-13 01:59:00,C00768,Ireland,mobile_app,android,beauty,add_to_cart,18.27,0,0,not_applicable,,,False,0.0
2026-04-13 02:21:00,C00310,United Kingdom,physical_store,pos_terminal,home,purchase,107.46,1,15,paid,44.0,,False,92.46
2026-04-13 02:29:00,C00727,Germany,physical_store,pos_terminal,grocery,add_to_cart,8.5,0,0,not_applicable,,,False,0.0
2026-04-13 02:35:00,C00604,Germany,physical_store,pos_terminal,electronics,view,362.04,0,0,not_applicable,,,False,0.0
2026-04-13 02:40:00,C00056,Germany,mobile_app,desktop,fashion,review,35.63,0,0,not_applicable,,5.0,False,0.0
2026-04-13 02:53:00,C00205,France,mobile_app,android,fashion,return,49.98,1,0,not_applicable,,,True,49.98
2026-04-13 02:55:00,C00275,Germany,mobile_app,desktop,grocery,purchase,30.03,1,10,paid,82.0,,False,20.03
2026-04-13 03:24:00,C00158,Germany,partner_marketplace,ios,sports,purchase,47.64,1,5,paid,57.0,,False,42.64
2026-04-13 03:32:00,C00054,Netherlands,mobile_app,ios,books,view,7.69,0,0,not_applicable,,,False,0.0
2026-04-13 03:44:00,C00530,Germany,web,ios,fashion,view,37.69,0,0,not_applicable,,,False,0.0
2026-04-13 03:50:00,C00814,Netherlands,mobile_app,desktop,beauty,purchase,51.67,1,0,failed,52.0,,False,51.67
2026-04-13 03:52:00,C00190,Netherlands,web,android,home,purchase,128.09,2,0,paid,24.0,,False,256.18
2026-04-13 04:06:00,C00596,Germany,web,android,sports,view,54.83,0,0,not_applicable,,,False,0.0
2026-04-13 04:12:00,C00571,United Kingdom,physical_store,pos_terminal,electronics,add_to_cart,163.37,0,0,not_applicable,,,False,0.0
2026-04-13 04:40:00,C00145,Germany,physical_store,pos_terminal,fashion,review,48.1,0,0,not_applicable,,3.0,False,0.0
2026-04-13 04:47:00,C00098,United Kingdom,web,android,fashion,add_to_cart,34.33,0,0,not_applicable,,,False,0.0
2026-04-13 05:00:00,C00154,Germany,mobile_app,desktop,grocery,view,13.32,0,0,not_applicable,,,False,0.0
2026-04-13 05:29:00,C00564,France,physical_store,pos_terminal,books,view,24.9,0,0,not_applicable,,,False,0.0
2026-04-13 05:48:00,C00200,Germany,mobile_app,android,home,purchase,75.98,2,20,paid,33.0,,False,131.96
2026-04-13 05:49:00,C00202,Germany,mobile_app,ios,electronics,review,84.78,0,0,not_applicable,,4.0,False,0.0
2026-04-13 06:04:00,C00887,Netherlands,physical_store,pos_terminal,beauty,purchase,32.21,1,0,paid,59.0,,False,32.21
2026-04-13 06:06:00,C00798,United Kingdom,web,android,grocery,purchase,9.59,2,15,paid,33.0,,False,4.18
2026-04-13 06:15:00,C00465,Germany,web,desktop,fashion,purchase,45.83,1,0,paid,52.0,,False,45.83
2026-04-13 06:18:00,C00074,United Kingdom,web,desktop,electronics,view,48.72,0,0,not_applicable,,,False,0.0
2026-04-13 06:18:00,C00490,Netherlands,physical_store,pos_terminal,grocery,purchase,11.15,1,0,paid,37.0,,False,11.15
2026-04-13 06:18:00,C00596,Germany,web,desktop,electronics,purchase,235.97,1,0,paid,32.0,,False,235.97
2026-04-13 06:26:00,C00335,United Kingdom,web,desktop,fashion,purchase,89.85,1,0,paid,56.0,,False,89.85
2026-04-13 06:26:00,C00235,Germany,web,tablet,grocery,return,18.46,2,0,not_applicable,,,True,36.92
2026-04-13 06:48:00,C00928,France,web,android,grocery,view,12.78,0,0,not_applicable,,,False,0.0
2026-04-13 06:54:00,C00537,Germany,mobile_app,android,electronics,review,151.48,0,0,not_applicable,,3.0,False,0.0
2026-04-13 07:15:00,C00452,Germany,mobile_app,android,electronics,purchase,127.22,1,10,paid,45.0,,True,117.22
2026-04-13 07:16:00,C00375,United Kingdom,partner_marketplace,tablet,electronics,view,213.59,0,0,not_applicable,,,False,0.0
2026-04-13 07:26:00,C00548,Germany,web,desktop,home,view,78.15,0,0,not_applicable,,,False,0.0
2026-04-13 07:39:00,C00903,Germany,mobile_app,android,sports,view,82.76,0,0,not_applicable,,,False,0.0
2026-04-13 07:48:00,C00912,Sweden,mobile_app,desktop,beauty,view,28.42,0,0,not_applicable,,,False,0.0
2026-04-13 07:53:00,C00060,Germany,partner_marketplace,ios,beauty,view,20.33,0,0,not_applicable,,,False,0.0
2026-04-13 08:03:00,C00300,Germany,physical_store,pos_terminal,sports,review,68.78,0,0,not_applicable,,5.0,False,0.0
2026-04-13 08:04:00,C00688,Germany,web,ios,fashion,purchase,64.3,2,10,failed,55.0,,False,118.6
2026-04-13 08:14:00,C00683,Netherlands,physical_store,pos_terminal,grocery,purchase,12.35,1,0,paid,15.0,,False,12.35
2026-04-13 08:15:00,C00374,Germany,mobile_app,android,grocery,view,22.36,0,0,not_applicable,,,False,0.0
2026-04-13 08:31:00,C00641,France,physical_store,pos_terminal,electronics,purchase,48.59,2,0,paid,38.0,,False,97.18
2026-04-13 08:31:00,C00389,Germany,physical_store,pos_terminal,sports,purchase,21.61,1,5,paid,46.0,,False,16.61
2026-04-13 08:38:00,C00175,United Kingdom,physical_store,pos_terminal,electronics,review,87.6,0,0,not_applicable,,5.0,False,0.0
2026-04-13 08:40:00,C00387,Germany,web,android,fashion,view,32.47,0,0,not_applicable,,,False,0.0
2026-04-13 09:05:00,C00835,Germany,mobile_app,desktop,fashion,add_to_cart,33.88,0,0,not_applicable,,,False,0.0
2026-04-13 09:10:00,C00131,Netherlands,mobile_app,ios,books,return,17.67,2,0,not_applicable,,,True,35.34
2026-04-13 09:11:00,C00420,Netherlands,mobile_app,desktop,home,add_to_cart,105.45,0,0,not_applicable,,,False,0.0
2026-04-13 09:14:00,C00310,Germany,web,tablet,fashion,review,83.39,0,0,not_applicable,,2.0,False,0.0
2026-04-13 09:16:00,C00642,France,physical_store,pos_terminal,home,purchase,41.95,2,0,paid,54.0,,False,83.9
2026-04-13 09:18:00,C00842,Netherlands,mobile_app,android,books,view,27.6,0,0,not_applicable,,,False,0.0
2026-04-13 09:23:00,C00372,Germany,mobile_app,ios,home,purchase,105.25,1,10,paid,34.0,,False,95.25
2026-04-13 09:27:00,C00137,Ireland,web,desktop,home,return,120.8,1,0,not_applicable,,,True,120.8
2026-04-13 09:33:00,C00418,United Kingdom,mobile_app,desktop,fashion,review,40.34,0,0,not_applicable,,5.0,False,0.0
2026-04-13 09:47:00,C00522,Netherlands,web,ios,books,purchase,15.53,1,10,paid,96.0,,False,5.53
2026-04-13 09:48:00,C00326,France,physical_store,pos_terminal,fashion,add_to_cart,55.01,0,0,not_applicable,,,False,0.0
2026-04-13 09:55:00,C00808,Sweden,web,desktop,beauty,return,25.24,1,0,not_applicable,,,True,25.24
2026-04-13 09:58:00,C00830,United Kingdom,mobile_app,desktop,fashion,purchase,64.3,1,30,pending,64.0,,False,34.3
2026-04-13 10:13:00,C00325,Germany,physical_store,pos_terminal,electronics,view,136.02,0,0,not_applicable,,,False,0.0
2026-04-13 10:18:00,C00066,Germany,mobile_app,android,home,view,66.2,0,0,not_applicable,,,False,0.0
2026-04-13 10:23:00,C00323,Germany,mobile_app,ios,home,review,65.12,0,0,not_applicable,,3.0,False,0.0
2026-04-13 10:46:00,C00897,United Kingdom,mobile_app,tablet,grocery,purchase,10.96,2,5,paid,55.0,,False,16.92
2026-04-13 10:47:00,C00946,Ireland,web,android,grocery,add_to_cart,9.85,0,0,not_applicable,,,False,0.0
2026-04-13 10:54:00,C00331,United Kingdom,web,desktop,beauty,view,53.8,0,0,not_applicable,,,False,0.0
2026-04-13 10:55:00,C00485,Germany,physical_store,pos_terminal,home,return,141.41,2,0,not_applicable,,,True,282.82
2026-04-13 11:19:00,C00938,Netherlands,mobile_app,ios,fashion,purchase,55.47,1,0,paid,73.0,,False,55.47
2026-04-13 11:47:00,C00843,Sweden,mobile_app,android,sports,review,40.59,0,0,not_applicable,,5.0,False,0.0
2026-04-13 12:02:00,C00293,France,physical_store,pos_terminal,sports,purchase,51.96,1,15,paid,43.0,,False,36.96
2026-04-13 12:34:00,C00818,Sweden,web,tablet,sports,purchase,67.15,1,20,paid,33.0,,False,47.15
2026-04-13 12:52:00,C00272,Germany,physical_store,pos_terminal,beauty,review,29.85,0,0,not_applicable,,3.0,False,0.0
2026-04-13 12:53:00,C00373,Germany,mobile_app,android,sports,purchase,131.66,1,5,paid,71.0,,False,126.66
2026-04-13 12:56:00,C00811,Ireland,physical_store,pos_terminal,grocery,purchase,13.22,1,5,paid,31.0,,False,8.22
2026-04-13 13:01:00,C00119,Germany,mobile_app,desktop,fashion,add_to_cart,56.05,0,0,not_applicable,,,False,0.0
2026-04-13 13:12:00,C00458,United Kingdom,web,desktop,grocery,return,10.74,1,0,not_applicable,,,True,10.74
2026-04-13 13:41:00,C00177,United Kingdom,partner_marketplace,desktop,grocery,add_to_cart,10.85,0,0,not_applicable,,,False,0.0
2026-04-13 13:41:00,C00705,Germany,physical_store,pos_terminal,books,view,32.55,0,0,not_applicable,,,False,0.0
2026-04-13 14:07:00,C00455,Germany,mobile_app,tablet,books,view,18.34,0,0,not_applicable,,,False,0.0
2026-04-13 14:20:00,C00630,United Kingdom,physical_store,pos_terminal,sports,view,50.2,0,0,not_applicable,,,False,0.0
2026-04-13 14:31:00,C00028,Sweden,mobile_app,ios,grocery,purchase,5.69,1,5,paid,37.0,,False,0.69
2026-04-13 14:37:00,C00411,Germany,physical_store,pos_terminal,electronics,view,80.0,0,0,not_applicable,,,False,0.0
2026-04-13 14:44:00,C00345,Germany,web,ios,grocery,view,31.59,0,0,not_applicable,,,False,0.0
2026-04-13 14:57:00,C00082,Netherlands,partner_marketplace,android,sports,view,74.96,0,0,not_applicable,,,False,0.0
2026-04-13 14:59:00,C00949,Netherlands,physical_store,pos_terminal,electronics,add_to_cart,92.44,0,0,not_applicable,,,False,0.0
2026-04-13 15:00:00,C00478,Netherlands,mobile_app,ios,beauty,add_to_cart,48.59,0,0,not_applicable,,,False,0.0
2026-04-13 15:01:00,C00725,Sweden,mobile_app,android,grocery,add_to_cart,9.73,0,0,not_applicable,,,False,0.0
2026-04-13 15:06:00,C00610,Germany,mobile_app,desktop,beauty,add_to_cart,43.91,0,0,not_applicable,,,False,0.0
2026-04-13 15:09:00,C00512,United Kingdom,physical_store,pos_terminal,fashion,purchase,95.41,2,20,pending,53.0,,False,170.82
2026-04-13 15:12:00,C00789,Germany,mobile_app,ios,grocery,purchase,7.98,1,20,paid,51.0,,False,0.0
2026-04-13 15:32:00,C00652,Netherlands,web,android,fashion,review,52.35,0,0,not_applicable,,3.0,False,0.0
2026-04-13 15:40:00,C00690,Netherlands,mobile_app,tablet,fashion,purchase,55.92,3,5,paid,90.0,,False,162.76
2026-04-13 15:43:00,C00755,Sweden,physical_store,pos_terminal,beauty,purchase,28.87,1,0,paid,44.0,,False,28.87
2026-04-13 15:49:00,C00560,Germany,mobile_app,tablet,fashion,view,23.01,0,0,not_applicable,,,False,0.0
2026-04-13 15:51:00,C00355,Germany,mobile_app,ios,fashion,purchase,44.31,2,10,paid,95.0,,True,78.62
2026-04-13 15:55:00,C00825,Germany,web,android,grocery,purchase,11.85,1,10,paid,57.0,,False,1.85
2026-04-13 16:09:00,C00350,United Kingdom,web,ios,home,return,210.71,1,0,not_applicable,,,True,210.71
2026-04-13 16:23:00,C00581,Sweden,web,ios,home,purchase,60.17,1,0,paid,46.0,,True,60.17
2026-04-13 17:12:00,C00446,Sweden,physical_store,pos_terminal,electronics,purchase,100.96,1,10,paid,49.0,,False,90.96
2026-04-13 17:23:00,C00494,Netherlands,partner_marketplace,tablet,electronics,add_to_cart,55.0,0,0,not_applicable,,,False,0.0
2026-04-13 18:17:00,C00460,Germany,web,android,home,purchase,69.74,4,15,paid,108.0,,False,263.96
2026-04-13 18:18:00,C00181,United Kingdom,mobile_app,android,books,view,18.35,0,0,not_applicable,,,False,0.0
2026-04-13 18:18:00,C00896,Germany,mobile_app,ios,beauty,view,16.68,0,0,not_applicable,,,False,0.0
2026-04-13 18:24:00,C00542,Ireland,physical_store,pos_terminal,electronics,review,70.81,0,0,not_applicable,,4.0,False,0.0
2026-04-13 18:26:00,C00290,United Kingdom,web,ios,electronics,add_to_cart,125.23,0,0,not_applicable,,,False,0.0
2026-04-13 18:40:00,C00363,Germany,mobile_app,ios,home,purchase,116.97,2,15,paid,76.0,,False,218.94
2026-04-13 18:41:00,C00062,Germany,mobile_app,android,grocery,purchase,10.8,1,0,paid,45.0,,False,10.8
2026-04-13 18:49:00,C00460,Germany,physical_store,,grocery,view,10.66,0,0,not_applicable,,,False,0.0
2026-04-13 19:00:00,C00201,Germany,physical_store,pos_terminal,beauty,purchase,24.94,2,0,paid,39.0,,False,49.88
2026-04-13 19:03:00,C00926,Netherlands,web,desktop,home,purchase,51.23,1,30,paid,38.0,,False,21.23
2026-04-13 19:05:00,C00165,United Kingdom,mobile_app,tablet,beauty,add_to_cart,16.93,0,0,not_applicable,,,False,0.0
2026-04-13 19:14:00,C00911,Germany,web,desktop,books,purchase,17.6,4,20,failed,7.0,,False,50.4
2026-04-13 19:15:00,C00138,Germany,web,desktop,fashion,view,101.36,0,0,not_applicable,,,False,0.0
2026-04-13 19:15:00,C00793,Germany,mobile_app,desktop,electronics,view,170.27,0,0,not_applicable,,,False,0.0
2026-04-13 19:27:00,C00013,Sweden,partner_marketplace,android,fashion,purchase,76.97,2,0,paid,44.0,,False,153.94
2026-04-13 19:41:00,C00218,Germany,web,android,home,add_to_cart,71.42,0,0,not_applicable,,,False,0.0
2026-04-13 19:41:00,C00333,Germany,physical_store,pos_terminal,grocery,purchase,12.24,1,0,paid,71.0,,False,12.24
2026-04-13 19:50:00,C00664,Ireland,mobile_app,android,sports,add_to_cart,62.8,0,0,not_applicable,,,False,0.0
2026-04-13 19:53:00,C00580,Germany,web,ios,home,add_to_cart,70.43,0,0,not_applicable,,,False,0.0
2026-04-13 19:56:00,C00500,France,mobile_app,android,books,purchase,27.09,1,0,paid,7.0,,False,27.09
2026-04-13 19:57:00,C00645,Germany,web,android,electronics,purchase,103.81,1,0,paid,52.0,,False,103.81
2026-04-13 19:57:00,C00473,Germany,partner_marketplace,ios,books,add_to_cart,11.82,0,0,not_applicable,,,False,0.0
2026-04-13 20:06:00,C00584,Germany,mobile_app,,fashion,view,92.69,0,0,not_applicable,,,False,0.0
2026-04-13 20:13:00,C00096,France,physical_store,pos_terminal,sports,view,114.32,0,0,not_applicable,,,False,0.0
2026-04-13 20:33:00,C00835,Ireland,mobile_app,android,home,add_to_cart,151.35,0,0,not_applicable,,,False,0.0
2026-04-13 20:40:00,C00088,Germany,web,ios,sports,review,40.78,0,0,not_applicable,,5.0,False,0.0
2026-04-13 20:43:00,C00337,France,web,desktop,beauty,return,28.29,1,0,not_applicable,,,True,28.29
2026-04-13 20:44:00,C00087,United Kingdom,web,desktop,electronics,view,73.04,0,0,not_applicable,,,False,0.0
2026-04-13 20:49:00,C00564,Germany,mobile_app,tablet,beauty,purchase,25.28,3,0,paid,55.0,,False,75.84
2026-04-13 21:07:00,C00389,France,mobile_app,android,fashion,view,66.8,0,0,not_applicable,,,False,0.0
2026-04-13 21:07:00,C00335,France,partner_marketplace,android,beauty,view,6.49,0,0,not_applicable,,,False,0.0
2026-04-13 21:12:00,C00687,Germany,physical_store,pos_terminal,books,add_to_cart,27.13,0,0,not_applicable,,,False,0.0
2026-04-13 21:14:00,C00136,Germany,physical_store,pos_terminal,fashion,add_to_cart,53.59,0,0,not_applicable,,,False,0.0
2026-04-13 21:14:00,C00036,Germany,mobile_app,ios,books,purchase,16.9,1,0,paid,40.0,,False,16.9
2026-04-13 21:21:00,C00179,Sweden,web,ios,fashion,review,48.27,0,0,not_applicable,,5.0,False,0.0
2026-04-13 21:37:00,C00355,United Kingdom,web,desktop,books,purchase,17.61,1,30,paid,58.0,,False,0.0
2026-04-13 21:45:00,C00076,Germany,mobile_app,ios,electronics,view,352.14,0,0,not_applicable,,,False,0.0
2026-04-13 22:04:00,C00896,Ireland,partner_marketplace,tablet,books,purchase,13.69,1,0,paid,41.0,,False,13.69
2026-04-13 22:05:00,C00052,Sweden,mobile_app,tablet,books,view,20.16,0,0,not_applicable,,,False,0.0
2026-04-13 22:05:00,C00559,Ireland,mobile_app,android,fashion,purchase,44.69,1,10,paid,55.0,,False,34.69
2026-04-13 22:19:00,C00417,Germany,mobile_app,android,fashion,review,89.16,0,0,not_applicable,,2.0,False,0.0
2026-04-13 22:27:00,C00524,Germany,physical_store,pos_terminal,books,view,17.67,0,0,not_applicable,,,False,0.0
2026-04-13 22:28:00,C00750,Germany,web,ios,books,view,7.09,0,0,not_applicable,,,False,0.0
2026-04-13 22:42:00,C00672,Germany,mobile_app,android,grocery,add_to_cart,7.0,0,0,not_applicable,,,False,0.0
2026-04-13 23:00:00,C00269,Germany,partner_marketplace,ios,fashion,add_to_cart,21.13,0,0,not_applicable,,,False,0.0
2026-04-13 23:01:00,C00928,Germany,web,android,electronics,return,214.65,1,0,not_applicable,,,True,214.65
2026-04-13 23:42:00,C00508,France,mobile_app,android,grocery,purchase,17.52,1,5,paid,22.0,,False,12.52
2026-04-13 23:43:00,C00938,Germany,mobile_app,desktop,electronics,view,97.55,0,0,not_applicable,,,False,0.0
2026-04-13 23:49:00,C00568,Ireland,web,android,fashion,view,25.89,0,0,not_applicable,,,False,0.0
2026-04-14 00:05:00,C00242,Netherlands,mobile_app,android,electronics,purchase,147.63,2,20,paid,26.0,,False,275.26
2026-04-14 00:12:00,C00788,Germany,mobile_app,desktop,beauty,purchase,24.4,2,5,paid,55.0,,False,43.8
2026-04-14 00:18:00,C00880,United Kingdom,partner_marketplace,ios,sports,purchase,32.37,1,0,paid,18.0,,False,32.37
2026-04-14 00:18:00,C00585,United Kingdom,mobile_app,android,electronics,add_to_cart,75.8,0,0,not_applicable,,,False,0.0
2026-04-14 00:23:00,C00042,Netherlands,web,desktop,books,add_to_cart,9.28,0,0,not_applicable,,,False,0.0
2026-04-14 00:24:00,C00732,United Kingdom,physical_store,pos_terminal,sports,view,157.56,0,0,not_applicable,,,False,0.0
2026-04-14 00:41:00,C00397,Ireland,physical_store,pos_terminal,beauty,add_to_cart,32.06,0,0,not_applicable,,,False,0.0
2026-04-14 00:48:00,C00614,United Kingdom,web,tablet,electronics,add_to_cart,161.84,0,0,not_applicable,,,False,0.0
2026-04-14 00:50:00,C00218,Netherlands,physical_store,pos_terminal,electronics,purchase,119.86,2,5,paid,47.0,,False,234.72
2026-04-14 00:50:00,C00115,Sweden,web,ios,home,add_to_cart,75.64,0,0,not_applicable,,,False,0.0
2026-04-14 00:53:00,C00786,Germany,physical_store,pos_terminal,beauty,purchase,16.7,2,0,paid,43.0,,False,33.4
2026-04-14 01:08:00,C00828,France,physical_store,pos_terminal,home,view,117.53,0,0,not_applicable,,,False,0.0
2026-04-14 01:23:00,C00820,France,physical_store,pos_terminal,electronics,view,110.29,0,0,not_applicable,,,False,0.0
2026-04-14 01:33:00,C00670,Germany,physical_store,pos_terminal,grocery,review,7.99,0,0,not_applicable,,5.0,False,0.0
2026-04-14 01:35:00,C00119,Sweden,web,desktop,beauty,purchase,12.85,1,15,paid,61.0,,False,0.0
2026-04-14 01:39:00,C00926,United Kingdom,physical_store,pos_terminal,grocery,add_to_cart,22.22,0,0,not_applicable,,,False,0.0
2026-04-14 01:47:00,C00846,Netherlands,web,desktop,sports,review,84.45,0,0,not_applicable,,5.0,False,0.0
2026-04-14 01:51:00,C00223,Germany,web,ios,fashion,purchase,101.34,4,10,paid,26.0,,False,395.36
2026-04-14 02:06:00,C00084,,physical_store,pos_terminal,fashion,add_to_cart,32.1,0,0,not_applicable,,,False,0.0
2026-04-14 02:36:00,C00493,Germany,mobile_app,android,beauty,purchase,13.92,3,15,failed,23.0,,False,26.76
2026-04-14 02:42:00,C00250,Ireland,web,android,grocery,purchase,12.59,1,15,paid,74.0,,False,0.0
2026-04-14 02:55:00,C00841,Ireland,partner_marketplace,ios,books,add_to_cart,9.46,0,0,not_applicable,,,False,0.0
2026-04-14 03:11:00,C00224,Ireland,partner_marketplace,ios,home,purchase,37.14,1,0,failed,57.0,,False,37.14
2026-04-14 03:11:00,C00530,Germany,web,ios,grocery,add_to_cart,20.51,0,0,not_applicable,,,False,0.0
2026-04-14 03:25:00,C00936,France,web,android,beauty,view,17.68,0,0,not_applicable,,,False,0.0
2026-04-14 03:31:00,C00766,United Kingdom,mobile_app,,fashion,view,68.32,0,0,not_applicable,,,False,0.0
2026-04-14 03:32:00,C00849,Germany,partner_marketplace,desktop,books,view,28.16,0,0,not_applicable,,,False,0.0
2026-04-14 03:40:00,C00741,Germany,physical_store,pos_terminal,electronics,purchase,113.18,1,15,paid,94.0,,False,98.18
2026-04-14 03:46:00,C00124,Ireland,physical_store,pos_terminal,electronics,purchase,74.43,2,5,paid,24.0,,False,143.86
2026-04-14 03:51:00,C00592,Netherlands,partner_marketplace,desktop,fashion,review,63.41,0,0,not_applicable,,4.0,False,0.0
2026-04-14 03:54:00,C00608,Sweden,web,ios,electronics,review,53.42,0,0,not_applicable,,5.0,False,0.0
2026-04-14 04:03:00,C00654,Sweden,partner_marketplace,ios,electronics,add_to_cart,85.02,0,0,not_applicable,,,False,0.0
2026-04-14 04:13:00,C00456,Germany,physical_store,pos_terminal,grocery,view,15.12,0,0,not_applicable,,,False,0.0
2026-04-14 04:20:00,C00212,Germany,mobile_app,android,books,purchase,5.52,1,10,paid,53.0,,False,0.0
2026-04-14 04:27:00,C00339,Germany,mobile_app,android,electronics,view,135.31,0,0,not_applicable,,,False,0.0
2026-04-14 04:32:00,C00189,Sweden,web,tablet,fashion,purchase,37.03,1,0,paid,27.0,,False,37.03
2026-04-14 04:53:00,C00252,Germany,physical_store,pos_terminal,grocery,view,18.96,0,0,not_applicable,,,False,0.0
2026-04-14 04:53:00,C00634,Netherlands,physical_store,pos_terminal,fashion,view,16.51,0,0,not_applicable,,,False,0.0
2026-04-14 04:54:00,C00227,Germany,web,tablet,beauty,review,25.94,0,0,not_applicable,,3.0,False,0.0
2026-04-14 05:03:00,C00331,Germany,mobile_app,ios,fashion,add_to_cart,28.14,0,0,not_applicable,,,False,0.0
2026-04-14 05:03:00,C00199,,mobile_app,desktop,electronics,purchase,291.15,1,90,paid,73.0,,False,201.15
2026-04-14 05:41:00,C00215,Germany,mobile_app,android,beauty,view,24.69,0,0,not_applicable,,,False,0.0
2026-04-14 05:42:00,C00558,Germany,mobile_app,ios,fashion,view,74.71,0,0,not_applicable,,,False,0.0
2026-04-14 05:50:00,C00163,Germany,mobile_app,ios,fashion,view,109.23,0,0,not_applicable,,,False,0.0
2026-04-14 05:50:00,C00540,France,mobile_app,tablet,beauty,review,21.72,0,0,not_applicable,,1.0,False,0.0
2026-04-14 06:05:00,C00451,Germany,mobile_app,android,fashion,purchase,18.24,2,5,paid,67.0,,False,31.48
2026-04-14 06:05:00,C00755,Netherlands,mobile_app,android,beauty,review,13.69,0,0,not_applicable,,3.0,False,0.0
2026-04-14 06:25:00,C00201,Sweden,web,ios,electronics,review,128.87,0,0,not_applicable,,3.0,False,0.0
2026-04-14 06:40:00,C00105,Germany,physical_store,pos_terminal,grocery,view,14.85,0,0,not_applicable,,,False,0.0
2026-04-14 07:11:00,C00786,Germany,mobile_app,desktop,electronics,view,181.98,0,0,not_applicable,,,False,0.0
2026-04-14 07:15:00,C00496,Germany,web,ios,beauty,purchase,17.93,1,0,paid,77.0,,False,17.93
2026-04-14 07:50:00,C00869,Sweden,physical_store,pos_terminal,beauty,purchase,9.12,3,0,paid,69.0,,False,27.36
2026-04-14 07:55:00,C00810,Germany,mobile_app,android,electronics,add_to_cart,42.91,0,0,not_applicable,,,False,0.0
2026-04-14 08:14:00,C00906,United Kingdom,partner_marketplace,desktop,grocery,review,9.64,0,0,not_applicable,,1.0,False,0.0
2026-04-14 08:35:00,C00439,Germany,web,android,grocery,purchase,13.01,4,5,paid,52.0,,False,47.04
2026-04-14 08:35:00,C00157,Germany,mobile_app,ios,grocery,purchase,11.79,1,0,paid,45.0,,False,11.79
2026-04-14 08:43:00,C00110,Sweden,web,android,fashion,view,58.54,0,0,not_applicable,,,False,0.0
2026-04-14 09:03:00,C00874,Ireland,mobile_app,desktop,grocery,return,8.85,1,0,not_applicable,,,True,8.85
2026-04-14 09:18:00,C00169,United Kingdom,mobile_app,desktop,home,add_to_cart,143.23,0,0,not_applicable,,,False,0.0
2026-04-14 09:41:00,C00417,Germany,mobile_app,tablet,sports,review,32.12,0,0,not_applicable,,2.0,False,0.0
2026-04-14 09:42:00,C00307,Sweden,mobile_app,android,electronics,view,89.73,0,0,not_applicable,,,False,0.0
2026-04-14 09:44:00,C00754,Germany,web,ios,fashion,add_to_cart,57.28,0,0,not_applicable,,,False,0.0
2026-04-14 09:44:00,C00313,Germany,web,android,sports,add_to_cart,49.62,0,0,not_applicable,,,False,0.0
2026-04-14 09:47:00,C00119,France,mobile_app,ios,books,review,14.65,0,0,not_applicable,,5.0,False,0.0
2026-04-14 10:02:00,C00270,Sweden,web,android,books,review,18.14,0,0,not_applicable,,4.0,False,0.0
2026-04-14 10:04:00,C00535,Netherlands,mobile_app,ios,fashion,purchase,59.6,1,10,paid,85.0,,False,49.6
2026-04-14 10:06:00,C00025,France,mobile_app,ios,home,review,137.56,0,0,not_applicable,,3.0,False,0.0
2026-04-14 10:30:00,C00107,Germany,mobile_app,android,fashion,purchase,36.54,1,5,paid,27.0,,False,31.54
2026-04-14 11:00:00,C00521,Germany,web,desktop,grocery,view,5.23,0,0,not_applicable,,,False,0.0
2026-04-14 11:00:00,C00792,Germany,mobile_app,android,sports,add_to_cart,36.32,0,0,not_applicable,,,False,0.0
2026-04-14 11:03:00,C00904,France,mobile_app,android,fashion,view,54.75,0,0,not_applicable,,,False,0.0
2026-04-14 11:15:00,C00833,Germany,web,android,home,purchase,77.93,1,0,paid,91.0,,False,77.93
2026-04-14 11:16:00,C00804,France,web,desktop,electronics,purchase,103.78,3,5,paid,99.0,,False,306.34
2026-04-14 11:21:00,C00056,Sweden,mobile_app,android,sports,view,56.73,0,0,not_applicable,,,False,0.0
2026-04-14 11:50:00,C00862,United Kingdom,web,android,electronics,add_to_cart,143.37,0,0,not_applicable,,,False,0.0
2026-04-14 12:10:00,C00488,Sweden,web,android,grocery,view,5.39,0,0,not_applicable,,,False,0.0
2026-04-14 12:35:00,C00805,Germany,mobile_app,desktop,grocery,purchase,19.23,1,5,paid,91.0,,False,14.23
2026-04-14 12:47:00,C00090,Sweden,mobile_app,android,beauty,purchase,16.99,1,0,paid,95.0,,False,16.99
2026-04-14 12:50:00,C00221,Germany,mobile_app,android,books,view,12.49,0,0,not_applicable,,,False,0.0
2026-04-14 12:56:00,C00601,Sweden,partner_marketplace,android,beauty,purchase,28.1,1,5,paid,53.0,,False,23.1
2026-04-14 13:05:00,C00706,Germany,physical_store,pos_terminal,electronics,return,156.54,1,0,not_applicable,,,True,156.54
2026-04-14 13:15:00,C00178,United Kingdom,mobile_app,android,grocery,purchase,12.55,2,0,paid,40.0,,False,25.1
2026-04-14 13:24:00,C00852,United Kingdom,mobile_app,android,books,purchase,18.24,1,0,paid,55.0,,False,18.24
2026-04-14 13:24:00,C00481,France,web,android,grocery,add_to_cart,6.62,0,0,not_applicable,,,False,0.0
2026-04-14 13:35:00,C00047,Sweden,physical_store,pos_terminal,fashion,view,106.83,0,0,not_applicable,,,False,0.0
2026-04-14 14:41:00,C00742,Germany,web,android,electronics,purchase,77.62,1,30,pending,48.0,,False,47.62
2026-04-14 14:55:00,C00373,Netherlands,mobile_app,desktop,fashion,purchase,33.43,1,0,pending,85.0,,False,33.43
2026-04-14 15:24:00,C00385,Sweden,mobile_app,android,home,purchase,78.57,2,0,paid,63.0,,False,157.14
2026-04-14 15:29:00,C00416,Germany,mobile_app,android,electronics,view,261.36,0,0,not_applicable,,,False,0.0
2026-04-14 15:30:00,C00711,,mobile_app,desktop,grocery,purchase,5.81,2,0,paid,47.0,,False,11.62
2026-04-14 15:40:00,C00737,United Kingdom,web,desktop,electronics,purchase,256.07,1,15,paid,82.0,,False,241.07
2026-04-14 15:52:00,C00763,Germany,mobile_app,desktop,electronics,purchase,158.71,1,0,paid,60.0,,False,158.71
2026-04-14 15:54:00,C00444,Netherlands,mobile_app,desktop,electronics,purchase,310.76,1,10,paid,80.0,,False,300.76
2026-04-14 16:09:00,C00644,Germany,mobile_app,desktop,grocery,purchase,11.22,1,0,paid,17.0,,False,11.22
2026-04-14 16:12:00,C00319,Germany,web,android,electronics,purchase,127.27,1,0,paid,84.0,,False,127.27
2026-04-14 16:14:00,C00865,United Kingdom,web,ios,beauty,purchase,21.85,1,15,paid,42.0,,False,6.85
2026-04-14 16:16:00,C00416,Germany,mobile_app,ios,electronics,purchase,163.57,1,0,paid,5.0,,False,163.57
2026-04-14 16:16:00,C00284,Germany,partner_marketplace,ios,electronics,purchase,148.01,1,10,paid,87.0,,False,138.01
2026-04-14 16:24:00,C00352,Germany,web,android,home,purchase,109.04,2,0,paid,5.0,,False,218.08
2026-04-14 16:44:00,C00624,France,mobile_app,ios,fashion,return,37.63,1,0,not_applicable,,,True,37.63
2026-04-14 16:50:00,C00196,Germany,partner_marketplace,android,home,purchase,138.76,1,0,paid,73.0,,False,138.76
2026-04-14 16:54:00,C00720,Netherlands,mobile_app,android,home,purchase,125.26,2,0,paid,12.0,,False,250.52
2026-04-14 17:10:00,C00383,United Kingdom,physical_store,pos_terminal,grocery,add_to_cart,16.66,0,0,not_applicable,,,False,0.0
2026-04-14 17:39:00,C00096,Ireland,mobile_app,desktop,home,view,29.1,0,0,not_applicable,,,False,0.0
2026-04-14 17:41:00,C00133,Germany,partner_marketplace,desktop,beauty,purchase,21.64,1,0,paid,82.0,,False,21.64
2026-04-14 17:43:00,C00602,Germany,mobile_app,android,fashion,return,20.95,1,0,not_applicable,,,True,20.95
2026-04-14 17:47:00,C00878,Germany,web,desktop,fashion,add_to_cart,56.65,0,0,not_applicable,,,False,0.0
2026-04-14 17:50:00,C00240,Netherlands,web,desktop,beauty,add_to_cart,29.69,0,0,not_applicable,,,False,0.0
2026-04-14 17:53:00,C00087,Germany,physical_store,pos_terminal,fashion,view,22.21,0,0,not_applicable,,,False,0.0
2026-04-14 18:08:00,C00821,United Kingdom,physical_store,pos_terminal,electronics,review,192.12,0,0,not_applicable,,4.0,False,0.0
2026-04-14 18:09:00,C00537,United Kingdom,mobile_app,desktop,fashion,view,134.08,0,0,not_applicable,,,False,0.0
2026-04-14 18:12:00,C00613,France,physical_store,pos_terminal,home,add_to_cart,76.75,0,0,not_applicable,,,False,0.0
2026-04-14 18:28:00,C00360,United Kingdom,mobile_app,ios,fashion,return,42.04,2,0,not_applicable,,,True,84.08
2026-04-14 18:31:00,C00313,Germany,web,desktop,fashion,purchase,74.76,1,0,paid,84.0,,False,74.76
2026-04-14 18:44:00,C00069,Germany,mobile_app,ios,grocery,add_to_cart,17.37,0,0,not_applicable,,,False,0.0
2026-04-14 18:56:00,C00728,Netherlands,mobile_app,android,electronics,add_to_cart,169.93,0,0,not_applicable,,,False,0.0
2026-04-14 19:19:00,C00633,Germany,web,desktop,home,purchase,78.23,2,30,paid,62.0,,False,126.46
2026-04-14 19:26:00,C00709,Sweden,partner_marketplace,tablet,fashion,purchase,36.27,2,30,paid,44.0,,False,42.54
2026-04-14 19:39:00,C00745,Germany,physical_store,pos_terminal,beauty,add_to_cart,22.32,0,0,not_applicable,,,False,0.0
2026-04-14 19:45:00,C00673,Sweden,web,desktop,home,add_to_cart,63.14,0,0,not_applicable,,,False,0.0
2026-04-14 19:53:00,C00773,Ireland,mobile_app,android,grocery,purchase,9.5,1,10,paid,63.0,,False,0.0
2026-04-14 19:57:00,C00383,Netherlands,physical_store,pos_terminal,beauty,view,48.08,0,0,not_applicable,,,False,0.0
2026-04-14 20:01:00,C00224,Germany,web,android,home,review,141.79,0,0,not_applicable,,3.0,False,0.0
2026-04-14 20:05:00,C00152,Ireland,mobile_app,desktop,grocery,review,14.94,0,0,not_applicable,,4.0,False,0.0
2026-04-14 20:11:00,C00385,Netherlands,mobile_app,desktop,beauty,return,55.93,1,0,not_applicable,,,True,55.93
2026-04-14 20:24:00,C00087,Netherlands,web,android,home,purchase,83.96,1,0,pending,36.0,,False,83.96
2026-04-14 20:30:00,C00881,,mobile_app,tablet,grocery,purchase,12.42,2,15,paid,70.0,,False,9.84
2026-04-14 20:36:00,C00492,France,mobile_app,android,fashion,view,88.1,0,0,not_applicable,,,False,0.0
2026-04-14 20:36:00,C00036,Ireland,partner_marketplace,ios,fashion,view,66.6,0,0,not_applicable,,,False,0.0
2026-04-14 20:46:00,C00520,Sweden,mobile_app,ios,fashion,add_to_cart,67.25,0,0,not_applicable,,,False,0.0
2026-04-14 20:51:00,C00714,Ireland,physical_store,pos_terminal,fashion,purchase,82.0,2,30,paid,108.0,,False,134.0
2026-04-14 21:14:00,C00076,Germany,mobile_app,android,sports,review,48.0,0,0,not_applicable,,3.0,False,0.0
2026-04-14 21:16:00,C00280,Germany,web,tablet,fashion,view,19.95,0,0,not_applicable,,,False,0.0
2026-04-14 21:17:00,C00897,Sweden,mobile_app,desktop,home,purchase,38.54,1,0,paid,99.0,,True,38.54
2026-04-14 21:17:00,C00018,Germany,web,desktop,home,view,131.38,0,0,not_applicable,,,False,0.0
2026-04-14 21:19:00,C00711,Sweden,mobile_app,android,sports,purchase,39.29,2,0,paid,26.0,,True,78.58
2026-04-14 21:22:00,C00851,France,web,ios,beauty,add_to_cart,21.96,0,0,not_applicable,,,False,0.0
2026-04-14 21:31:00,C00183,Germany,mobile_app,android,fashion,view,32.98,0,0,not_applicable,,,False,0.0
2026-04-14 21:48:00,C00634,United Kingdom,web,desktop,grocery,purchase,14.27,1,10,paid,74.0,,False,4.27
2026-04-14 22:01:00,C00027,Germany,physical_store,pos_terminal,sports,purchase,62.13,1,10,paid,41.0,,False,52.13
2026-04-14 22:10:00,C00607,Germany,mobile_app,android,grocery,purchase,5.46,3,0,paid,18.0,,False,16.38
2026-04-14 22:15:00,C00279,Netherlands,web,desktop,electronics,view,116.05,0,0,not_applicable,,,False,0.0
2026-04-14 22:41:00,C00216,Germany,mobile_app,ios,fashion,add_to_cart,38.37,0,0,not_applicable,,,False,0.0
2026-04-14 22:42:00,C00127,Sweden,mobile_app,ios,sports,view,77.01,0,0,not_applicable,,,False,0.0
2026-04-14 23:06:00,C00101,United Kingdom,mobile_app,tablet,beauty,purchase,18.08,3,10,paid,12.0,,False,44.24
2026-04-14 23:16:00,C00609,Germany,mobile_app,desktop,beauty,view,42.65,0,0,not_applicable,,,False,0.0
2026-04-14 23:22:00,C00515,Germany,physical_store,pos_terminal,fashion,purchase,34.36,1,0,paid,42.0,,False,34.36
2026-04-14 23:52:00,C00833,Germany,mobile_app,android,fashion,view,57.76,0,0,not_applicable,,,False,0.0
2026-04-15 00:09:00,C00698,Sweden,web,desktop,beauty,return,20.15,1,0,not_applicable,,,True,20.15
2026-04-15 00:12:00,C00775,France,mobile_app,ios,fashion,purchase,68.95,1,0,paid,51.0,,False,68.95
2026-04-15 00:17:00,C00459,France,physical_store,pos_terminal,fashion,purchase,33.5,1,0,paid,68.0,,False,33.5
2026-04-15 00:18:00,C00855,Germany,web,desktop,grocery,add_to_cart,14.64,0,0,not_applicable,,,False,0.0
2026-04-15 00:43:00,C00873,United Kingdom,mobile_app,android,grocery,view,17.76,0,0,not_applicable,,,False,0.0
2026-04-15 00:48:00,C00122,Sweden,mobile_app,android,sports,return,119.35,2,0,not_applicable,,,True,238.7
2026-04-15 00:53:00,C00742,Sweden,web,tablet,electronics,view,156.62,0,0,not_applicable,,,False,0.0
2026-04-15 01:12:00,C00512,United Kingdom,partner_marketplace,ios,beauty,add_to_cart,21.83,0,0,not_applicable,,,False,0.0
2026-04-15 01:21:00,C00626,United Kingdom,web,tablet,beauty,purchase,36.63,3,15,paid,26.0,,False,94.89
2026-04-15 01:26:00,C00154,Sweden,mobile_app,android,electronics,return,87.82,2,0,not_applicable,,,True,175.64
2026-04-15 01:36:00,C00568,France,physical_store,pos_terminal,fashion,view,62.23,0,0,not_applicable,,,False,0.0
2026-04-15 01:37:00,C00256,Sweden,mobile_app,android,grocery,view,9.29,0,0,not_applicable,,,False,0.0
2026-04-15 01:40:00,C00355,Germany,partner_marketplace,android,books,review,32.39,0,0,not_applicable,,4.0,False,0.0
2026-04-15 01:50:00,C00385,United Kingdom,mobile_app,ios,fashion,add_to_cart,80.74,0,0,not_applicable,,,False,0.0
2026-04-15 01:54:00,C00433,Germany,mobile_app,ios,home,purchase,93.49,1,15,paid,64.0,,False,78.49
2026-04-15 01:55:00,C00026,France,web,android,beauty,view,24.8,0,0,not_applicable,,,False,0.0
2026-04-15 02:03:00,C00779,Germany,partner_marketplace,android,electronics,add_to_cart,93.81,0,0,not_applicable,,,False,0.0
2026-04-15 02:24:00,C00453,Netherlands,web,tablet,books,add_to_cart,12.89,0,0,not_applicable,,,False,0.0
2026-04-15 02:44:00,C00420,Netherlands,mobile_app,desktop,books,purchase,14.94,1,0,paid,64.0,,False,14.94
2026-04-15 02:49:00,C00039,United Kingdom,web,ios,home,purchase,80.19,1,0,paid,27.0,,False,80.19
2026-04-15 03:04:00,C00686,Sweden,mobile_app,android,electronics,purchase,101.4,1,0,paid,69.0,,False,101.4
2026-04-15 03:05:00,C00111,Germany,physical_store,pos_terminal,fashion,review,37.48,0,0,not_applicable,,5.0,False,0.0
2026-04-15 03:05:00,C00236,France,mobile_app,ios,fashion,review,64.69,0,0,not_applicable,,1.0,False,0.0
2026-04-15 03:40:00,C00505,Sweden,web,android,home,add_to_cart,112.34,0,0,not_applicable,,,False,0.0
2026-04-15 03:42:00,C00917,Germany,physical_store,pos_terminal,books,purchase,19.64,1,60,paid,62.0,,False,0.0
2026-04-15 03:51:00,C00543,Netherlands,web,tablet,home,view,33.89,0,0,not_applicable,,,False,0.0
2026-04-15 04:24:00,C00861,Sweden,physical_store,pos_terminal,books,view,27.5,0,0,not_applicable,,,False,0.0
2026-04-15 04:33:00,C00788,United Kingdom,mobile_app,android,beauty,view,40.29,0,0,not_applicable,,,False,0.0
2026-04-15 04:38:00,C00407,,mobile_app,desktop,electronics,view,188.13,0,0,not_applicable,,,False,0.0
2026-04-15 04:48:00,C00295,Germany,mobile_app,tablet,beauty,view,21.4,0,0,not_applicable,,,False,0.0
2026-04-15 04:57:00,C00834,Germany,web,ios,books,purchase,27.73,2,10,paid,73.0,,False,45.46
2026-04-15 05:02:00,C00741,France,physical_store,pos_terminal,sports,review,36.75,0,0,not_applicable,,4.0,False,0.0
2026-04-15 05:06:00,C00871,United Kingdom,partner_marketplace,ios,books,purchase,21.51,1,10,paid,63.0,,False,11.51
2026-04-15 05:16:00,C00543,United Kingdom,web,desktop,books,purchase,41.02,1,60,paid,97.0,,False,0.0
2026-04-15 05:28:00,C00177,France,physical_store,pos_terminal,fashion,review,45.23,0,0,not_applicable,,2.0,False,0.0
2026-04-15 05:50:00,C00193,Germany,partner_marketplace,android,electronics,view,100.83,0,0,not_applicable,,,False,0.0
2026-04-15 06:02:00,C00614,Sweden,web,android,fashion,purchase,24.5,1,0,paid,31.0,,False,24.5
2026-04-15 06:05:00,C00632,Germany,web,desktop,sports,view,64.25,0,0,not_applicable,,,False,0.0
2026-04-15 06:11:00,C00369,Sweden,web,android,grocery,view,7.07,0,0,not_applicable,,,False,0.0
2026-04-15 06:33:00,C00491,Sweden,web,ios,beauty,view,15.31,0,0,not_applicable,,,False,0.0
2026-04-15 06:37:00,C00110,Sweden,web,desktop,electronics,view,123.89,0,0,not_applicable,,,False,0.0
2026-04-15 06:38:00,C00674,Germany,web,android,grocery,purchase,27.67,3,0,paid,86.0,,False,83.01
2026-04-15 07:24:00,C00166,France,mobile_app,android,electronics,add_to_cart,105.72,0,0,not_applicable,,,False,0.0
2026-04-15 07:39:00,C00475,Netherlands,web,ios,fashion,review,76.0,0,0,not_applicable,,3.0,False,0.0
2026-04-15 07:47:00,C00689,Germany,mobile_app,desktop,electronics,purchase,68.42,1,0,paid,15.0,,False,68.42
2026-04-15 07:48:00,C00266,France,web,ios,home,view,46.33,0,0,not_applicable,,,False,0.0
2026-04-15 07:51:00,C00183,Germany,physical_store,pos_terminal,books,review,19.64,0,0,not_applicable,,5.0,False,0.0
2026-04-15 07:53:00,C00469,United Kingdom,mobile_app,ios,beauty,purchase,29.81,2,15,failed,103.0,,False,44.62
2026-04-15 07:57:00,C00892,United Kingdom,partner_marketplace,android,fashion,view,86.63,0,0,not_applicable,,,False,0.0
2026-04-15 08:10:00,C00930,United Kingdom,mobile_app,android,grocery,purchase,12.3,1,5,paid,79.0,,False,7.3
2026-04-15 08:36:00,C00771,Germany,mobile_app,desktop,fashion,view,65.02,0,0,not_applicable,,,False,0.0
2026-04-15 08:47:00,C00949,Netherlands,mobile_app,desktop,electronics,view,97.26,0,0,not_applicable,,,False,0.0
2026-04-15 09:04:00,C00316,United Kingdom,web,desktop,electronics,view,127.37,0,0,not_applicable,,,False,0.0
2026-04-15 09:06:00,C00822,Ireland,mobile_app,android,sports,view,56.03,0,0,not_applicable,,,False,0.0
2026-04-15 09:12:00,C00734,Sweden,web,android,electronics,view,138.49,0,0,not_applicable,,,False,0.0
2026-04-15 09:14:00,C00715,United Kingdom,web,tablet,grocery,add_to_cart,12.21,0,0,not_applicable,,,False,0.0
2026-04-15 09:17:00,C00366,Germany,partner_marketplace,desktop,electronics,purchase,164.87,1,0,paid,5.0,,False,164.87
2026-04-15 09:23:00,C00685,France,mobile_app,desktop,fashion,purchase,40.14,1,10,paid,54.0,,False,30.14
2026-04-15 09:31:00,C00378,Netherlands,web,desktop,sports,purchase,48.57,1,0,paid,48.0,,False,48.57
2026-04-15 09:35:00,C00714,Germany,web,desktop,electronics,add_to_cart,122.02,0,0,not_applicable,,,False,0.0
2026-04-15 09:55:00,C00161,Sweden,physical_store,pos_terminal,electronics,view,83.13,0,0,not_applicable,,,False,0.0
2026-04-15 10:08:00,C00768,France,web,android,beauty,view,30.79,0,0,not_applicable,,,False,0.0
2026-04-15 10:19:00,C00516,Sweden,web,desktop,grocery,view,34.4,0,0,not_applicable,,,False,0.0
2026-04-15 10:29:00,C00158,United Kingdom,partner_marketplace,ios,fashion,purchase,115.0,3,5,paid,51.0,,False,340.0
2026-04-15 10:32:00,C00800,Netherlands,web,ios,home,review,70.26,0,0,not_applicable,,4.0,False,0.0
2026-04-15 10:33:00,C00625,United Kingdom,web,ios,home,purchase,70.49,2,0,paid,55.0,,False,140.98
2026-04-15 10:56:00,C00768,Germany,partner_marketplace,ios,fashion,purchase,65.34,2,0,paid,43.0,,False,130.68
2026-04-15 11:13:00,C00411,France,web,android,home,view,50.96,0,0,not_applicable,,,False,0.0
2026-04-15 11:22:00,C00217,Sweden,mobile_app,ios,sports,purchase,61.55,1,0,paid,83.0,,False,61.55
2026-04-15 11:35:00,C00475,Ireland,web,android,fashion,view,30.03,0,0,not_applicable,,,False,0.0
2026-04-15 11:59:00,C00867,Netherlands,physical_store,pos_terminal,sports,purchase,40.68,1,15,paid,20.0,,False,25.68
2026-04-15 12:08:00,C00195,France,web,android,electronics,view,276.36,0,0,not_applicable,,,False,0.0
2026-04-15 12:18:00,C00382,United Kingdom,partner_marketplace,android,sports,return,48.46,1,0,not_applicable,,,True,48.46
2026-04-15 12:28:00,C00722,United Kingdom,web,desktop,grocery,return,11.75,2,0,not_applicable,,,True,23.5
2026-04-15 12:46:00,C00180,Germany,mobile_app,android,grocery,view,6.35,0,0,not_applicable,,,False,0.0
2026-04-15 12:56:00,C00562,Sweden,web,desktop,home,add_to_cart,71.61,0,0,not_applicable,,,False,0.0
2026-04-15 12:57:00,C00883,Germany,web,android,grocery,review,6.61,0,0,not_applicable,,4.0,False,0.0
2026-04-15 12:58:00,C00422,Germany,mobile_app,android,fashion,view,62.87,0,0,not_applicable,,,False,0.0
2026-04-15 13:01:00,C00285,France,mobile_app,,home,add_to_cart,38.71,0,0,not_applicable,,,False,0.0
2026-04-15 13:02:00,C00555,Ireland,mobile_app,tablet,sports,purchase,81.42,1,5,paid,46.0,,False,76.42
2026-04-15 13:13:00,C00210,United Kingdom,mobile_app,desktop,electronics,purchase,71.34,1,30,paid,67.0,,False,41.34
2026-04-15 13:18:00,C00384,Germany,mobile_app,desktop,electronics,add_to_cart,79.63,0,0,not_applicable,,,False,0.0
2026-04-15 13:22:00,C00441,United Kingdom,physical_store,pos_terminal,home,purchase,75.02,1,15,paid,45.0,,False,60.02
2026-04-15 13:39:00,C00916,Sweden,mobile_app,ios,books,view,14.94,0,0,not_applicable,,,False,0.0
2026-04-15 13:51:00,C00860,Sweden,physical_store,pos_terminal,sports,add_to_cart,78.74,0,0,not_applicable,,,False,0.0
2026-04-15 14:43:00,C00646,United Kingdom,partner_marketplace,android,books,view,24.21,0,0,not_applicable,,,False,0.0
2026-04-15 14:46:00,C00055,Ireland,physical_store,pos_terminal,sports,purchase,106.19,1,30,paid,32.0,,False,76.19
2026-04-15 15:02:00,C00347,Germany,mobile_app,desktop,home,return,87.38,1,0,not_applicable,,,True,87.38
2026-04-15 15:02:00,C00615,United Kingdom,mobile_app,tablet,home,purchase,96.61,2,5,paid,46.0,,False,188.22
2026-04-15 15:17:00,C00845,Germany,physical_store,pos_terminal,books,return,18.88,1,0,not_applicable,,,True,18.88
2026-04-15 15:18:00,C00887,Germany,mobile_app,desktop,sports,purchase,90.58,1,0,paid,83.0,,False,90.58
2026-04-15 15:27:00,C00355,Germany,web,desktop,fashion,add_to_cart,35.16,0,0,not_applicable,,,False,0.0
2026-04-15 15:30:00,C00897,Ireland,mobile_app,ios,electronics,purchase,138.3,1,0,paid,25.0,,False,138.3
2026-04-15 15:34:00,C00376,Germany,physical_store,pos_terminal,home,view,76.73,0,0,not_applicable,,,False,0.0
2026-04-15 15:41:00,C00752,,web,tablet,electronics,purchase,124.71,1,20,pending,57.0,,False,104.71
2026-04-15 15:42:00,C00438,Germany,partner_marketplace,tablet,books,view,19.21,0,0,not_applicable,,,False,0.0
2026-04-15 15:43:00,C00035,Germany,web,tablet,fashion,purchase,71.48,2,0,paid,32.0,,False,142.96
2026-04-15 15:45:00,C00197,Netherlands,mobile_app,tablet,beauty,return,20.45,1,0,not_applicable,,,True,20.45
2026-04-15 15:47:00,C00466,Germany,physical_store,pos_terminal,books,return,28.69,2,0,not_applicable,,,True,57.38
2026-04-15 15:49:00,C00454,Sweden,mobile_app,ios,home,view,32.58,0,0,not_applicable,,,False,0.0
2026-04-15 15:53:00,C00653,Sweden,physical_store,,books,view,14.16,0,0,not_applicable,,,False,0.0
2026-04-15 16:02:00,C00214,France,mobile_app,android,grocery,add_to_cart,14.74,0,0,not_applicable,,,False,0.0
2026-04-15 16:13:00,C00359,Sweden,web,tablet,fashion,purchase,32.69,4,0,paid,64.0,,False,130.76
2026-04-15 16:17:00,C00357,Germany,physical_store,pos_terminal,beauty,purchase,25.72,2,0,paid,65.0,,False,51.44
2026-04-15 16:21:00,C00125,United Kingdom,mobile_app,ios,electronics,review,105.88,0,0,not_applicable,,2.0,False,0.0
2026-04-15 16:31:00,C00083,Netherlands,web,desktop,books,add_to_cart,14.02,0,0,not_applicable,,,False,0.0
2026-04-15 16:31:00,C00784,Sweden,web,android,electronics,purchase,113.55,1,0,paid,27.0,,False,113.55
2026-04-15 16:55:00,C00888,Germany,mobile_app,android,grocery,purchase,14.01,2,0,paid,78.0,,False,28.02
2026-04-15 17:01:00,C00526,,mobile_app,ios,fashion,add_to_cart,67.79,0,0,not_applicable,,,False,0.0
2026-04-15 17:15:00,C00449,Germany,partner_marketplace,desktop,fashion,view,17.49,0,0,not_applicable,,,False,0.0
2026-04-15 17:19:00,C00101,Germany,web,tablet,electronics,add_to_cart,87.69,0,0,not_applicable,,,False,0.0
2026-04-15 17:37:00,C00230,Germany,physical_store,pos_terminal,beauty,purchase,22.53,2,10,paid,38.0,,False,35.06
2026-04-15 17:38:00,C00202,Germany,mobile_app,desktop,sports,return,66.3,1,0,not_applicable,,,True,66.3
2026-04-15 18:02:00,C00291,Germany,mobile_app,tablet,books,purchase,20.28,1,0,paid,85.0,,False,20.28
2026-04-15 18:06:00,C00137,United Kingdom,physical_store,pos_terminal,grocery,view,20.23,0,0,not_applicable,,,False,0.0
2026-04-15 18:09:00,C00627,Germany,mobile_app,android,electronics,review,124.57,0,0,not_applicable,,4.0,False,0.0
2026-04-15 18:12:00,C00847,France,physical_store,pos_terminal,electronics,purchase,216.01,3,10,paid,53.0,,False,638.03
2026-04-15 18:18:00,C00872,Germany,physical_store,pos_terminal,beauty,add_to_cart,13.26,0,0,not_applicable,,,False,0.0
2026-04-15 18:18:00,C00733,Germany,web,desktop,electronics,view,120.22,0,0,not_applicable,,,False,0.0
2026-04-15 18:26:00,C00732,United Kingdom,web,tablet,fashion,purchase,53.83,1,0,paid,76.0,,False,53.83
2026-04-15 18:32:00,C00792,Germany,mobile_app,,electronics,add_to_cart,57.89,0,0,not_applicable,,,False,0.0
2026-04-15 18:44:00,C00205,Germany,mobile_app,android,books,view,11.02,0,0,not_applicable,,,False,0.0
2026-04-15 18:49:00,C00889,Germany,partner_marketplace,desktop,fashion,add_to_cart,42.4,0,0,not_applicable,,,False,0.0
2026-04-15 18:52:00,C00930,United Kingdom,mobile_app,ios,fashion,view,78.22,0,0,not_applicable,,,False,0.0
2026-04-15 19:10:00,C00750,Germany,physical_store,pos_terminal,books,view,7.89,0,0,not_applicable,,,False,0.0
2026-04-15 19:15:00,C00093,Germany,web,android,grocery,purchase,20.49,1,0,paid,75.0,,False,20.49
2026-04-15 19:25:00,C00539,Germany,mobile_app,desktop,beauty,purchase,30.26,2,30,failed,66.0,,False,30.52
2026-04-15 19:35:00,C00194,Germany,partner_marketplace,android,electronics,return,93.28,1,0,not_applicable,,,True,93.28
2026-04-15 20:03:00,C00037,United Kingdom,physical_store,pos_terminal,home,purchase,85.54,1,10,paid,40.0,,False,75.54
2026-04-15 20:04:00,C00897,Sweden,mobile_app,,home,purchase,121.56,1,0,paid,77.0,,True,121.56
2026-04-15 20:15:00,C00830,Germany,mobile_app,android,electronics,purchase,121.09,2,20,paid,57.0,,False,222.18
2026-04-15 20:16:00,C00191,Germany,mobile_app,android,beauty,purchase,50.99,2,5,paid,31.0,,True,96.98
2026-04-15 20:16:00,C00129,United Kingdom,physical_store,pos_terminal,beauty,view,45.74,0,0,not_applicable,,,False,0.0
2026-04-15 20:42:00,C00719,Ireland,mobile_app,android,fashion,add_to_cart,31.34,0,0,not_applicable,,,False,0.0
2026-04-15 21:06:00,C00408,Germany,mobile_app,ios,books,purchase,18.81,1,10,failed,63.0,,False,8.81
2026-04-15 21:14:00,C00094,United Kingdom,web,desktop,books,view,40.83,0,0,not_applicable,,,False,0.0
2026-04-15 21:35:00,C00230,Germany,web,tablet,beauty,review,18.05,0,0,not_applicable,,3.0,False,0.0
2026-04-15 21:37:00,C00560,Germany,mobile_app,android,home,view,125.18,0,0,not_applicable,,,False,0.0
2026-04-15 21:51:00,C00856,Germany,physical_store,pos_terminal,fashion,view,42.66,0,0,not_applicable,,,False,0.0
2026-04-15 21:53:00,C00583,France,web,android,electronics,view,72.17,0,0,not_applicable,,,False,0.0
2026-04-15 22:09:00,C00451,France,mobile_app,desktop,home,view,124.64,0,0,not_applicable,,,False,0.0
2026-04-15 22:10:00,C00658,United Kingdom,physical_store,pos_terminal,beauty,purchase,76.44,3,10,paid,93.0,,False,219.32
2026-04-15 22:15:00,C00848,Ireland,mobile_app,ios,sports,view,45.6,0,0,not_applicable,,,False,0.0
2026-04-15 22:18:00,C00927,Germany,mobile_app,tablet,grocery,add_to_cart,6.12,0,0,not_applicable,,,False,0.0
2026-04-15 22:19:00,C00398,Ireland,mobile_app,ios,electronics,add_to_cart,128.12,0,0,not_applicable,,,False,0.0
2026-04-15 22:29:00,C00894,Sweden,mobile_app,android,electronics,add_to_cart,225.83,0,0,not_applicable,,,False,0.0
2026-04-15 22:40:00,C00743,Germany,mobile_app,android,home,return,54.68,1,0,not_applicable,,,True,54.68
2026-04-15 22:44:00,C00696,Sweden,web,ios,electronics,purchase,164.29,1,10,paid,56.0,,False,154.29
2026-04-15 22:45:00,C00634,United Kingdom,web,ios,sports,add_to_cart,32.66,0,0,not_applicable,,,False,0.0
2026-04-15 22:52:00,C00059,Germany,mobile_app,ios,sports,purchase,40.64,1,10,paid,54.0,,False,30.64
2026-04-15 23:04:00,C00773,France,web,ios,grocery,purchase,7.83,1,5,paid,62.0,,False,2.83
2026-04-15 23:33:00,C00596,United Kingdom,mobile_app,tablet,fashion,view,25.34,0,0,not_applicable,,,False,0.0
2026-04-15 23:34:00,C00885,United Kingdom,mobile_app,android,beauty,add_to_cart,29.96,0,0,not_applicable,,,False,0.0
2026-04-15 23:36:00,C00199,Ireland,physical_store,pos_terminal,sports,purchase,60.91,4,20,paid,47.0,,False,223.64
2026-04-15 23:41:00,C00511,France,mobile_app,android,electronics,add_to_cart,167.08,0,0,not_applicable,,,False,0.0
2026-04-15 23:42:00,C00199,Netherlands,physical_store,pos_terminal,grocery,purchase,11.62,1,5,paid,49.0,,False,6.62
2026-04-15 23:43:00,C00165,Germany,physical_store,pos_terminal,books,purchase,24.6,3,0,paid,71.0,,False,73.8
2026-04-16 00:07:00,C00517,Germany,web,android,fashion,return,29.29,1,0,not_applicable,,,True,29.29
2026-04-16 00:30:00,C00542,Ireland,mobile_app,desktop,books,purchase,13.82,2,10,paid,49.0,,False,17.64
2026-04-16 00:53:00,C00135,Sweden,mobile_app,ios,grocery,view,19.23,0,0,not_applicable,,,False,0.0
2026-04-16 00:55:00,C00396,Germany,physical_store,pos_terminal,sports,view,26.7,0,0,not_applicable,,,False,0.0
2026-04-16 01:03:00,C00917,Germany,physical_store,pos_terminal,grocery,view,10.89,0,0,not_applicable,,,False,0.0
2026-04-16 01:04:00,C00282,,web,ios,sports,review,123.5,0,0,not_applicable,,4.0,False,0.0
2026-04-16 01:05:00,C00941,United Kingdom,mobile_app,ios,books,view,22.97,0,0,not_applicable,,,False,0.0
2026-04-16 01:26:00,C00575,Netherlands,physical_store,pos_terminal,electronics,view,158.23,0,0,not_applicable,,,False,0.0
2026-04-16 01:27:00,C00848,Germany,mobile_app,desktop,home,view,64.33,0,0,not_applicable,,,False,0.0
2026-04-16 01:38:00,C00100,France,physical_store,pos_terminal,beauty,view,27.7,0,0,not_applicable,,,False,0.0
2026-04-16 01:48:00,C00228,Netherlands,mobile_app,desktop,grocery,review,19.04,0,0,not_applicable,,5.0,False,0.0
2026-04-16 01:53:00,C00915,United Kingdom,mobile_app,android,fashion,purchase,79.42,2,0,paid,5.0,,False,158.84
2026-04-16 01:53:00,C00282,Sweden,mobile_app,ios,home,purchase,60.31,2,15,paid,43.0,,False,105.62
2026-04-16 01:53:00,C00819,Germany,physical_store,pos_terminal,sports,purchase,66.87,1,20,paid,44.0,,False,46.87
2026-04-16 01:58:00,C00217,Netherlands,web,desktop,grocery,purchase,13.49,4,5,paid,54.0,,False,48.96
2026-04-16 02:07:00,C00676,Ireland,mobile_app,ios,sports,view,61.33,0,0,not_applicable,,,False,0.0
2026-04-16 02:10:00,C00640,Ireland,web,desktop,electronics,view,218.86,0,0,not_applicable,,,False,0.0
2026-04-16 02:23:00,C00020,United Kingdom,mobile_app,android,home,add_to_cart,100.74,0,0,not_applicable,,,False,0.0
2026-04-16 02:31:00,C00588,United Kingdom,web,desktop,beauty,view,19.9,0,0,not_applicable,,,False,0.0
2026-04-16 03:01:00,C00286,Sweden,web,android,electronics,view,165.95,0,0,not_applicable,,,False,0.0
2026-04-16 03:06:00,C00451,France,web,ios,grocery,view,10.95,0,0,not_applicable,,,False,0.0
2026-04-16 03:16:00,C00015,Germany,mobile_app,android,sports,add_to_cart,90.6,0,0,not_applicable,,,False,0.0
2026-04-16 03:29:00,C00599,Germany,web,desktop,fashion,purchase,41.81,1,0,paid,73.0,,False,41.81
2026-04-16 03:34:00,C00635,Netherlands,mobile_app,ios,fashion,view,20.55,0,0,not_applicable,,,False,0.0
2026-04-16 03:35:00,C00803,France,mobile_app,android,grocery,purchase,14.09,1,0,paid,66.0,,False,14.09
2026-04-16 03:35:00,C00638,Ireland,mobile_app,ios,sports,view,56.61,0,0,not_applicable,,,False,0.0
2026-04-16 03:51:00,C00445,Netherlands,mobile_app,desktop,fashion,view,34.95,0,0,not_applicable,,,False,0.0
2026-04-16 03:59:00,C00322,Germany,web,desktop,beauty,purchase,36.58,1,0,paid,53.0,,False,36.58
2026-04-16 04:00:00,C00277,Netherlands,mobile_app,ios,sports,purchase,77.23,1,0,paid,84.0,,False,77.23
2026-04-16 04:17:00,C00074,France,physical_store,pos_terminal,grocery,review,16.62,0,0,not_applicable,,5.0,False,0.0
2026-04-16 04:24:00,C00945,France,partner_marketplace,,home,view,201.22,0,0,not_applicable,,,False,0.0
2026-04-16 04:34:00,C00681,United Kingdom,mobile_app,desktop,grocery,purchase,10.07,3,0,paid,76.0,,False,30.21
2026-04-16 04:34:00,C00874,Germany,web,desktop,home,purchase,128.75,1,0,paid,89.0,,False,128.75
2026-04-16 04:37:00,C00072,Netherlands,physical_store,pos_terminal,fashion,purchase,45.86,1,0,paid,86.0,,True,45.86
2026-04-16 04:42:00,C00299,France,web,tablet,fashion,add_to_cart,18.2,0,0,not_applicable,,,False,0.0
2026-04-16 04:47:00,C00595,Ireland,mobile_app,desktop,beauty,view,21.31,0,0,not_applicable,,,False,0.0
2026-04-16 04:50:00,C00498,Germany,web,ios,electronics,purchase,83.36,1,20,pending,57.0,,False,63.36
2026-04-16 04:59:00,C00611,Germany,mobile_app,ios,sports,add_to_cart,111.18,0,0,not_applicable,,,False,0.0
2026-04-16 05:13:00,C00281,France,web,desktop,fashion,view,49.91,0,0,not_applicable,,,False,0.0
2026-04-16 05:37:00,C00298,Germany,web,desktop,books,add_to_cart,26.55,0,0,not_applicable,,,False,0.0
2026-04-16 06:01:00,C00209,Germany,mobile_app,desktop,grocery,view,12.38,0,0,not_applicable,,,False,0.0
2026-04-16 06:05:00,C00012,Sweden,physical_store,pos_terminal,home,review,74.52,0,0,not_applicable,,4.0,False,0.0
2026-04-16 06:22:00,C00686,Germany,mobile_app,desktop,grocery,view,6.04,0,0,not_applicable,,,False,0.0
2026-04-16 06:27:00,C00704,United Kingdom,physical_store,pos_terminal,home,add_to_cart,66.92,0,0,not_applicable,,,False,0.0
2026-04-16 06:30:00,C00860,United Kingdom,mobile_app,desktop,beauty,purchase,39.37,1,0,paid,42.0,,False,39.37
2026-04-16 06:33:00,C00742,Sweden,mobile_app,ios,home,purchase,89.61,1,0,paid,37.0,,False,89.61
2026-04-16 06:37:00,C00832,Sweden,web,android,electronics,view,115.91,0,0,not_applicable,,,False,0.0
2026-04-16 06:44:00,C00405,Ireland,mobile_app,android,fashion,review,75.84,0,0,not_applicable,,4.0,False,0.0
2026-04-16 06:52:00,C00615,France,partner_marketplace,ios,home,purchase,110.57,1,10,paid,75.0,,False,100.57
2026-04-16 07:07:00,C00265,France,physical_store,pos_terminal,sports,add_to_cart,51.04,0,0,not_applicable,,,False,0.0
2026-04-16 07:08:00,C00887,Sweden,mobile_app,ios,grocery,view,7.01,0,0,not_applicable,,,False,0.0
2026-04-16 07:16:00,C00822,Sweden,web,desktop,electronics,review,238.87,0,0,not_applicable,,4.0,False,0.0
2026-04-16 07:35:00,C00679,France,mobile_app,desktop,fashion,view,55.63,0,0,not_applicable,,,False,0.0
2026-04-16 07:41:00,C00655,United Kingdom,web,ios,grocery,return,10.75,1,0,not_applicable,,,True,10.75
2026-04-16 07:52:00,C00053,France,physical_store,pos_terminal,home,purchase,19.19,3,0,paid,5.0,,False,57.57
2026-04-16 07:53:00,C00185,Germany,web,android,beauty,add_to_cart,27.92,0,0,not_applicable,,,False,0.0
2026-04-16 07:57:00,C00123,Germany,physical_store,pos_terminal,home,add_to_cart,102.41,0,0,not_applicable,,,False,0.0
2026-04-16 08:04:00,C00244,France,web,desktop,electronics,view,142.52,0,0,not_applicable,,,False,0.0
2026-04-16 08:09:00,C00352,Germany,web,android,fashion,purchase,56.1,1,5,failed,44.0,,False,51.1
2026-04-16 08:10:00,C00844,France,mobile_app,desktop,fashion,return,99.57,1,0,not_applicable,,,True,99.57
2026-04-16 08:12:00,C00025,United Kingdom,mobile_app,ios,books,add_to_cart,13.71,0,0,not_applicable,,,False,0.0
2026-04-16 08:16:00,C00380,Germany,mobile_app,ios,electronics,purchase,118.95,1,0,paid,54.0,,False,118.95
2026-04-16 08:21:00,C00262,Sweden,partner_marketplace,desktop,grocery,view,9.48,0,0,not_applicable,,,False,0.0
2026-04-16 08:27:00,C00170,Netherlands,mobile_app,android,grocery,view,19.57,0,0,not_applicable,,,False,0.0
2026-04-16 08:29:00,C00418,Netherlands,physical_store,pos_terminal,home,view,84.43,0,0,not_applicable,,,False,0.0
2026-04-16 08:46:00,C00771,United Kingdom,mobile_app,desktop,home,view,70.16,0,0,not_applicable,,,False,0.0
2026-04-16 08:51:00,C00807,Germany,mobile_app,desktop,books,purchase,19.92,2,0,paid,58.0,,False,39.84
2026-04-16 09:07:00,C00083,Sweden,mobile_app,desktop,beauty,return,27.05,1,0,not_applicable,,,True,27.05
2026-04-16 09:09:00,C00213,Ireland,mobile_app,ios,fashion,add_to_cart,23.36,0,0,not_applicable,,,False,0.0
2026-04-16 09:12:00,C00873,Germany,physical_store,pos_terminal,grocery,purchase,14.8,1,10,paid,63.0,,False,4.8
2026-04-16 09:25:00,C00734,Netherlands,web,ios,electronics,purchase,157.98,2,5,paid,31.0,,False,310.96
2026-04-16 09:26:00,C00943,Netherlands,physical_store,pos_terminal,beauty,purchase,51.2,1,0,paid,59.0,,False,51.2
2026-04-16 09:37:00,C00866,Sweden,physical_store,pos_terminal,grocery,review,9.07,0,0,not_applicable,,5.0,False,0.0
2026-04-16 09:37:00,C00059,United Kingdom,web,ios,electronics,add_to_cart,118.27,0,0,not_applicable,,,False,0.0
2026-04-16 09:38:00,C00549,Germany,physical_store,pos_terminal,grocery,add_to_cart,6.97,0,0,not_applicable,,,False,0.0
2026-04-16 09:49:00,C00655,Ireland,web,ios,fashion,add_to_cart,33.34,0,0,not_applicable,,,False,0.0
2026-04-16 09:52:00,C00128,Germany,mobile_app,android,beauty,view,35.38,0,0,not_applicable,,,False,0.0
2026-04-16 10:05:00,C00613,United Kingdom,mobile_app,ios,fashion,review,42.33,0,0,not_applicable,,3.0,False,0.0
2026-04-16 10:06:00,C00138,Germany,mobile_app,android,electronics,purchase,131.31,4,0,paid,82.0,,False,525.24
2026-04-16 10:08:00,C00904,Germany,mobile_app,tablet,home,purchase,28.48,2,5,failed,38.0,,False,51.96
2026-04-16 10:09:00,C00218,United Kingdom,mobile_app,desktop,sports,purchase,67.75,2,0,paid,73.0,,False,135.5
2026-04-16 10:10:00,C00517,Germany,web,tablet,books,view,16.43,0,0,not_applicable,,,False,0.0
2026-04-16 10:21:00,C00513,United Kingdom,physical_store,pos_terminal,fashion,add_to_cart,45.42,0,0,not_applicable,,,False,0.0
2026-04-16 10:21:00,C00212,Germany,partner_marketplace,android,beauty,add_to_cart,11.93,0,0,not_applicable,,,False,0.0
2026-04-16 10:23:00,C00681,Sweden,mobile_app,tablet,beauty,view,41.39,0,0,not_applicable,,,False,0.0
2026-04-16 10:27:00,C00805,France,mobile_app,android,fashion,purchase,16.89,1,0,paid,52.0,,False,16.89
2026-04-16 10:42:00,C00495,Sweden,mobile_app,ios,electronics,view,142.37,0,0,not_applicable,,,False,0.0
2026-04-16 10:45:00,C00739,Germany,web,android,books,purchase,12.95,1,0,paid,5.0,,False,12.95
2026-04-16 11:10:00,C00258,United Kingdom,mobile_app,desktop,fashion,view,15.79,0,0,not_applicable,,,False,0.0
2026-04-16 11:15:00,C00652,Ireland,physical_store,pos_terminal,sports,review,64.26,0,0,not_applicable,,5.0,False,0.0
2026-04-16 11:20:00,C00176,Germany,mobile_app,ios,fashion,purchase,20.49,1,0,pending,55.0,,False,20.49
2026-04-16 11:53:00,C00296,Ireland,web,,grocery,return,14.06,2,0,not_applicable,,,True,28.12
2026-04-16 12:03:00,C00764,Netherlands,mobile_app,desktop,grocery,view,6.14,0,0,not_applicable,,,False,0.0
2026-04-16 12:05:00,C00124,France,mobile_app,desktop,grocery,purchase,11.24,2,15,paid,69.0,,False,7.48
2026-04-16 12:18:00,C00903,France,partner_marketplace,desktop,fashion,return,44.17,1,0,not_applicable,,,True,44.17
2026-04-16 12:23:00,C00876,Germany,web,desktop,books,purchase,27.89,3,0,paid,43.0,,False,83.67
2026-04-16 12:35:00,C00306,Ireland,web,desktop,beauty,view,23.49,0,0,not_applicable,,,False,0.0
2026-04-16 12:38:00,C00883,Germany,physical_store,pos_terminal,sports,return,53.91,2,0,not_applicable,,,True,107.82
2026-04-16 12:42:00,C00791,Germany,web,android,home,purchase,46.21,2,0,paid,33.0,,False,92.42
2026-04-16 13:05:00,C00678,Germany,mobile_app,tablet,books,purchase,19.65,1,5,paid,61.0,,False,14.65
2026-04-16 13:08:00,C00713,Sweden,web,desktop,grocery,review,4.42,0,0,not_applicable,,5.0,False,0.0
2026-04-16 13:14:00,C00150,United Kingdom,mobile_app,desktop,home,purchase,99.83,3,15,paid,84.0,,False,284.49
2026-04-16 13:33:00,C00613,United Kingdom,mobile_app,tablet,fashion,review,86.84,0,0,not_applicable,,4.0,False,0.0
2026-04-16 13:35:00,C00854,Germany,web,android,fashion,purchase,31.22,1,0,paid,80.0,,False,31.22
2026-04-16 13:37:00,C00655,Sweden,physical_store,pos_terminal,grocery,add_to_cart,8.47,0,0,not_applicable,,,False,0.0
2026-04-16 13:41:00,C00440,United Kingdom,mobile_app,tablet,beauty,view,16.18,0,0,not_applicable,,,False,0.0
2026-04-16 13:47:00,C00599,Germany,mobile_app,desktop,electronics,view,114.69,0,0,not_applicable,,,False,0.0
2026-04-16 13:58:00,C00320,France,mobile_app,desktop,sports,view,57.22,0,0,not_applicable,,,False,0.0
2026-04-16 14:02:00,C00168,Germany,physical_store,pos_terminal,home,purchase,119.3,1,20,paid,43.0,,False,99.3
2026-04-16 14:37:00,C00322,Germany,mobile_app,android,sports,view,47.49,0,0,not_applicable,,,False,0.0
2026-04-16 14:43:00,C00944,Sweden,partner_marketplace,tablet,electronics,purchase,80.59,1,0,paid,75.0,,False,80.59
2026-04-16 14:43:00,C00038,Germany,physical_store,pos_terminal,sports,view,40.51,0,0,not_applicable,,,False,0.0
2026-04-16 14:51:00,C00617,Germany,web,ios,fashion,purchase,53.97,1,0,paid,30.0,,False,53.97
2026-04-16 14:51:00,C00719,Germany,web,,electronics,add_to_cart,224.97,0,0,not_applicable,,,False,0.0
2026-04-16 14:53:00,C00030,Netherlands,mobile_app,android,electronics,purchase,96.2,1,10,paid,58.0,,False,86.2
2026-04-16 15:11:00,C00072,Netherlands,mobile_app,ios,beauty,purchase,30.7,2,5,paid,67.0,,False,56.4
2026-04-16 15:20:00,C00825,France,mobile_app,tablet,grocery,view,27.26,0,0,not_applicable,,,False,0.0
2026-04-16 15:35:00,C00180,Germany,mobile_app,ios,grocery,view,17.12,0,0,not_applicable,,,False,0.0
2026-04-16 15:54:00,C00322,Germany,mobile_app,android,home,view,140.85,0,0,not_applicable,,,False,0.0
2026-04-16 15:54:00,C00893,Germany,partner_marketplace,desktop,home,purchase,88.49,1,5,paid,41.0,,False,83.49
2026-04-16 15:58:00,C00761,Germany,web,tablet,home,view,71.63,0,0,not_applicable,,,False,0.0
2026-04-16 16:20:00,C00114,Netherlands,mobile_app,desktop,grocery,purchase,8.34,2,0,paid,34.0,,False,16.68
2026-04-16 16:36:00,C00859,Netherlands,mobile_app,tablet,fashion,review,32.08,0,0,not_applicable,,2.0,False,0.0
2026-04-16 16:43:00,C00150,Ireland,partner_marketplace,ios,home,purchase,41.48,3,0,paid,26.0,,False,124.44
2026-04-16 17:36:00,C00063,Germany,mobile_app,desktop,fashion,purchase,59.58,1,0,paid,42.0,,False,59.58
2026-04-16 17:37:00,C00830,Germany,partner_marketplace,ios,home,review,35.1,0,0,not_applicable,,4.0,False,0.0
2026-04-16 17:40:00,C00024,Germany,mobile_app,android,fashion,add_to_cart,29.02,0,0,not_applicable,,,False,0.0
2026-04-16 17:47:00,C00106,Germany,physical_store,pos_terminal,grocery,purchase,12.08,1,15,paid,57.0,,False,0.0
2026-04-16 17:50:00,C00401,Germany,partner_marketplace,android,electronics,view,132.87,0,0,not_applicable,,,False,0.0
2026-04-16 18:03:00,C00343,Germany,physical_store,pos_terminal,grocery,purchase,6.86,2,10,paid,54.0,,True,3.72
2026-04-16 18:06:00,C00867,France,mobile_app,ios,sports,view,71.29,0,0,not_applicable,,,False,0.0
2026-04-16 18:25:00,C00029,France,web,tablet,sports,purchase,122.78,1,0,paid,88.0,,False,122.78
2026-04-16 18:27:00,C00312,Germany,partner_marketplace,tablet,books,purchase,5.66,1,10,failed,61.0,,False,0.0
2026-04-16 18:29:00,C00331,Germany,partner_marketplace,ios,home,view,53.57,0,0,not_applicable,,,False,0.0
2026-04-16 18:52:00,C00123,Germany,web,ios,beauty,review,15.26,0,0,not_applicable,,2.0,False,0.0
2026-04-16 18:52:00,C00602,Germany,web,android,fashion,view,19.06,0,0,not_applicable,,,False,0.0
2026-04-16 18:53:00,C00627,Netherlands,physical_store,pos_terminal,home,view,53.14,0,0,not_applicable,,,False,0.0
2026-04-16 19:00:00,C00923,Germany,web,android,grocery,view,12.17,0,0,not_applicable,,,False,0.0
2026-04-16 19:13:00,C00032,Ireland,web,ios,grocery,view,19.08,0,0,not_applicable,,,False,0.0
2026-04-16 19:15:00,C00445,France,mobile_app,ios,fashion,view,29.14,0,0,not_applicable,,,False,0.0
2026-04-16 19:19:00,C00800,Germany,partner_marketplace,tablet,beauty,purchase,21.81,1,10,paid,89.0,,False,11.81
2026-04-16 19:32:00,C00934,Sweden,physical_store,pos_terminal,electronics,view,260.91,0,0,not_applicable,,,False,0.0
2026-04-16 19:49:00,C00246,Germany,physical_store,pos_terminal,home,view,104.47,0,0,not_applicable,,,False,0.0
2026-04-16 19:54:00,C00714,Netherlands,web,tablet,grocery,purchase,3.85,1,15,paid,41.0,,False,0.0
2026-04-16 19:58:00,C00281,Netherlands,web,tablet,electronics,purchase,179.55,3,20,paid,72.0,,False,518.65
2026-04-16 20:00:00,C00342,France,web,ios,books,view,8.81,0,0,not_applicable,,,False,0.0
2026-04-16 20:06:00,C00879,Ireland,partner_marketplace,desktop,fashion,review,72.18,0,0,not_applicable,,5.0,False,0.0
2026-04-16 20:07:00,C00757,Germany,mobile_app,desktop,home,purchase,113.23,2,0,paid,44.0,,True,226.46
2026-04-16 20:08:00,C00541,Germany,web,ios,fashion,view,35.32,0,0,not_applicable,,,False,0.0
2026-04-16 20:09:00,C00823,United Kingdom,web,,fashion,view,32.97,0,0,not_applicable,,,False,0.0
2026-04-16 20:12:00,C00679,Netherlands,web,desktop,books,view,16.08,0,0,not_applicable,,,False,0.0
2026-04-16 20:14:00,C00511,France,partner_marketplace,desktop,beauty,review,23.44,0,0,not_applicable,,3.0,False,0.0
2026-04-16 20:26:00,C00588,Sweden,mobile_app,tablet,beauty,add_to_cart,23.8,0,0,not_applicable,,,False,0.0
2026-04-16 20:27:00,C00069,Sweden,mobile_app,ios,electronics,view,69.91,0,0,not_applicable,,,False,0.0
2026-04-16 20:38:00,C00327,France,physical_store,pos_terminal,fashion,purchase,57.55,1,20,paid,34.0,,False,37.55
2026-04-16 20:41:00,C00568,Ireland,mobile_app,ios,fashion,purchase,20.65,2,10,paid,36.0,,False,31.3
2026-04-16 20:49:00,C00922,United Kingdom,web,android,grocery,purchase,8.26,1,15,paid,63.0,,False,0.0
2026-04-16 21:02:00,C00526,Sweden,partner_marketplace,ios,home,add_to_cart,56.23,0,0,not_applicable,,,False,0.0
2026-04-16 21:16:00,C00900,France,physical_store,pos_terminal,fashion,view,22.71,0,0,not_applicable,,,False,0.0
2026-04-16 21:18:00,C00346,France,web,tablet,home,purchase,51.58,1,0,paid,91.0,,False,51.58
2026-04-16 21:21:00,C00902,France,mobile_app,tablet,home,add_to_cart,82.07,0,0,not_applicable,,,False,0.0
2026-04-16 21:33:00,C00506,United Kingdom,partner_marketplace,desktop,beauty,add_to_cart,8.55,0,0,not_applicable,,,False,0.0
2026-04-16 21:42:00,C00360,Sweden,physical_store,pos_terminal,fashion,view,46.5,0,0,not_applicable,,,False,0.0
2026-04-16 21:49:00,C00043,Germany,partner_marketplace,desktop,beauty,view,27.05,0,0,not_applicable,,,False,0.0
2026-04-16 21:56:00,C00256,France,web,android,sports,purchase,35.1,1,0,paid,55.0,,False,35.1
2026-04-16 22:04:00,C00683,Sweden,web,android,electronics,purchase,108.95,3,0,paid,62.0,,False,326.85
2026-04-16 22:17:00,C00785,United Kingdom,web,tablet,beauty,view,40.95,0,0,not_applicable,,,False,0.0
2026-04-16 22:19:00,C00672,Ireland,partner_marketplace,desktop,grocery,view,11.23,0,0,not_applicable,,,False,0.0
2026-04-16 22:29:00,C00083,Germany,physical_store,pos_terminal,beauty,view,28.36,0,0,not_applicable,,,False,0.0
2026-04-16 22:31:00,C00067,United Kingdom,web,tablet,fashion,purchase,42.84,4,20,paid,73.0,,False,151.36
2026-04-16 22:32:00,C00945,,mobile_app,desktop,home,purchase,200.64,3,5,paid,46.0,,False,596.92
2026-04-16 22:52:00,C00158,Netherlands,partner_marketplace,ios,fashion,purchase,48.27,3,10,failed,64.0,,False,134.81
2026-04-16 22:56:00,C00631,Sweden,mobile_app,ios,fashion,purchase,84.93,1,5,paid,39.0,,False,79.93
2026-04-16 22:58:00,C00591,United Kingdom,mobile_app,tablet,grocery,purchase,11.63,1,0,paid,26.0,,False,11.63
2026-04-16 23:11:00,C00187,United Kingdom,physical_store,pos_terminal,books,view,11.26,0,0,not_applicable,,,False,0.0
2026-04-16 23:17:00,C00274,United Kingdom,web,desktop,electronics,add_to_cart,94.12,0,0,not_applicable,,,False,0.0
2026-04-16 23:50:00,C00216,Netherlands,partner_marketplace,ios,fashion,purchase,29.58,1,30,pending,77.0,,False,0.0
2026-04-17 00:03:00,C00390,Germany,partner_marketplace,android,books,add_to_cart,22.99,0,0,not_applicable,,,False,0.0
2026-04-17 00:03:00,C00684,Germany,mobile_app,android,grocery,review,15.96,0,0,not_applicable,,4.0,False,0.0
2026-04-17 00:12:00,C00389,Ireland,web,tablet,grocery,view,6.21,0,0,not_applicable,,,False,0.0
2026-04-17 00:16:00,C00442,United Kingdom,mobile_app,desktop,grocery,view,8.67,0,0,not_applicable,,,False,0.0
2026-04-17 00:22:00,C00104,Ireland,partner_marketplace,ios,home,purchase,80.25,4,20,paid,72.0,,False,301.0
2026-04-17 00:28:00,C00122,Sweden,mobile_app,desktop,grocery,purchase,6.43,2,0,paid,37.0,,False,12.86
2026-04-17 00:35:00,C00617,Ireland,web,desktop,electronics,purchase,54.8,3,0,paid,69.0,,False,164.4
2026-04-17 00:45:00,C00377,Germany,web,ios,beauty,purchase,25.81,3,5,paid,112.0,,False,72.43
2026-04-17 00:45:00,C00622,France,physical_store,pos_terminal,beauty,purchase,15.34,2,20,paid,47.0,,False,10.68
2026-04-17 00:46:00,C00682,Ireland,mobile_app,desktop,beauty,purchase,12.17,2,15,paid,71.0,,False,9.34
2026-04-17 00:47:00,C00897,Sweden,web,android,electronics,purchase,206.88,1,0,paid,48.0,,False,206.88
2026-04-17 00:59:00,C00507,Germany,physical_store,pos_terminal,electronics,review,66.89,0,0,not_applicable,,4.0,False,0.0
2026-04-17 01:00:00,C00914,Germany,web,desktop,fashion,add_to_cart,91.56,0,0,not_applicable,,,False,0.0
2026-04-17 01:03:00,C00840,Germany,mobile_app,desktop,beauty,add_to_cart,15.97,0,0,not_applicable,,,False,0.0
2026-04-17 01:05:00,C00856,Germany,web,desktop,books,add_to_cart,29.19,0,0,not_applicable,,,False,0.0
2026-04-17 01:28:00,C00757,Germany,mobile_app,ios,fashion,view,111.08,0,0,not_applicable,,,False,0.0
2026-04-17 01:42:00,C00083,Germany,web,tablet,home,view,104.09,0,0,not_applicable,,,False,0.0
2026-04-17 02:06:00,C00689,Germany,mobile_app,android,books,return,22.04,1,0,not_applicable,,,True,22.04
2026-04-17 02:09:00,C00703,Sweden,web,android,beauty,view,23.44,0,0,not_applicable,,,False,0.0
2026-04-17 02:14:00,C00738,Sweden,mobile_app,desktop,beauty,view,32.68,0,0,not_applicable,,,False,0.0
2026-04-17 02:15:00,C00665,Germany,physical_store,pos_terminal,beauty,purchase,20.48,1,0,paid,76.0,,False,20.48
2026-04-17 02:16:00,C00374,Germany,mobile_app,desktop,beauty,review,22.48,0,0,not_applicable,,4.0,False,0.0
2026-04-17 02:30:00,C00238,Germany,physical_store,pos_terminal,fashion,purchase,62.01,1,0,paid,105.0,,False,62.01
2026-04-17 02:30:00,C00927,Germany,mobile_app,ios,home,purchase,66.2,1,20,paid,57.0,,False,46.2
2026-04-17 02:33:00,C00129,France,web,desktop,fashion,review,68.42,0,0,not_applicable,,3.0,False,0.0
2026-04-17 02:55:00,C00795,United Kingdom,web,desktop,fashion,add_to_cart,46.37,0,0,not_applicable,,,False,0.0
2026-04-17 02:56:00,C00455,Netherlands,web,tablet,fashion,view,23.94,0,0,not_applicable,,,False,0.0
2026-04-17 02:57:00,C00670,United Kingdom,web,ios,sports,review,51.71,0,0,not_applicable,,3.0,False,0.0
2026-04-17 03:06:00,C00621,Germany,partner_marketplace,android,grocery,purchase,14.22,1,0,paid,32.0,,False,14.22
2026-04-17 03:08:00,C00450,Germany,partner_marketplace,tablet,sports,view,45.04,0,0,not_applicable,,,False,0.0
2026-04-17 03:26:00,C00360,Netherlands,mobile_app,desktop,fashion,purchase,59.42,2,5,paid,52.0,,False,113.84
2026-04-17 03:37:00,C00173,Germany,physical_store,pos_terminal,home,view,42.92,0,75,not_applicable,,,False,0.0
2026-04-17 03:38:00,C00909,France,mobile_app,ios,grocery,purchase,9.37,2,0,paid,83.0,,False,18.74
2026-04-17 03:41:00,C00181,United Kingdom,web,tablet,beauty,add_to_cart,18.52,0,0,not_applicable,,,False,0.0
2026-04-17 03:43:00,C00653,Sweden,web,android,beauty,view,25.19,0,0,not_applicable,,,False,0.0
2026-04-17 03:44:00,C00201,Germany,mobile_app,desktop,fashion,view,168.23,0,0,not_applicable,,,False,0.0
2026-04-17 03:52:00,C00231,Sweden,web,desktop,fashion,purchase,81.2,2,0,pending,23.0,,False,162.4
2026-04-17 03:59:00,C00905,United Kingdom,web,tablet,grocery,add_to_cart,15.24,0,0,not_applicable,,,False,0.0
2026-04-17 04:13:00,C00430,United Kingdom,mobile_app,desktop,books,review,14.6,0,0,not_applicable,,4.0,False,0.0
2026-04-17 04:28:00,C00747,United Kingdom,mobile_app,desktop,grocery,add_to_cart,6.67,0,0,not_applicable,,,False,0.0
2026-04-17 04:28:00,C00685,Sweden,mobile_app,android,fashion,purchase,46.64,1,0,paid,81.0,,False,46.64
2026-04-17 04:49:00,C00471,Sweden,web,android,home,view,64.83,0,0,not_applicable,,,False,0.0
2026-04-17 05:05:00,C00107,Germany,mobile_app,,fashion,purchase,55.8,1,5,paid,60.0,,False,50.8
2026-04-17 05:34:00,C00709,Germany,web,desktop,electronics,view,83.21,0,0,not_applicable,,,False,0.0
2026-04-17 05:43:00,C00448,Germany,web,ios,electronics,purchase,94.06,1,0,paid,55.0,,False,94.06
2026-04-17 05:56:00,C00029,Germany,physical_store,,beauty,purchase,14.45,4,15,paid,45.0,,False,42.8
2026-04-17 05:57:00,C00759,Sweden,web,android,sports,purchase,41.9,1,10,paid,49.0,,False,31.9
2026-04-17 06:03:00,C00064,Germany,mobile_app,desktop,beauty,add_to_cart,29.84,0,0,not_applicable,,,False,0.0
2026-04-17 06:03:00,C00731,Germany,mobile_app,ios,sports,add_to_cart,64.81,0,0,not_applicable,,,False,0.0
2026-04-17 06:09:00,C00417,Sweden,mobile_app,android,books,review,14.85,0,0,not_applicable,,4.0,False,0.0
2026-04-17 06:18:00,C00584,United Kingdom,mobile_app,android,grocery,review,11.25,0,0,not_applicable,,2.0,False,0.0
2026-04-17 06:36:00,C00140,Germany,web,desktop,home,purchase,76.94,1,5,paid,17.0,,True,71.94
2026-04-17 06:37:00,C00101,Ireland,web,ios,grocery,purchase,13.14,2,20,paid,34.0,,False,6.28
2026-04-17 06:38:00,C00555,Germany,mobile_app,android,books,view,19.84,0,0,not_applicable,,,False,0.0
2026-04-17 06:48:00,C00137,United Kingdom,mobile_app,tablet,sports,purchase,51.92,1,20,paid,55.0,,False,31.92
2026-04-17 06:54:00,C00717,United Kingdom,mobile_app,android,home,purchase,53.3,1,0,paid,15.0,,False,53.3
2026-04-17 07:28:00,C00043,United Kingdom,mobile_app,ios,home,purchase,94.74,2,10,paid,80.0,,True,179.48
2026-04-17 07:32:00,C00451,United Kingdom,partner_marketplace,android,sports,view,27.16,0,0,not_applicable,,,False,0.0
2026-04-17 07:37:00,C00564,United Kingdom,mobile_app,android,electronics,purchase,49.31,1,0,paid,53.0,,False,49.31
2026-04-17 07:39:00,C00610,Germany,mobile_app,desktop,electronics,add_to_cart,188.73,0,0,not_applicable,,,False,0.0
2026-04-17 07:48:00,C00896,Netherlands,mobile_app,android,books,view,18.59,0,0,not_applicable,,,False,0.0
2026-04-17 07:53:00,C00161,France,web,desktop,home,purchase,36.37,1,20,paid,72.0,,False,16.37
2026-04-17 07:57:00,C00624,,physical_store,pos_terminal,electronics,view,143.01,0,0,not_applicable,,,False,0.0
2026-04-17 08:09:00,C00846,Germany,mobile_app,tablet,home,view,25.18,0,0,not_applicable,,,False,0.0
2026-04-17 08:16:00,C00296,Germany,web,android,grocery,purchase,25.74,2,0,paid,62.0,,False,51.48
2026-04-17 08:22:00,C00941,Germany,web,desktop,beauty,review,19.36,0,0,not_applicable,,5.0,False,0.0
2026-04-17 08:24:00,C00432,United Kingdom,physical_store,pos_terminal,home,view,33.1,0,0,not_applicable,,,False,0.0
2026-04-17 08:30:00,C00748,Ireland,physical_store,pos_terminal,fashion,review,28.19,0,0,not_applicable,,4.0,False,0.0
2026-04-17 08:33:00,C00666,Germany,web,android,grocery,purchase,13.38,4,0,paid,16.0,,False,53.52
2026-04-17 08:34:00,C00799,Germany,mobile_app,ios,grocery,view,9.14,0,0,not_applicable,,,False,0.0
2026-04-17 08:36:00,C00078,Germany,web,android,electronics,purchase,80.54,1,0,paid,80.0,,False,80.54
2026-04-17 08:45:00,C00430,Germany,mobile_app,android,grocery,review,11.3,0,0,not_applicable,,4.0,False,0.0
2026-04-17 08:57:00,C00482,Sweden,web,desktop,books,add_to_cart,13.12,0,0,not_applicable,,,False,0.0
2026-04-17 09:16:00,C00097,United Kingdom,partner_marketplace,android,electronics,purchase,110.82,1,0,paid,97.0,,False,110.82
2026-04-17 09:31:00,C00438,Germany,web,desktop,electronics,purchase,280.87,1,30,paid,51.0,,False,250.87
2026-04-17 09:32:00,C00531,Germany,mobile_app,android,beauty,view,41.66,0,0,not_applicable,,,False,0.0
2026-04-17 09:36:00,C00538,Germany,mobile_app,tablet,home,add_to_cart,67.18,0,0,not_applicable,,,False,0.0
2026-04-17 09:38:00,C00846,Netherlands,mobile_app,android,sports,purchase,50.98,2,0,paid,22.0,,True,101.96
2026-04-17 09:49:00,C00263,United Kingdom,web,ios,home,view,85.37,0,0,not_applicable,,,False,0.0
2026-04-17 09:52:00,C00263,Sweden,partner_marketplace,ios,electronics,add_to_cart,141.33,0,0,not_applicable,,,False,0.0
2026-04-17 09:59:00,C00368,Netherlands,web,android,books,purchase,9.34,1,20,paid,81.0,,False,0.0
2026-04-17 10:07:00,C00580,Sweden,mobile_app,android,fashion,purchase,51.74,3,15,paid,57.0,,False,140.22
2026-04-17 10:24:00,C00057,Germany,web,ios,grocery,view,14.3,0,0,not_applicable,,,False,0.0
2026-04-17 10:28:00,C00684,Germany,mobile_app,desktop,grocery,view,4.28,0,0,not_applicable,,,False,0.0
2026-04-17 10:30:00,C00304,France,web,,fashion,add_to_cart,89.14,0,0,not_applicable,,,False,0.0
2026-04-17 10:42:00,C00717,France,web,ios,books,purchase,34.33,1,0,paid,8.0,,False,34.33
2026-04-17 10:48:00,C00089,Germany,mobile_app,android,fashion,return,36.25,2,0,not_applicable,,,True,72.5
2026-04-17 10:51:00,C00548,Germany,web,ios,books,add_to_cart,13.39,0,0,not_applicable,,,False,0.0
2026-04-17 11:03:00,C00685,United Kingdom,partner_marketplace,desktop,home,view,74.84,0,0,not_applicable,,,False,0.0
2026-04-17 11:12:00,C00365,Netherlands,web,android,fashion,view,100.23,0,0,not_applicable,,,False,0.0
2026-04-17 11:15:00,C00564,Netherlands,partner_marketplace,ios,fashion,review,36.34,0,0,not_applicable,,4.0,False,0.0
2026-04-17 11:18:00,C00848,Netherlands,web,android,books,purchase,10.39,1,20,paid,50.0,,False,0.0
2026-04-17 11:19:00,C00905,France,web,android,electronics,purchase,81.76,2,0,pending,78.0,,False,163.52
2026-04-17 11:24:00,C00681,Germany,mobile_app,android,electronics,view,163.97,0,0,not_applicable,,,False,0.0
2026-04-17 11:27:00,C00243,Germany,mobile_app,android,electronics,view,75.61,0,0,not_applicable,,,False,0.0
2026-04-17 11:30:00,C00201,France,mobile_app,ios,home,view,50.46,0,0,not_applicable,,,False,0.0
2026-04-17 11:37:00,C00680,United Kingdom,web,android,home,add_to_cart,127.57,0,0,not_applicable,,,False,0.0
2026-04-17 11:46:00,C00886,Germany,mobile_app,android,electronics,purchase,121.83,1,5,paid,19.0,,False,116.83
2026-04-17 11:47:00,C00495,Netherlands,web,android,grocery,add_to_cart,18.9,0,0,not_applicable,,,False,0.0
2026-04-17 11:47:00,C00056,Germany,web,ios,sports,purchase,106.97,2,5,paid,40.0,,False,208.94
2026-04-17 12:02:00,C00396,United Kingdom,mobile_app,desktop,beauty,view,18.1,0,0,not_applicable,,,False,0.0
2026-04-17 12:04:00,C00672,Sweden,mobile_app,ios,books,view,25.91,0,60,not_applicable,,,False,0.0
2026-04-17 12:07:00,C00385,United Kingdom,physical_store,pos_terminal,beauty,purchase,17.16,2,30,paid,42.0,,False,4.32
2026-04-17 12:09:00,C00466,United Kingdom,mobile_app,android,sports,add_to_cart,71.37,0,0,not_applicable,,,False,0.0
2026-04-17 12:16:00,C00286,Sweden,physical_store,pos_terminal,books,purchase,13.17,2,5,paid,57.0,,False,21.34
2026-04-17 12:25:00,C00306,Netherlands,physical_store,pos_terminal,fashion,view,77.36,0,0,not_applicable,,,False,0.0
2026-04-17 12:25:00,C00654,Ireland,web,ios,beauty,view,15.35,0,0,not_applicable,,,False,0.0
2026-04-17 12:25:00,C00576,United Kingdom,mobile_app,tablet,electronics,purchase,93.73,1,10,paid,55.0,,False,83.73
2026-04-17 12:29:00,C00757,Germany,physical_store,pos_terminal,electronics,review,109.58,0,0,not_applicable,,2.0,False,0.0
2026-04-17 13:09:00,C00687,France,physical_store,pos_terminal,books,review,26.45,0,0,not_applicable,,4.0,False,0.0
2026-04-17 13:16:00,C00416,Germany,web,android,fashion,review,35.98,0,0,not_applicable,,1.0,False,0.0
2026-04-17 13:21:00,C00113,Sweden,mobile_app,ios,electronics,purchase,100.82,2,0,pending,55.0,,False,201.64
2026-04-17 13:33:00,C00122,Netherlands,web,android,beauty,purchase,15.71,1,10,paid,89.0,,False,5.71
2026-04-17 13:46:00,C00768,Ireland,mobile_app,ios,books,purchase,41.17,1,10,paid,61.0,,False,31.17
2026-04-17 14:11:00,C00431,France,physical_store,pos_terminal,beauty,view,50.25,0,0,not_applicable,,,False,0.0
2026-04-17 14:30:00,C00209,Netherlands,web,tablet,grocery,view,8.38,0,0,not_applicable,,,False,0.0
2026-04-17 15:14:00,C00837,Netherlands,mobile_app,tablet,electronics,purchase,59.46,2,0,paid,33.0,,False,118.92
2026-04-17 15:15:00,C00473,France,physical_store,pos_terminal,electronics,review,86.46,0,0,not_applicable,,3.0,False,0.0
2026-04-17 15:48:00,C00432,Netherlands,web,desktop,fashion,add_to_cart,83.89,0,0,not_applicable,,,False,0.0
2026-04-17 16:06:00,C00499,Germany,mobile_app,tablet,electronics,view,153.8,0,0,not_applicable,,,False,0.0
2026-04-17 16:08:00,C00108,Germany,mobile_app,ios,electronics,view,175.87,0,0,not_applicable,,,False,0.0
2026-04-17 16:09:00,C00537,Netherlands,web,android,home,purchase,84.2,1,5,paid,64.0,,False,79.2
2026-04-17 16:18:00,C00586,Germany,web,desktop,books,view,14.22,0,0,not_applicable,,,False,0.0
2026-04-17 16:38:00,C00777,Netherlands,mobile_app,ios,home,purchase,65.44,2,15,paid,49.0,,False,115.88
2026-04-17 16:47:00,C00655,Germany,mobile_app,ios,sports,review,19.59,0,0,not_applicable,,2.0,False,0.0
2026-04-17 17:04:00,C00206,Germany,web,android,electronics,view,81.44,0,0,not_applicable,,,False,0.0
2026-04-17 17:25:00,C00189,Ireland,mobile_app,android,beauty,purchase,15.36,2,0,paid,43.0,,False,30.72
2026-04-17 17:32:00,C00471,United Kingdom,web,android,beauty,view,25.84,0,0,not_applicable,,,False,0.0
2026-04-17 17:39:00,C00210,Sweden,mobile_app,tablet,fashion,view,23.93,0,0,not_applicable,,,False,0.0
2026-04-17 17:43:00,C00038,Sweden,web,tablet,grocery,review,11.68,0,0,not_applicable,,3.0,False,0.0
2026-04-17 17:44:00,C00001,Germany,physical_store,pos_terminal,electronics,view,122.97,0,0,not_applicable,,,False,0.0
2026-04-17 18:01:00,C00875,Sweden,partner_marketplace,ios,home,add_to_cart,114.45,0,0,not_applicable,,,False,0.0
2026-04-17 18:08:00,C00526,United Kingdom,mobile_app,tablet,home,purchase,101.88,3,15,paid,92.0,,False,290.64
2026-04-17 18:21:00,C00322,Germany,web,desktop,home,return,54.83,1,0,not_applicable,,,True,54.83
2026-04-17 18:29:00,C00169,Sweden,physical_store,pos_terminal,electronics,purchase,164.32,2,20,paid,11.0,,False,308.64
2026-04-17 18:38:00,C00677,Ireland,mobile_app,desktop,home,review,51.63,0,0,not_applicable,,1.0,False,0.0
2026-04-17 18:41:00,C00869,Ireland,mobile_app,android,grocery,return,12.78,1,0,not_applicable,,,True,12.78
2026-04-17 18:44:00,C00446,Germany,mobile_app,android,grocery,view,10.07,0,0,not_applicable,,,False,0.0
2026-04-17 18:58:00,C00756,Germany,web,ios,books,purchase,19.27,3,0,paid,42.0,,False,57.81
2026-04-17 19:00:00,C00528,Netherlands,mobile_app,android,sports,purchase,84.39,2,5,paid,73.0,,False,163.78
2026-04-17 19:31:00,C00075,Germany,web,android,sports,add_to_cart,69.71,0,0,not_applicable,,,False,0.0
2026-04-17 19:38:00,C00416,Netherlands,web,ios,electronics,view,48.54,0,0,not_applicable,,,False,0.0
2026-04-17 19:56:00,C00879,Sweden,mobile_app,android,home,review,70.27,0,0,not_applicable,,4.0,False,0.0
2026-04-17 19:58:00,C00361,Germany,mobile_app,android,fashion,return,41.87,1,0,not_applicable,,,True,41.87
2026-04-17 20:13:00,C00065,Sweden,web,ios,home,add_to_cart,68.89,0,0,not_applicable,,,False,0.0
2026-04-17 20:42:00,C00921,Netherlands,web,android,beauty,add_to_cart,22.63,0,0,not_applicable,,,False,0.0
2026-04-17 20:51:00,C00631,Germany,physical_store,pos_terminal,beauty,purchase,17.98,2,10,paid,58.0,,False,25.96
2026-04-17 20:52:00,C00660,Germany,physical_store,pos_terminal,beauty,return,18.92,2,0,not_applicable,,,True,37.84
2026-04-17 20:55:00,C00732,Sweden,mobile_app,android,electronics,purchase,141.07,1,5,failed,94.0,,False,136.07
2026-04-17 21:03:00,C00117,Germany,web,ios,home,view,80.97,0,0,not_applicable,,,False,0.0
2026-04-17 21:26:00,C00750,Germany,web,tablet,fashion,view,41.34,0,0,not_applicable,,,False,0.0
2026-04-17 21:30:00,C00671,Germany,web,android,home,purchase,34.35,4,0,paid,61.0,,False,137.4
2026-04-17 21:53:00,C00341,United Kingdom,physical_store,pos_terminal,home,view,39.5,0,0,not_applicable,,,False,0.0
2026-04-17 22:02:00,C00940,Sweden,mobile_app,ios,electronics,purchase,50.09,1,15,paid,42.0,,False,35.09
2026-04-17 22:21:00,C00382,Germany,partner_marketplace,desktop,home,view,43.62,0,0,not_applicable,,,False,0.0
2026-04-17 22:24:00,C00521,Germany,physical_store,pos_terminal,fashion,view,153.62,0,0,not_applicable,,,False,0.0
2026-04-17 22:25:00,C00240,Germany,web,android,fashion,add_to_cart,31.67,0,0,not_applicable,,,False,0.0
2026-04-17 22:41:00,C00623,Ireland,mobile_app,android,fashion,purchase,56.69,2,5,paid,52.0,,False,108.38
2026-04-17 22:42:00,C00716,Germany,web,desktop,home,view,109.75,0,0,not_applicable,,,False,0.0
2026-04-17 22:46:00,C00293,United Kingdom,web,desktop,electronics,view,141.92,0,0,not_applicable,,,False,0.0
2026-04-17 22:47:00,C00628,Germany,physical_store,,fashion,purchase,35.49,1,0,paid,48.0,,False,35.49
2026-04-17 22:52:00,C00287,Germany,mobile_app,ios,fashion,view,82.04,0,0,not_applicable,,,False,0.0
2026-04-17 22:56:00,C00813,Germany,partner_marketplace,android,home,purchase,55.75,1,10,paid,39.0,,True,45.75
2026-04-17 23:03:00,C00297,Sweden,mobile_app,ios,grocery,review,7.55,0,0,not_applicable,,5.0,False,0.0
2026-04-17 23:03:00,C00707,Netherlands,mobile_app,desktop,beauty,add_to_cart,44.02,0,0,not_applicable,,,False,0.0
2026-04-17 23:04:00,C00482,Germany,mobile_app,desktop,fashion,add_to_cart,58.66,0,0,not_applicable,,,False,0.0
2026-04-17 23:08:00,C00569,Germany,web,android,sports,purchase,42.17,1,0,paid,33.0,,False,42.17
2026-04-17 23:09:00,C00529,Germany,web,android,grocery,view,9.07,0,0,not_applicable,,,False,0.0
2026-04-17 23:15:00,C00785,Germany,mobile_app,ios,beauty,view,22.87,0,0,not_applicable,,,False,0.0
2026-04-17 23:27:00,C00794,Germany,web,ios,beauty,purchase,49.55,2,0,paid,66.0,,False,99.1
2026-04-17 23:34:00,C00271,Germany,web,ios,electronics,add_to_cart,74.36,0,0,not_applicable,,,False,0.0
2026-04-17 23:35:00,C00338,Sweden,mobile_app,ios,grocery,view,9.95,0,0,not_applicable,,,False,0.0
2026-04-17 23:36:00,C00257,Ireland,partner_marketplace,,electronics,purchase,104.14,1,30,paid,82.0,,True,74.14
2026-04-17 23:48:00,C00065,Germany,mobile_app,desktop,beauty,view,17.26,0,0,not_applicable,,,False,0.0
2026-04-18 00:06:00,C00025,Sweden,web,android,fashion,review,31.57,0,0,not_applicable,,2.0,False,0.0
2026-04-18 00:26:00,C00649,,web,android,grocery,add_to_cart,17.75,0,0,not_applicable,,,False,0.0
2026-04-18 00:30:00,C00806,Germany,physical_store,pos_terminal,sports,purchase,26.17,1,10,paid,61.0,,False,16.17
2026-04-18 00:32:00,C00078,United Kingdom,web,ios,electronics,review,50.55,0,0,not_applicable,,4.0,False,0.0
2026-04-18 00:38:00,C00318,United Kingdom,web,android,electronics,view,281.73,0,0,not_applicable,,,False,0.0
2026-04-18 00:40:00,C00149,Germany,web,ios,electronics,view,94.18,0,0,not_applicable,,,False,0.0
2026-04-18 00:42:00,C00938,United Kingdom,physical_store,pos_terminal,sports,purchase,45.3,1,20,failed,10.0,,False,25.3
2026-04-18 00:53:00,C00472,Sweden,mobile_app,tablet,beauty,purchase,17.68,1,30,paid,50.0,,False,0.0
2026-04-18 01:01:00,C00911,Germany,physical_store,pos_terminal,home,add_to_cart,72.67,0,0,not_applicable,,,False,0.0
2026-04-18 01:13:00,C00871,Netherlands,mobile_app,android,fashion,purchase,41.82,1,0,paid,80.0,,False,41.82
2026-04-18 01:16:00,C00226,Ireland,mobile_app,android,books,review,17.4,0,0,not_applicable,,3.0,False,0.0
2026-04-18 01:31:00,C00705,Sweden,web,desktop,grocery,purchase,10.04,4,20,paid,36.0,,False,20.16
2026-04-18 01:49:00,C00357,Germany,mobile_app,desktop,electronics,view,91.01,0,0,not_applicable,,,False,0.0
2026-04-18 02:03:00,C00809,Sweden,mobile_app,ios,sports,view,49.22,0,0,not_applicable,,,False,0.0
2026-04-18 02:03:00,C00120,United Kingdom,web,android,home,view,68.11,0,0,not_applicable,,,False,0.0
2026-04-18 02:05:00,C00740,Germany,web,tablet,fashion,purchase,35.37,1,30,paid,54.0,,False,5.37
2026-04-18 02:08:00,C00013,United Kingdom,physical_store,pos_terminal,home,view,86.1,0,0,not_applicable,,,False,0.0
2026-04-18 02:10:00,C00593,United Kingdom,web,android,fashion,purchase,59.72,2,0,paid,46.0,,False,119.44
2026-04-18 02:19:00,C00407,Germany,web,desktop,grocery,purchase,17.09,1,0,paid,54.0,,False,17.09
2026-04-18 02:31:00,C00283,Germany,mobile_app,tablet,books,add_to_cart,20.69,0,0,not_applicable,,,False,0.0
2026-04-18 02:32:00,C00274,Germany,partner_marketplace,ios,beauty,purchase,17.58,2,15,paid,43.0,,False,20.16
2026-04-18 02:33:00,C00603,Germany,mobile_app,ios,home,review,84.45,0,0,not_applicable,,5.0,False,0.0
2026-04-18 02:47:00,C00500,Germany,physical_store,pos_terminal,electronics,view,241.17,0,0,not_applicable,,,False,0.0
2026-04-18 02:48:00,C00734,Germany,physical_store,pos_terminal,fashion,view,41.44,0,0,not_applicable,,,False,0.0
2026-04-18 02:51:00,C00641,Sweden,web,desktop,beauty,purchase,19.56,1,0,paid,29.0,,False,19.56
2026-04-18 03:15:00,C00215,Germany,physical_store,pos_terminal,grocery,review,8.88,0,0,not_applicable,,3.0,False,0.0
2026-04-18 03:26:00,C00885,United Kingdom,physical_store,pos_terminal,home,purchase,39.13,3,0,paid,45.0,,False,117.39
2026-04-18 03:32:00,C00138,Germany,physical_store,pos_terminal,grocery,view,8.88,0,0,not_applicable,,,False,0.0
2026-04-18 03:37:00,C00230,Germany,partner_marketplace,android,sports,review,44.07,0,0,not_applicable,,1.0,False,0.0
2026-04-18 03:42:00,C00418,Germany,web,android,grocery,view,17.6,0,0,not_applicable,,,False,0.0
2026-04-18 03:49:00,C00788,Germany,physical_store,pos_terminal,fashion,purchase,22.4,1,20,paid,13.0,,False,2.4
2026-04-18 03:56:00,C00400,United Kingdom,web,ios,books,view,13.57,0,0,not_applicable,,,False,0.0
2026-04-18 04:06:00,C00320,Germany,mobile_app,android,sports,purchase,57.23,1,0,failed,24.0,,False,57.23
2026-04-18 04:26:00,C00751,United Kingdom,web,desktop,home,view,149.38,0,0,not_applicable,,,False,0.0
2026-04-18 04:33:00,C00050,Germany,web,desktop,fashion,return,52.68,1,0,not_applicable,,,True,52.68
2026-04-18 04:46:00,C00422,Germany,partner_marketplace,desktop,fashion,review,66.56,0,0,not_applicable,,1.0,False,0.0
2026-04-18 04:48:00,C00925,Germany,physical_store,pos_terminal,books,purchase,11.43,1,15,paid,64.0,,False,0.0
2026-04-18 04:52:00,C00592,Ireland,web,android,home,view,133.33,0,0,not_applicable,,,False,0.0
2026-04-18 04:54:00,C00358,Netherlands,physical_store,pos_terminal,beauty,purchase,96.31,1,20,paid,46.0,,False,76.31
2026-04-18 05:01:00,C00257,France,mobile_app,ios,home,purchase,157.8,4,20,paid,28.0,,False,611.2
2026-04-18 05:05:00,C00311,Germany,web,desktop,electronics,purchase,311.16,3,5,paid,49.0,,False,928.48
2026-04-18 05:13:00,C00484,Germany,web,android,home,add_to_cart,149.42,0,0,not_applicable,,,False,0.0
2026-04-18 05:18:00,C00897,Germany,web,android,fashion,purchase,64.2,1,5,paid,29.0,,False,59.2
2026-04-18 05:24:00,C00480,Sweden,web,android,home,view,38.37,0,0,not_applicable,,,False,0.0
2026-04-18 05:49:00,C00539,United Kingdom,physical_store,pos_terminal,fashion,view,45.81,0,0,not_applicable,,,False,0.0
2026-04-18 05:55:00,C00417,France,web,android,fashion,purchase,89.59,1,30,paid,44.0,,False,59.59
2026-04-18 06:21:00,C00341,Netherlands,mobile_app,ios,fashion,view,50.35,0,0,not_applicable,,,False,0.0
2026-04-18 06:24:00,C00639,Sweden,web,android,beauty,add_to_cart,19.13,0,0,not_applicable,,,False,0.0
2026-04-18 06:24:00,C00062,France,mobile_app,desktop,electronics,purchase,92.43,2,0,paid,37.0,,False,184.86
2026-04-18 06:44:00,C00622,France,web,desktop,home,purchase,153.66,2,0,paid,40.0,,False,307.32
2026-04-18 06:46:00,C00229,Germany,partner_marketplace,android,electronics,add_to_cart,115.71,0,0,not_applicable,,,False,0.0
2026-04-18 06:51:00,C00151,Ireland,mobile_app,ios,grocery,purchase,6.23,1,30,paid,21.0,,False,0.0
2026-04-18 06:56:00,C00556,United Kingdom,web,android,electronics,view,84.76,0,0,not_applicable,,,False,0.0
2026-04-18 07:10:00,C00267,Sweden,web,ios,grocery,add_to_cart,29.0,0,0,not_applicable,,,False,0.0
2026-04-18 07:11:00,C00190,United Kingdom,mobile_app,android,books,purchase,9.09,1,10,paid,50.0,,False,0.0
2026-04-18 07:15:00,C00206,Germany,partner_marketplace,android,books,add_to_cart,25.24,0,0,not_applicable,,,False,0.0
2026-04-18 07:22:00,C00729,Ireland,web,ios,grocery,purchase,14.66,1,10,paid,29.0,,False,4.66
2026-04-18 07:25:00,C00311,Sweden,physical_store,pos_terminal,fashion,add_to_cart,19.94,0,0,not_applicable,,,False,0.0
2026-04-18 07:40:00,C00407,Netherlands,physical_store,pos_terminal,electronics,review,111.75,0,0,not_applicable,,4.0,False,0.0
2026-04-18 07:43:00,C00384,France,physical_store,pos_terminal,fashion,purchase,60.81,2,0,paid,56.0,,False,121.62
2026-04-18 07:55:00,C00256,Germany,web,android,electronics,purchase,83.59,2,10,paid,67.0,,False,157.18
2026-04-18 08:00:00,C00762,United Kingdom,web,android,books,return,21.72,1,0,not_applicable,,,True,21.72
2026-04-18 08:11:00,C00654,United Kingdom,web,desktop,beauty,view,36.27,0,0,not_applicable,,,False,0.0
2026-04-18 08:30:00,C00783,Germany,physical_store,pos_terminal,fashion,add_to_cart,42.85,0,0,not_applicable,,,False,0.0
2026-04-18 08:39:00,C00711,Germany,mobile_app,android,fashion,view,59.62,0,0,not_applicable,,,False,0.0
2026-04-18 08:44:00,C00877,France,mobile_app,desktop,books,review,27.52,0,0,not_applicable,,4.0,False,0.0
2026-04-18 08:49:00,C00286,Netherlands,web,android,grocery,return,20.17,2,0,not_applicable,,,True,40.34
2026-04-18 09:25:00,C00923,Netherlands,mobile_app,ios,home,purchase,46.04,1,10,paid,17.0,,False,36.04
2026-04-18 09:29:00,C00507,Germany,mobile_app,ios,fashion,purchase,87.34,3,0,paid,58.0,,False,262.02
2026-04-18 09:29:00,C00889,,mobile_app,android,fashion,review,35.75,0,0,not_applicable,,3.0,False,0.0
2026-04-18 09:31:00,C00263,Netherlands,physical_store,pos_terminal,beauty,purchase,16.83,2,0,paid,88.0,,False,33.66
2026-04-18 09:34:00,C00698,United Kingdom,web,android,beauty,add_to_cart,24.23,0,0,not_applicable,,,False,0.0
2026-04-18 09:35:00,C00593,Germany,web,desktop,home,review,23.51,0,0,not_applicable,,4.0,False,0.0
2026-04-18 09:39:00,C00754,United Kingdom,partner_marketplace,desktop,electronics,add_to_cart,141.49,0,0,not_applicable,,,False,0.0
2026-04-18 09:40:00,C00031,France,mobile_app,android,home,view,96.37,0,0,not_applicable,,,False,0.0
2026-04-18 09:49:00,C00761,Ireland,web,android,grocery,view,18.03,0,0,not_applicable,,,False,0.0
2026-04-18 09:50:00,C00655,Germany,web,ios,beauty,add_to_cart,28.37,0,0,not_applicable,,,False,0.0
2026-04-18 09:53:00,C00001,United Kingdom,mobile_app,android,beauty,view,19.16,0,0,not_applicable,,,False,0.0
2026-04-18 10:05:00,C00715,Germany,web,tablet,books,purchase,39.84,2,30,paid,40.0,,False,49.68
2026-04-18 10:10:00,C00396,Sweden,mobile_app,android,beauty,add_to_cart,22.33,0,0,not_applicable,,,False,0.0
2026-04-18 10:18:00,C00214,Ireland,web,,books,view,13.82,0,0,not_applicable,,,False,0.0
2026-04-18 10:27:00,C00337,United Kingdom,mobile_app,desktop,beauty,view,27.32,0,0,not_applicable,,,False,0.0
2026-04-18 10:28:00,C00364,Germany,mobile_app,desktop,books,purchase,9.83,1,0,paid,71.0,,False,9.83
2026-04-18 10:31:00,C00864,United Kingdom,web,ios,beauty,purchase,24.33,1,10,paid,92.0,,False,14.33
2026-04-18 10:32:00,C00779,Germany,mobile_app,tablet,home,view,50.99,0,0,not_applicable,,,False,0.0
2026-04-18 10:55:00,C00681,United Kingdom,web,tablet,electronics,add_to_cart,46.77,0,0,not_applicable,,,False,0.0
2026-04-18 11:10:00,C00109,Germany,web,desktop,books,add_to_cart,22.8,0,0,not_applicable,,,False,0.0
2026-04-18 11:17:00,C00853,Germany,mobile_app,android,electronics,return,188.27,1,0,not_applicable,,,True,188.27
2026-04-18 11:19:00,C00518,Ireland,web,desktop,electronics,view,119.21,0,0,not_applicable,,,False,0.0
2026-04-18 11:26:00,C00841,Germany,physical_store,pos_terminal,electronics,view,106.25,0,0,not_applicable,,,False,0.0
2026-04-18 11:43:00,C00763,Germany,web,ios,sports,review,63.71,0,0,not_applicable,,4.0,False,0.0
2026-04-18 11:44:00,C00644,Sweden,web,ios,beauty,purchase,12.2,1,5,paid,85.0,,False,7.2
2026-04-18 11:50:00,C00699,Germany,mobile_app,desktop,books,view,18.58,0,0,not_applicable,,,False,0.0
2026-04-18 12:02:00,C00593,Germany,web,android,books,add_to_cart,22.72,0,0,not_applicable,,,False,0.0
2026-04-18 12:16:00,C00656,Ireland,partner_marketplace,android,home,purchase,66.77,1,0,paid,58.0,,False,66.77
2026-04-18 12:31:00,C00555,Germany,physical_store,pos_terminal,beauty,return,26.3,1,0,not_applicable,,,True,26.3
2026-04-18 12:51:00,C00715,Germany,mobile_app,android,home,view,86.57,0,0,not_applicable,,,False,0.0
2026-04-18 13:03:00,C00302,Sweden,physical_store,pos_terminal,grocery,return,13.09,1,0,not_applicable,,,True,13.09
2026-04-18 13:05:00,C00591,Netherlands,physical_store,pos_terminal,fashion,purchase,66.27,1,10,paid,53.0,,False,56.27
2026-04-18 13:10:00,C00509,Germany,physical_store,pos_terminal,sports,review,86.26,0,0,not_applicable,,5.0,False,0.0
2026-04-18 13:36:00,C00035,Germany,web,desktop,electronics,purchase,136.78,1,15,paid,65.0,,True,121.78
2026-04-18 13:55:00,C00057,France,mobile_app,ios,fashion,purchase,55.9,1,5,paid,78.0,,False,50.9
2026-04-18 13:56:00,C00397,Germany,mobile_app,desktop,grocery,purchase,11.85,1,15,pending,40.0,,False,0.0
2026-04-18 13:57:00,C00069,Germany,web,android,fashion,view,60.39,0,0,not_applicable,,,False,0.0
2026-04-18 14:11:00,C00419,Germany,web,desktop,beauty,view,37.13,0,0,not_applicable,,,False,0.0
2026-04-18 14:11:00,C00305,Germany,physical_store,pos_terminal,sports,add_to_cart,85.17,0,0,not_applicable,,,False,0.0
2026-04-18 14:24:00,C00456,United Kingdom,partner_marketplace,android,grocery,review,18.97,0,0,not_applicable,,3.0,False,0.0
2026-04-18 14:30:00,C00292,Germany,physical_store,pos_terminal,home,return,107.41,1,0,not_applicable,,,True,107.41
2026-04-18 14:49:00,C00442,France,web,android,sports,review,54.09,0,0,not_applicable,,5.0,False,0.0
2026-04-18 14:54:00,C00808,Germany,web,android,grocery,view,26.62,0,0,not_applicable,,,False,0.0
2026-04-18 14:59:00,C00281,Sweden,physical_store,pos_terminal,fashion,view,73.8,0,0,not_applicable,,,False,0.0
2026-04-18 15:17:00,C00939,Germany,web,,grocery,purchase,11.61,2,15,paid,63.0,,False,8.22
2026-04-18 15:22:00,C00260,Germany,partner_marketplace,ios,electronics,review,215.96,0,0,not_applicable,,5.0,False,0.0
2026-04-18 15:26:00,C00404,Germany,mobile_app,android,beauty,purchase,22.58,1,0,paid,36.0,,False,22.58
2026-04-18 15:43:00,C00209,Netherlands,web,desktop,electronics,purchase,146.63,3,0,paid,61.0,,False,439.89
2026-04-18 15:45:00,C00062,Ireland,web,ios,grocery,add_to_cart,17.94,0,0,not_applicable,,,False,0.0
2026-04-18 15:45:00,C00411,France,physical_store,pos_terminal,home,return,146.58,1,0,not_applicable,,,True,146.58
2026-04-18 15:58:00,C00287,Ireland,mobile_app,desktop,fashion,purchase,80.46,2,15,paid,55.0,,False,145.92
2026-04-18 16:02:00,C00883,Ireland,mobile_app,android,electronics,view,207.78,0,0,not_applicable,,,False,0.0
2026-04-18 16:08:00,C00070,France,mobile_app,desktop,grocery,add_to_cart,13.78,0,0,not_applicable,,,False,0.0
2026-04-18 16:37:00,C00925,Germany,mobile_app,android,grocery,return,16.44,1,0,not_applicable,,,True,16.44
2026-04-18 17:02:00,C00465,Sweden,web,ios,grocery,purchase,9.19,1,5,paid,51.0,,False,4.19
2026-04-18 17:12:00,C00528,United Kingdom,mobile_app,ios,fashion,return,28.77,1,0,not_applicable,,,True,28.77
2026-04-18 17:16:00,C00701,Germany,mobile_app,desktop,beauty,return,11.14,1,0,not_applicable,,,True,11.14
2026-04-18 17:25:00,C00735,Germany,web,desktop,books,view,17.98,0,0,not_applicable,,,False,0.0
2026-04-18 17:38:00,C00515,Netherlands,physical_store,,fashion,purchase,73.42,2,0,paid,73.0,,False,146.84
2026-04-18 17:52:00,C00859,Germany,mobile_app,ios,electronics,view,61.92,0,0,not_applicable,,,False,0.0
2026-04-18 17:54:00,C00194,Sweden,physical_store,pos_terminal,fashion,add_to_cart,36.41,0,0,not_applicable,,,False,0.0
2026-04-18 18:08:00,C00130,United Kingdom,web,desktop,home,return,116.32,1,0,not_applicable,,,True,116.32
2026-04-18 18:16:00,C00875,Ireland,mobile_app,desktop,home,view,25.55,0,0,not_applicable,,,False,0.0
2026-04-18 18:17:00,C00254,Sweden,mobile_app,ios,books,return,13.9,1,0,not_applicable,,,True,13.9
2026-04-18 18:33:00,C00715,United Kingdom,mobile_app,ios,sports,view,42.07,0,0,not_applicable,,,False,0.0
2026-04-18 18:50:00,C00713,Germany,physical_store,pos_terminal,fashion,view,40.63,0,0,not_applicable,,,False,0.0
2026-04-18 18:53:00,C00642,Germany,web,desktop,sports,view,59.49,0,0,not_applicable,,,False,0.0
2026-04-18 19:13:00,C00176,Germany,web,desktop,books,purchase,64.09,2,20,paid,28.0,,False,108.18
2026-04-18 19:16:00,C00428,Germany,partner_marketplace,ios,electronics,review,182.81,0,0,not_applicable,,1.0,False,0.0
2026-04-18 19:17:00,C00297,Germany,mobile_app,ios,sports,view,66.55,0,0,not_applicable,,,False,0.0
2026-04-18 19:24:00,C00758,Ireland,mobile_app,desktop,sports,purchase,59.9,1,0,paid,5.0,,False,59.9
2026-04-18 19:28:00,C00647,Germany,partner_marketplace,ios,home,purchase,66.35,2,30,paid,39.0,,False,102.7
2026-04-18 19:43:00,C00718,Germany,mobile_app,android,grocery,review,14.31,0,0,not_applicable,,3.0,False,0.0
2026-04-18 20:04:00,C00407,Germany,physical_store,pos_terminal,grocery,view,19.77,0,0,not_applicable,,,False,0.0
2026-04-18 20:04:00,C00226,France,web,ios,electronics,review,339.58,0,0,not_applicable,,4.0,False,0.0
2026-04-18 20:05:00,C00601,France,web,ios,electronics,purchase,89.15,1,0,paid,44.0,,False,89.15
2026-04-18 20:17:00,C00661,France,physical_store,pos_terminal,beauty,view,16.1,0,0,not_applicable,,,False,0.0
2026-04-18 20:28:00,C00312,Germany,mobile_app,tablet,grocery,add_to_cart,5.71,0,0,not_applicable,,,False,0.0
2026-04-18 20:29:00,C00644,United Kingdom,mobile_app,tablet,grocery,view,11.25,0,0,not_applicable,,,False,0.0
2026-04-18 20:37:00,C00911,Germany,mobile_app,desktop,home,review,88.49,0,0,not_applicable,,5.0,False,0.0
2026-04-18 20:44:00,C00381,Germany,physical_store,pos_terminal,grocery,purchase,15.18,2,15,paid,27.0,,False,15.36
2026-04-18 20:55:00,C00042,Germany,web,ios,fashion,view,43.78,0,0,not_applicable,,,False,0.0
2026-04-18 20:59:00,C00199,Netherlands,physical_store,pos_terminal,home,purchase,115.54,1,0,paid,38.0,,False,115.54
2026-04-18 21:02:00,C00311,Sweden,web,ios,grocery,view,16.69,0,0,not_applicable,,,False,0.0
2026-04-18 21:12:00,C00688,Germany,partner_marketplace,ios,grocery,review,16.49,0,0,not_applicable,,4.0,False,0.0
2026-04-18 21:12:00,C00012,Germany,mobile_app,android,home,view,99.65,0,0,not_applicable,,,False,0.0
2026-04-18 21:21:00,C00049,Sweden,physical_store,pos_terminal,fashion,view,77.61,0,0,not_applicable,,,False,0.0
2026-04-18 21:25:00,C00489,Germany,web,android,home,view,166.45,0,0,not_applicable,,,False,0.0
2026-04-18 21:29:00,C00496,United Kingdom,physical_store,pos_terminal,beauty,add_to_cart,28.29,0,0,not_applicable,,,False,0.0
2026-04-18 21:32:00,C00033,Ireland,web,ios,fashion,add_to_cart,76.26,0,0,not_applicable,,,False,0.0
2026-04-18 21:34:00,C00293,France,physical_store,pos_terminal,electronics,review,128.87,0,0,not_applicable,,4.0,False,0.0
2026-04-18 21:37:00,C00400,United Kingdom,mobile_app,ios,beauty,purchase,55.14,4,0,paid,74.0,,False,220.56
2026-04-18 21:38:00,C00637,France,web,tablet,sports,purchase,32.4,3,0,paid,96.0,,False,97.2
2026-04-18 21:45:00,C00007,Germany,partner_marketplace,ios,beauty,view,27.12,0,0,not_applicable,,,False,0.0
2026-04-18 21:57:00,C00193,United Kingdom,mobile_app,ios,beauty,review,11.35,0,0,not_applicable,,4.0,False,0.0
2026-04-18 22:07:00,C00791,Germany,web,android,grocery,add_to_cart,20.41,0,0,not_applicable,,,False,0.0
2026-04-18 22:09:00,C00396,Germany,mobile_app,android,home,add_to_cart,21.03,0,0,not_applicable,,,False,0.0
2026-04-18 22:21:00,C00186,France,physical_store,pos_terminal,beauty,add_to_cart,40.48,0,0,not_applicable,,,False,0.0
2026-04-18 22:35:00,C00848,France,mobile_app,android,beauty,purchase,17.41,2,30,paid,70.0,,False,4.82
2026-04-18 22:36:00,C00619,Sweden,web,ios,fashion,review,35.48,0,0,not_applicable,,5.0,False,0.0
2026-04-18 22:44:00,C00434,United Kingdom,mobile_app,desktop,sports,purchase,89.63,1,0,paid,74.0,,True,89.63
2026-04-18 22:51:00,C00620,,physical_store,pos_terminal,home,view,164.05,0,0,not_applicable,,,False,0.0
2026-04-18 23:02:00,C00113,Sweden,physical_store,pos_terminal,sports,view,63.65,0,0,not_applicable,,,False,0.0
2026-04-18 23:11:00,C00390,United Kingdom,physical_store,pos_terminal,books,purchase,11.64,1,5,pending,57.0,,False,6.64
2026-04-18 23:12:00,C00073,Sweden,web,desktop,home,review,84.64,0,0,not_applicable,,4.0,False,0.0
2026-04-18 23:32:00,C00388,Netherlands,web,ios,grocery,purchase,15.21,2,0,paid,92.0,,False,30.42
2026-04-18 23:35:00,C00678,Ireland,physical_store,pos_terminal,sports,add_to_cart,36.7,0,0,not_applicable,,,False,0.0
2026-04-18 23:35:00,C00246,Germany,web,desktop,fashion,review,19.13,0,0,not_applicable,,3.0,False,0.0
2026-04-18 23:43:00,C00728,United Kingdom,web,android,home,view,89.3,0,0,not_applicable,,,False,0.0
2026-04-18 23:46:00,C00115,Germany,web,android,electronics,view,80.82,0,0,not_applicable,,,False,0.0
2026-04-18 23:46:00,C00418,Ireland,physical_store,pos_terminal,grocery,return,3.0,1,0,not_applicable,,,True,3.0
2026-04-18 23:48:00,C00105,Sweden,partner_marketplace,android,grocery,add_to_cart,19.63,0,0,not_applicable,,,False,0.0
2026-04-19 00:02:00,C00797,Ireland,web,android,electronics,purchase,112.73,4,0,paid,27.0,,False,450.92
2026-04-19 00:03:00,C00446,Germany,web,android,sports,add_to_cart,37.24,0,0,not_applicable,,,False,0.0
2026-04-19 00:18:00,C00145,Ireland,web,tablet,grocery,purchase,10.45,4,75,paid,69.0,,False,0.0
2026-04-19 00:50:00,C00885,Germany,physical_store,pos_terminal,electronics,review,149.71,0,0,not_applicable,,2.0,False,0.0
2026-04-19 00:55:00,C00046,Germany,web,tablet,sports,add_to_cart,45.12,0,0,not_applicable,,,False,0.0
2026-04-19 00:57:00,C00934,Germany,mobile_app,desktop,fashion,purchase,55.68,1,10,pending,71.0,,False,45.68
2026-04-19 01:04:00,C00840,,physical_store,pos_terminal,home,view,73.84,0,0,not_applicable,,,False,0.0
2026-04-19 01:04:00,C00913,Germany,web,android,grocery,view,7.63,0,0,not_applicable,,,False,0.0
2026-04-19 01:17:00,C00047,France,mobile_app,ios,home,add_to_cart,53.15,0,0,not_applicable,,,False,0.0
2026-04-19 01:28:00,C00754,Sweden,mobile_app,tablet,books,review,21.01,0,0,not_applicable,,3.0,False,0.0
2026-04-19 01:38:00,C00810,Germany,web,ios,fashion,view,48.45,0,0,not_applicable,,,False,0.0
2026-04-19 01:45:00,C00558,France,mobile_app,android,beauty,add_to_cart,25.64,0,0,not_applicable,,,False,0.0
2026-04-19 01:49:00,C00102,Germany,web,android,grocery,purchase,12.38,2,20,paid,62.0,,False,4.76
2026-04-19 01:55:00,C00641,United Kingdom,mobile_app,android,electronics,purchase,239.19,2,0,paid,47.0,,False,478.38
2026-04-19 02:12:00,C00830,France,mobile_app,ios,sports,view,24.35,0,0,not_applicable,,,False,0.0
2026-04-19 02:13:00,C00290,Germany,web,tablet,fashion,review,76.59,0,0,not_applicable,,4.0,False,0.0
2026-04-19 02:27:00,C00238,Germany,mobile_app,tablet,grocery,purchase,45.87,1,30,paid,61.0,,False,15.87
2026-04-19 02:33:00,C00411,Germany,web,ios,home,view,68.36,0,0,not_applicable,,,False,0.0
2026-04-19 02:38:00,C00303,Germany,web,tablet,grocery,purchase,15.5,1,15,paid,24.0,,False,0.5
2026-04-19 02:57:00,C00640,United Kingdom,mobile_app,ios,sports,return,50.06,1,0,not_applicable,,,True,50.06
2026-04-19 03:12:00,C00224,Germany,physical_store,pos_terminal,sports,return,57.57,1,0,not_applicable,,,True,57.57
2026-04-19 03:15:00,C00289,United Kingdom,partner_marketplace,android,fashion,purchase,43.57,1,0,paid,42.0,,False,43.57
2026-04-19 03:23:00,C00145,Ireland,web,android,electronics,view,205.03,0,0,not_applicable,,,False,0.0
2026-04-19 03:42:00,C00254,,mobile_app,desktop,electronics,return,55.37,1,0,not_applicable,,,True,55.37
2026-04-19 03:58:00,C00929,Germany,physical_store,pos_terminal,beauty,purchase,36.64,1,5,paid,68.0,,True,31.64
2026-04-19 04:02:00,C00912,Germany,mobile_app,android,electronics,purchase,150.36,1,15,paid,60.0,,False,135.36
2026-04-19 04:06:00,C00490,United Kingdom,web,desktop,grocery,add_to_cart,10.43,0,0,not_applicable,,,False,0.0
2026-04-19 04:11:00,C00198,Sweden,web,android,fashion,view,23.5,0,0,not_applicable,,,False,0.0
2026-04-19 04:17:00,C00558,Ireland,web,ios,fashion,view,27.75,0,0,not_applicable,,,False,0.0
2026-04-19 04:38:00,C00593,France,physical_store,pos_terminal,books,purchase,12.25,1,0,paid,64.0,,False,12.25
2026-04-19 04:47:00,C00058,France,mobile_app,tablet,grocery,view,20.77,0,0,not_applicable,,,False,0.0
2026-04-19 04:56:00,C00905,Germany,mobile_app,ios,home,purchase,180.04,1,10,paid,65.0,,False,170.04
2026-04-19 05:00:00,C00041,United Kingdom,mobile_app,tablet,fashion,view,35.56,0,0,not_applicable,,,False,0.0
2026-04-19 05:00:00,C00059,Germany,web,ios,electronics,view,144.4,0,0,not_applicable,,,False,0.0
2026-04-19 05:01:00,C00865,Netherlands,web,android,electronics,purchase,225.54,1,20,paid,55.0,,False,205.54
2026-04-19 05:06:00,C00356,United Kingdom,mobile_app,android,books,add_to_cart,33.44,0,0,not_applicable,,,False,0.0
2026-04-19 05:14:00,C00418,United Kingdom,web,android,electronics,purchase,308.2,1,0,paid,46.0,,False,308.2
2026-04-19 05:31:00,C00232,United Kingdom,physical_store,pos_terminal,beauty,view,21.1,0,0,not_applicable,,,False,0.0
2026-04-19 05:35:00,C00715,France,web,desktop,beauty,view,15.96,0,0,not_applicable,,,False,0.0
2026-04-19 05:38:00,C00544,Sweden,web,ios,electronics,purchase,168.78,1,0,paid,41.0,,False,168.78
2026-04-19 05:51:00,C00576,France,mobile_app,android,fashion,return,17.08,1,0,not_applicable,,,True,17.08
2026-04-19 06:04:00,C00287,Ireland,physical_store,pos_terminal,fashion,purchase,39.55,2,10,paid,115.0,,False,69.1
2026-04-19 06:16:00,C00112,Germany,mobile_app,ios,fashion,add_to_cart,87.91,0,0,not_applicable,,,False,0.0
2026-04-19 06:20:00,C00277,Germany,web,android,beauty,purchase,20.41,2,0,pending,70.0,,False,40.82
2026-04-19 06:38:00,C00365,Netherlands,partner_marketplace,ios,electronics,view,97.09,0,0,not_applicable,,,False,0.0
2026-04-19 06:43:00,C00542,Sweden,partner_marketplace,ios,sports,add_to_cart,74.58,0,0,not_applicable,,,False,0.0
2026-04-19 06:43:00,C00184,France,partner_marketplace,ios,sports,add_to_cart,35.0,0,0,not_applicable,,,False,0.0
2026-04-19 06:55:00,C00267,Germany,web,android,home,return,66.53,1,0,not_applicable,,,True,66.53
2026-04-19 07:04:00,C00205,Germany,web,desktop,fashion,view,48.74,0,0,not_applicable,,,False,0.0
2026-04-19 07:12:00,C00689,Germany,partner_marketplace,android,electronics,view,83.59,0,0,not_applicable,,,False,0.0
2026-04-19 07:27:00,C00765,Germany,mobile_app,android,books,return,21.03,2,0,not_applicable,,,True,42.06
2026-04-19 07:35:00,C00341,Germany,partner_marketplace,ios,fashion,purchase,56.79,1,5,paid,67.0,,False,51.79
2026-04-19 07:55:00,C00276,United Kingdom,physical_store,pos_terminal,fashion,view,15.83,0,0,not_applicable,,,False,0.0
2026-04-19 08:02:00,C00602,,mobile_app,tablet,fashion,review,42.73,0,0,not_applicable,,3.0,False,0.0
2026-04-19 08:04:00,C00796,Ireland,mobile_app,ios,electronics,purchase,53.93,2,5,paid,46.0,,False,102.86
2026-04-19 08:07:00,C00609,United Kingdom,partner_marketplace,ios,beauty,view,22.87,0,0,not_applicable,,,False,0.0
2026-04-19 08:13:00,C00549,Germany,physical_store,pos_terminal,electronics,view,50.16,0,0,not_applicable,,,False,0.0
2026-04-19 08:16:00,C00225,Sweden,web,tablet,grocery,add_to_cart,15.4,0,0,not_applicable,,,False,0.0
2026-04-19 08:33:00,C00931,United Kingdom,web,android,books,view,20.59,0,0,not_applicable,,,False,0.0
2026-04-19 08:34:00,C00431,Sweden,mobile_app,ios,books,add_to_cart,10.59,0,0,not_applicable,,,False,0.0
2026-04-19 08:39:00,C00650,Germany,mobile_app,android,electronics,view,227.54,0,0,not_applicable,,,False,0.0
2026-04-19 08:44:00,C00534,Germany,physical_store,pos_terminal,books,review,22.2,0,0,not_applicable,,4.0,False,0.0
2026-04-19 09:06:00,C00329,Sweden,physical_store,pos_terminal,fashion,purchase,23.51,2,0,paid,26.0,,False,47.02
2026-04-19 09:13:00,C00925,Sweden,web,tablet,home,view,87.91,0,0,not_applicable,,,False,0.0
2026-04-19 09:30:00,C00481,Ireland,partner_marketplace,android,electronics,purchase,54.57,1,10,paid,77.0,,False,44.57
2026-04-19 09:33:00,C00705,United Kingdom,mobile_app,ios,home,purchase,34.46,1,15,paid,34.0,,False,19.46
2026-04-19 09:37:00,C00007,Germany,mobile_app,ios,books,view,10.47,0,0,not_applicable,,,False,0.0
2026-04-19 09:48:00,C00414,United Kingdom,web,ios,home,purchase,57.72,1,15,paid,43.0,,False,42.72
2026-04-19 10:00:00,C00399,Netherlands,mobile_app,android,grocery,purchase,3.78,1,5,paid,65.0,,False,0.0
2026-04-19 10:00:00,C00776,Germany,physical_store,pos_terminal,fashion,view,35.39,0,0,not_applicable,,,False,0.0
2026-04-19 10:09:00,C00007,Ireland,mobile_app,ios,electronics,view,133.8,0,0,not_applicable,,,False,0.0
2026-04-19 10:22:00,C00317,Germany,mobile_app,desktop,home,purchase,73.69,1,20,paid,78.0,,False,53.69
2026-04-19 10:30:00,C00808,Netherlands,partner_marketplace,android,beauty,view,24.96,0,0,not_applicable,,,False,0.0
2026-04-19 10:34:00,C00457,Netherlands,partner_marketplace,desktop,books,review,9.53,0,0,not_applicable,,3.0,False,0.0
2026-04-19 11:20:00,C00283,Germany,web,ios,home,view,91.58,0,0,not_applicable,,,False,0.0
2026-04-19 11:40:00,C00283,Germany,mobile_app,desktop,books,view,59.91,0,0,not_applicable,,,False,0.0
2026-04-19 11:47:00,C00241,Germany,mobile_app,android,beauty,purchase,17.06,2,0,paid,37.0,,False,34.12
2026-04-19 11:48:00,C00864,Ireland,physical_store,pos_terminal,electronics,view,105.34,0,0,not_applicable,,,False,0.0
2026-04-19 11:51:00,C00570,Germany,physical_store,pos_terminal,beauty,purchase,31.0,1,10,failed,67.0,,False,21.0
2026-04-19 11:53:00,C00909,Netherlands,web,ios,electronics,purchase,100.74,3,0,paid,28.0,,False,302.22
2026-04-19 11:59:00,C00347,Sweden,web,tablet,fashion,view,37.11,0,0,not_applicable,,,False,0.0
2026-04-19 12:00:00,C00291,Sweden,physical_store,pos_terminal,grocery,view,12.19,0,0,not_applicable,,,False,0.0
2026-04-19 12:20:00,C00366,Sweden,physical_store,pos_terminal,fashion,add_to_cart,38.19,0,0,not_applicable,,,False,0.0
2026-04-19 12:21:00,C00170,United Kingdom,partner_marketplace,tablet,home,add_to_cart,84.81,0,0,not_applicable,,,False,0.0
2026-04-19 12:24:00,C00532,Germany,web,android,fashion,add_to_cart,52.41,0,0,not_applicable,,,False,0.0
2026-04-19 12:31:00,C00429,Germany,partner_marketplace,ios,beauty,purchase,29.39,1,5,paid,90.0,,False,24.39
2026-04-19 12:39:00,C00580,United Kingdom,mobile_app,,fashion,add_to_cart,53.94,0,0,not_applicable,,,False,0.0
2026-04-19 12:39:00,C00180,Germany,physical_store,pos_terminal,electronics,purchase,88.18,1,15,paid,65.0,,False,73.18
2026-04-19 12:55:00,C00903,Germany,mobile_app,android,fashion,view,73.12,0,0,not_applicable,,,False,0.0
2026-04-19 12:55:00,C00695,Germany,web,ios,sports,purchase,58.69,1,0,paid,35.0,,False,58.69
2026-04-19 13:13:00,C00656,United Kingdom,web,,home,purchase,149.78,1,5,paid,56.0,,False,144.78
2026-04-19 13:17:00,C00316,Sweden,mobile_app,,home,purchase,114.86,1,0,paid,89.0,,False,114.86
2026-04-19 13:26:00,C00774,Germany,web,tablet,grocery,purchase,12.74,2,0,pending,30.0,,False,25.48
2026-04-19 13:27:00,C00198,Germany,mobile_app,android,fashion,view,26.11,0,0,not_applicable,,,False,0.0
2026-04-19 13:28:00,C00370,United Kingdom,mobile_app,android,sports,review,87.94,0,0,not_applicable,,5.0,False,0.0
2026-04-19 13:32:00,C00518,Germany,web,android,sports,return,58.79,2,0,not_applicable,,,True,117.58
2026-04-19 13:51:00,C00232,Netherlands,mobile_app,android,beauty,add_to_cart,48.54,0,0,not_applicable,,,False,0.0
2026-04-19 14:00:00,C00829,France,mobile_app,android,electronics,purchase,78.57,2,5,paid,51.0,,False,152.14
2026-04-19 14:01:00,C00648,Germany,mobile_app,ios,sports,purchase,27.21,2,5,paid,47.0,,False,49.42
2026-04-19 14:07:00,C00904,Germany,mobile_app,desktop,grocery,purchase,12.17,1,0,paid,40.0,,False,12.17
2026-04-19 14:08:00,C00072,Sweden,mobile_app,android,grocery,purchase,10.61,2,5,paid,58.0,,False,16.22
2026-04-19 14:15:00,C00077,Germany,mobile_app,ios,home,purchase,71.49,1,30,paid,60.0,,False,41.49
2026-04-19 14:20:00,C00685,Germany,partner_marketplace,android,electronics,add_to_cart,144.81,0,0,not_applicable,,,False,0.0
2026-04-19 14:29:00,C00595,Germany,mobile_app,ios,fashion,view,49.54,0,0,not_applicable,,,False,0.0
2026-04-19 14:30:00,C00935,,mobile_app,ios,fashion,view,44.89,0,0,not_applicable,,,False,0.0
2026-04-19 14:40:00,C00401,Germany,physical_store,pos_terminal,home,purchase,118.86,2,0,paid,74.0,,False,237.72
2026-04-19 15:00:00,C00030,Sweden,web,android,grocery,add_to_cart,20.9,0,0,not_applicable,,,False,0.0
2026-04-19 15:06:00,C00668,France,web,desktop,books,view,135.09,0,0,not_applicable,,,False,0.0
2026-04-19 15:09:00,C00748,Sweden,web,ios,electronics,add_to_cart,241.44,0,0,not_applicable,,,False,0.0
2026-04-19 15:19:00,C00248,Sweden,mobile_app,android,home,view,123.37,0,0,not_applicable,,,False,0.0
2026-04-19 15:20:00,C00507,Ireland,web,desktop,electronics,purchase,69.44,2,0,paid,67.0,,False,138.88
2026-04-19 15:28:00,C00105,France,mobile_app,ios,fashion,purchase,37.05,1,0,paid,93.0,,False,37.05
2026-04-19 15:30:00,C00724,Germany,web,android,fashion,purchase,52.5,2,5,paid,18.0,,False,100.0
2026-04-19 15:31:00,C00203,Ireland,mobile_app,ios,fashion,view,15.85,0,0,not_applicable,,,False,0.0
2026-04-19 15:53:00,C00703,,physical_store,pos_terminal,fashion,add_to_cart,58.23,0,0,not_applicable,,,False,0.0
2026-04-19 16:10:00,C00103,Netherlands,web,android,books,add_to_cart,12.13,0,0,not_applicable,,,False,0.0
2026-04-19 16:13:00,C00283,Germany,web,android,books,view,24.64,0,0,not_applicable,,,False,0.0
2026-04-19 16:17:00,C00568,United Kingdom,partner_marketplace,android,fashion,view,36.16,0,0,not_applicable,,,False,0.0
2026-04-19 16:18:00,C00279,Germany,mobile_app,,electronics,review,75.5,0,0,not_applicable,,3.0,False,0.0
2026-04-19 16:26:00,C00313,Germany,partner_marketplace,android,grocery,view,9.64,0,0,not_applicable,,,False,0.0
2026-04-19 16:37:00,C00236,Germany,physical_store,pos_terminal,grocery,view,13.4,0,0,not_applicable,,,False,0.0
2026-04-19 16:38:00,C00168,Netherlands,web,tablet,sports,view,68.5,0,0,not_applicable,,,False,0.0
2026-04-19 16:51:00,C00868,Germany,mobile_app,ios,beauty,add_to_cart,16.93,0,0,not_applicable,,,False,0.0
2026-04-19 16:56:00,C00167,Germany,physical_store,pos_terminal,sports,add_to_cart,38.53,0,0,not_applicable,,,False,0.0
2026-04-19 17:06:00,C00742,Germany,mobile_app,tablet,electronics,return,214.66,1,0,not_applicable,,,True,214.66
2026-04-19 17:14:00,C00028,Netherlands,mobile_app,desktop,beauty,purchase,22.56,2,5,paid,67.0,,False,40.12
2026-04-19 17:26:00,C00426,Germany,web,desktop,electronics,return,174.44,1,0,not_applicable,,,True,174.44
2026-04-19 17:28:00,C00481,Germany,web,tablet,sports,purchase,119.38,1,20,paid,62.0,,False,99.38
2026-04-19 17:31:00,C00768,Germany,mobile_app,android,fashion,review,65.08,0,0,not_applicable,,3.0,False,0.0
2026-04-19 17:34:00,C00511,Sweden,partner_marketplace,tablet,grocery,return,20.62,1,0,not_applicable,,,True,20.62
2026-04-19 17:57:00,C00484,Germany,physical_store,pos_terminal,fashion,review,56.35,0,0,not_applicable,,5.0,False,0.0
2026-04-19 17:57:00,C00100,Netherlands,mobile_app,android,grocery,purchase,29.23,1,10,paid,107.0,,False,19.23
2026-04-19 18:14:00,C00621,Sweden,physical_store,pos_terminal,sports,add_to_cart,45.65,0,0,not_applicable,,,False,0.0
2026-04-19 18:15:00,C00552,Sweden,web,ios,electronics,add_to_cart,234.9,0,0,not_applicable,,,False,0.0
2026-04-19 18:17:00,C00159,Germany,physical_store,pos_terminal,electronics,view,209.75,0,75,not_applicable,,,False,0.0
2026-04-19 18:19:00,C00763,France,web,android,electronics,view,128.49,0,0,not_applicable,,,False,0.0
2026-04-19 18:19:00,C00650,Germany,physical_store,pos_terminal,electronics,view,126.68,0,0,not_applicable,,,False,0.0
2026-04-19 18:36:00,C00682,Germany,web,android,fashion,add_to_cart,27.0,0,0,not_applicable,,,False,0.0
2026-04-19 18:49:00,C00440,Germany,mobile_app,ios,electronics,view,127.32,0,0,not_applicable,,,False,0.0
2026-04-19 18:52:00,C00472,United Kingdom,partner_marketplace,ios,beauty,add_to_cart,24.13,0,0,not_applicable,,,False,0.0
2026-04-19 18:54:00,C00640,Germany,mobile_app,android,home,view,86.81,0,0,not_applicable,,,False,0.0
2026-04-19 18:54:00,C00239,Ireland,physical_store,pos_terminal,books,view,14.37,0,0,not_applicable,,,False,0.0
2026-04-19 18:55:00,C00421,Germany,web,android,grocery,purchase,7.14,3,10,paid,8.0,,False,11.42
2026-04-19 19:03:00,C00319,United Kingdom,web,android,grocery,view,7.57,0,0,not_applicable,,,False,0.0
2026-04-19 19:12:00,C00622,Sweden,mobile_app,android,electronics,view,164.84,0,0,not_applicable,,,False,0.0
2026-04-19 19:18:00,C00440,Sweden,mobile_app,desktop,books,purchase,18.25,1,5,paid,8.0,,False,13.25
2026-04-19 19:35:00,C00844,Sweden,mobile_app,desktop,beauty,view,26.13,0,0,not_applicable,,,False,0.0
2026-04-19 19:39:00,C00382,Germany,mobile_app,android,home,purchase,74.32,1,0,paid,64.0,,False,74.32
2026-04-19 19:42:00,C00533,Germany,web,tablet,books,purchase,25.63,1,10,pending,15.0,,False,15.63
2026-04-19 19:51:00,C00557,Germany,web,android,fashion,view,36.58,0,0,not_applicable,,,False,0.0
2026-04-19 20:03:00,C00870,Germany,mobile_app,android,sports,purchase,27.44,2,0,paid,33.0,,False,54.88
2026-04-19 20:21:00,C00311,,web,desktop,electronics,purchase,209.7,2,0,paid,62.0,,False,419.4
2026-04-19 20:37:00,C00551,Germany,physical_store,pos_terminal,home,view,46.43,0,0,not_applicable,,,False,0.0
2026-04-19 20:40:00,C00233,Germany,physical_store,pos_terminal,grocery,purchase,18.52,2,0,paid,44.0,,False,37.04
2026-04-19 20:41:00,C00394,Sweden,web,ios,electronics,view,87.89,0,0,not_applicable,,,False,0.0
2026-04-19 20:46:00,C00674,Germany,physical_store,pos_terminal,electronics,review,191.17,0,0,not_applicable,,4.0,False,0.0
2026-04-19 20:59:00,C00450,Germany,physical_store,pos_terminal,home,view,82.12,0,0,not_applicable,,,False,0.0
2026-04-19 21:02:00,C00943,Germany,web,ios,fashion,add_to_cart,38.63,0,0,not_applicable,,,False,0.0
2026-04-19 21:15:00,C00283,Germany,partner_marketplace,tablet,sports,view,56.97,0,0,not_applicable,,,False,0.0
2026-04-19 21:28:00,C00577,Germany,mobile_app,android,beauty,view,17.5,0,0,not_applicable,,,False,0.0
2026-04-19 21:34:00,C00575,Sweden,web,ios,electronics,view,303.34,0,0,not_applicable,,,False,0.0
2026-04-19 21:53:00,C00477,Ireland,web,android,fashion,purchase,38.9,1,5,paid,44.0,,False,33.9
2026-04-19 21:57:00,C00152,Netherlands,mobile_app,android,sports,view,37.43,0,0,not_applicable,,,False,0.0
2026-04-19 22:00:00,C00135,United Kingdom,physical_store,pos_terminal,beauty,purchase,29.4,1,20,paid,56.0,,False,9.4
2026-04-19 22:13:00,C00118,Netherlands,mobile_app,android,sports,return,85.74,1,0,not_applicable,,,True,85.74
2026-04-19 22:14:00,C00065,Germany,mobile_app,android,fashion,purchase,28.01,3,0,paid,73.0,,True,84.03
2026-04-19 22:15:00,C00598,Germany,mobile_app,android,electronics,view,98.57,0,0,not_applicable,,,False,0.0
2026-04-19 22:35:00,C00639,Germany,web,ios,grocery,review,11.44,0,0,not_applicable,,5.0,False,0.0
2026-04-19 22:43:00,C00447,France,partner_marketplace,ios,electronics,purchase,110.27,1,0,paid,119.0,,True,110.27
2026-04-19 22:52:00,C00225,Sweden,mobile_app,android,fashion,purchase,20.73,4,0,paid,48.0,,False,82.92
2026-04-19 22:52:00,C00200,France,mobile_app,ios,fashion,view,32.17,0,0,not_applicable,,,False,0.0
2026-04-19 23:02:00,C00569,France,web,android,beauty,view,16.06,0,0,not_applicable,,,False,0.0
2026-04-19 23:05:00,C00805,United Kingdom,mobile_app,tablet,books,purchase,30.38,2,0,paid,93.0,,False,60.76
2026-04-19 23:09:00,C00624,France,physical_store,pos_terminal,electronics,view,49.9,0,0,not_applicable,,,False,0.0
2026-04-19 23:25:00,C00459,Netherlands,mobile_app,android,grocery,return,7.47,1,0,not_applicable,,,True,7.47
2026-04-19 23:29:00,C00031,Ireland,web,ios,electronics,review,228.35,0,0,not_applicable,,4.0,False,0.0
2026-04-19 23:52:00,C00763,Netherlands,mobile_app,desktop,home,add_to_cart,108.75,0,0,not_applicable,,,False,0.0
2026-04-19 23:59:00,C00185,France,web,desktop,electronics,add_to_cart,287.22,0,0,not_applicable,,,False,0.0
2026-04-20 00:21:00,C00447,Germany,mobile_app,desktop,home,purchase,43.82,1,10,paid,84.0,,False,33.82
2026-04-20 00:22:00,C00622,United Kingdom,web,desktop,home,purchase,65.46,1,5,paid,33.0,,False,60.46
2026-04-20 00:26:00,C00898,Netherlands,mobile_app,android,books,purchase,8.22,2,0,paid,50.0,,False,16.44
2026-04-20 00:42:00,C00612,Germany,partner_marketplace,ios,fashion,review,80.35,0,0,not_applicable,,4.0,False,0.0
2026-04-20 00:43:00,C00136,Germany,partner_marketplace,desktop,fashion,view,64.55,0,0,not_applicable,,,False,0.0
2026-04-20 00:44:00,C00254,Germany,web,tablet,electronics,view,477.99,0,0,not_applicable,,,False,0.0
2026-04-20 01:03:00,C00316,Netherlands,physical_store,pos_terminal,grocery,purchase,10.9,1,0,paid,72.0,,False,10.9
2026-04-20 01:34:00,C00121,Germany,physical_store,pos_terminal,electronics,add_to_cart,159.83,0,0,not_applicable,,,False,0.0
2026-04-20 01:47:00,C00532,Sweden,web,ios,books,view,14.03,0,0,not_applicable,,,False,0.0
2026-04-20 02:03:00,C00289,United Kingdom,mobile_app,desktop,fashion,view,63.3,0,0,not_applicable,,,False,0.0
2026-04-20 02:06:00,C00743,Sweden,mobile_app,android,fashion,view,30.32,0,0,not_applicable,,,False,0.0
2026-04-20 02:14:00,C00123,Sweden,physical_store,pos_terminal,grocery,view,14.04,0,0,not_applicable,,,False,0.0
2026-04-20 02:16:00,C00813,Netherlands,physical_store,pos_terminal,sports,purchase,41.15,2,5,paid,82.0,,False,77.3
2026-04-20 02:17:00,C00220,Ireland,mobile_app,ios,beauty,add_to_cart,40.04,0,0,not_applicable,,,False,0.0
2026-04-20 02:44:00,C00948,France,partner_marketplace,desktop,electronics,add_to_cart,125.97,0,0,not_applicable,,,False,0.0
2026-04-20 02:44:00,C00694,Germany,mobile_app,desktop,grocery,add_to_cart,10.86,0,0,not_applicable,,,False,0.0
2026-04-20 02:47:00,C00915,United Kingdom,mobile_app,android,sports,purchase,152.04,2,0,paid,5.0,,False,304.08
2026-04-20 02:57:00,C00220,Sweden,mobile_app,android,sports,view,66.01,0,0,not_applicable,,,False,0.0
2026-04-20 02:59:00,C00586,Germany,physical_store,pos_terminal,beauty,view,32.72,0,0,not_applicable,,,False,0.0
2026-04-20 03:08:00,C00788,,web,android,fashion,add_to_cart,70.77,0,0,not_applicable,,,False,0.0
2026-04-20 03:15:00,C00446,Germany,mobile_app,desktop,grocery,add_to_cart,19.75,0,0,not_applicable,,,False,0.0
2026-04-20 03:27:00,C00681,,web,android,sports,view,79.69,0,0,not_applicable,,,False,0.0
2026-04-20 03:32:00,C00929,Germany,physical_store,pos_terminal,beauty,purchase,27.37,2,20,paid,65.0,,False,34.74
2026-04-20 03:35:00,C00722,Netherlands,mobile_app,ios,electronics,view,124.35,0,0,not_applicable,,,False,0.0
2026-04-20 04:08:00,C00942,Netherlands,physical_store,pos_terminal,electronics,review,132.63,0,0,not_applicable,,4.0,False,0.0
2026-04-20 04:20:00,C00847,Germany,web,ios,beauty,purchase,37.45,2,20,paid,58.0,,False,54.9
2026-04-20 04:29:00,C00670,Germany,physical_store,pos_terminal,electronics,view,82.01,0,0,not_applicable,,,False,0.0
2026-04-20 04:50:00,C00380,Ireland,physical_store,pos_terminal,electronics,view,176.07,0,0,not_applicable,,,False,0.0
2026-04-20 04:55:00,C00474,Sweden,partner_marketplace,ios,fashion,purchase,92.79,2,0,paid,60.0,,False,185.58
2026-04-20 04:59:00,C00246,Germany,physical_store,pos_terminal,fashion,purchase,42.11,1,10,paid,12.0,,False,32.11
2026-04-20 05:04:00,C00494,Germany,physical_store,pos_terminal,fashion,view,58.41,0,0,not_applicable,,,False,0.0
2026-04-20 05:08:00,C00629,Ireland,mobile_app,ios,electronics,review,118.45,0,0,not_applicable,,4.0,False,0.0
2026-04-20 05:10:00,C00779,United Kingdom,mobile_app,android,electronics,purchase,321.75,1,5,paid,18.0,,False,316.75
2026-04-20 05:13:00,C00821,Germany,mobile_app,ios,electronics,view,100.53,0,0,not_applicable,,,False,0.0
2026-04-20 05:16:00,C00004,Germany,web,ios,fashion,review,38.97,0,0,not_applicable,,4.0,False,0.0
2026-04-20 05:31:00,C00291,United Kingdom,mobile_app,desktop,sports,view,51.98,0,0,not_applicable,,,False,0.0
2026-04-20 05:46:00,C00159,Netherlands,physical_store,pos_terminal,grocery,review,16.65,0,0,not_applicable,,5.0,False,0.0
2026-04-20 05:53:00,C00062,United Kingdom,mobile_app,tablet,grocery,view,15.09,0,0,not_applicable,,,False,0.0
2026-04-20 06:03:00,C00287,Ireland,web,desktop,beauty,view,10.32,0,0,not_applicable,,,False,0.0
2026-04-20 06:32:00,C00853,France,mobile_app,android,electronics,add_to_cart,129.25,0,0,not_applicable,,,False,0.0
2026-04-20 06:35:00,C00083,Sweden,mobile_app,android,electronics,review,96.31,0,0,not_applicable,,4.0,False,0.0
2026-04-20 06:37:00,C00793,Germany,web,ios,sports,purchase,34.29,1,10,paid,51.0,,False,24.29
2026-04-20 06:50:00,C00384,United Kingdom,mobile_app,android,beauty,review,15.67,0,0,not_applicable,,5.0,False,0.0
2026-04-20 06:53:00,C00306,Germany,partner_marketplace,ios,fashion,view,37.19,0,0,not_applicable,,,False,0.0
2026-04-20 07:00:00,C00001,Germany,mobile_app,tablet,fashion,add_to_cart,23.89,0,0,not_applicable,,,False,0.0
2026-04-20 07:08:00,C00062,United Kingdom,mobile_app,android,electronics,add_to_cart,51.82,0,0,not_applicable,,,False,0.0
2026-04-20 07:09:00,C00580,Sweden,physical_store,pos_terminal,beauty,view,20.14,0,0,not_applicable,,,False,0.0
2026-04-20 07:12:00,C00934,United Kingdom,physical_store,pos_terminal,home,purchase,59.3,1,0,failed,72.0,,False,59.3
2026-04-20 07:28:00,C00937,Netherlands,web,android,fashion,purchase,23.97,4,0,paid,42.0,,False,95.88
2026-04-20 07:42:00,C00590,Sweden,physical_store,pos_terminal,fashion,view,70.85,0,0,not_applicable,,,False,0.0
2026-04-20 07:46:00,C00408,Germany,mobile_app,desktop,home,review,170.82,0,0,not_applicable,,5.0,False,0.0
2026-04-20 07:51:00,C00580,Netherlands,physical_store,pos_terminal,fashion,purchase,34.51,1,10,paid,55.0,,False,24.51
2026-04-20 07:58:00,C00693,Germany,mobile_app,android,beauty,add_to_cart,32.74,0,0,not_applicable,,,False,0.0
2026-04-20 08:07:00,C00892,Germany,web,android,grocery,add_to_cart,6.17,0,0,not_applicable,,,False,0.0
2026-04-20 08:20:00,C00744,Germany,web,desktop,electronics,return,60.1,1,0,not_applicable,,,True,60.1
2026-04-20 08:31:00,C00200,France,partner_marketplace,android,grocery,purchase,12.64,1,0,paid,90.0,,False,12.64
2026-04-20 08:35:00,C00513,France,mobile_app,ios,beauty,view,16.95,0,0,not_applicable,,,False,0.0
2026-04-20 08:36:00,C00311,Germany,web,desktop,books,review,12.65,0,0,not_applicable,,2.0,False,0.0
2026-04-20 08:39:00,C00934,United Kingdom,web,desktop,home,review,83.36,0,0,not_applicable,,5.0,False,0.0
2026-04-20 09:08:00,C00886,Germany,web,desktop,fashion,add_to_cart,39.56,0,0,not_applicable,,,False,0.0
2026-04-20 09:09:00,C00557,France,mobile_app,desktop,home,purchase,99.14,1,5,paid,48.0,,False,94.14
2026-04-20 09:21:00,C00002,Germany,partner_marketplace,android,fashion,add_to_cart,64.28,0,0,not_applicable,,,False,0.0
2026-04-20 09:21:00,C00900,Sweden,mobile_app,desktop,home,add_to_cart,115.79,0,0,not_applicable,,,False,0.0
2026-04-20 09:26:00,C00280,Germany,partner_marketplace,android,beauty,view,32.86,0,0,not_applicable,,,False,0.0
2026-04-20 09:35:00,C00629,Netherlands,mobile_app,desktop,electronics,view,55.17,0,0,not_applicable,,,False,0.0
2026-04-20 09:36:00,C00160,Ireland,physical_store,pos_terminal,electronics,purchase,92.8,1,10,paid,62.0,,False,82.8
2026-04-20 10:00:00,C00058,Germany,web,android,electronics,view,113.72,0,0,not_applicable,,,False,0.0
2026-04-20 10:07:00,C00813,Sweden,partner_marketplace,android,fashion,view,15.61,0,0,not_applicable,,,False,0.0
2026-04-20 10:14:00,C00325,Sweden,web,desktop,grocery,purchase,9.04,1,0,paid,57.0,,False,9.04
2026-04-20 10:14:00,C00855,France,mobile_app,android,electronics,view,87.36,0,0,not_applicable,,,False,0.0
2026-04-20 10:19:00,C00380,,mobile_app,android,grocery,add_to_cart,18.79,0,0,not_applicable,,,False,0.0
2026-04-20 10:25:00,C00037,Germany,web,desktop,grocery,view,9.48,0,0,not_applicable,,,False,0.0
2026-04-20 10:27:00,C00217,Sweden,web,tablet,electronics,return,83.25,1,0,not_applicable,,,True,83.25
2026-04-20 10:29:00,C00538,Germany,mobile_app,desktop,fashion,purchase,33.55,2,15,paid,75.0,,False,52.1
2026-04-20 10:44:00,C00422,Germany,mobile_app,android,home,view,78.74,0,0,not_applicable,,,False,0.0
2026-04-20 10:45:00,C00922,Germany,physical_store,pos_terminal,electronics,review,414.24,0,0,not_applicable,,5.0,False,0.0
2026-04-20 10:48:00,C00672,Sweden,mobile_app,ios,beauty,view,28.25,0,0,not_applicable,,,False,0.0
2026-04-20 10:49:00,C00596,Germany,mobile_app,ios,fashion,return,76.1,1,0,not_applicable,,,True,76.1
2026-04-20 10:59:00,C00015,United Kingdom,partner_marketplace,tablet,home,return,64.46,1,0,not_applicable,,,True,64.46
2026-04-20 11:09:00,C00234,Germany,web,desktop,sports,view,75.67,0,0,not_applicable,,,False,0.0
2026-04-20 11:16:00,C00725,Germany,web,android,fashion,view,30.16,0,0,not_applicable,,,False,0.0
2026-04-20 11:16:00,C00382,United Kingdom,web,ios,home,purchase,106.78,1,30,paid,79.0,,False,76.78
2026-04-20 11:31:00,C00226,Germany,web,ios,fashion,view,74.48,0,0,not_applicable,,,False,0.0
2026-04-20 11:47:00,C00075,Germany,web,android,books,purchase,19.26,1,0,paid,44.0,,True,19.26
2026-04-20 11:52:00,C00859,United Kingdom,web,desktop,home,view,57.97,0,0,not_applicable,,,False,0.0
2026-04-20 12:11:00,C00913,Germany,mobile_app,desktop,home,return,34.93,2,0,not_applicable,,,True,69.86
2026-04-20 12:13:00,C00185,Ireland,mobile_app,android,beauty,add_to_cart,37.93,0,0,not_applicable,,,False,0.0
2026-04-20 12:15:00,C00680,Germany,mobile_app,ios,fashion,view,37.71,0,0,not_applicable,,,False,0.0
2026-04-20 12:18:00,C00357,,mobile_app,ios,grocery,view,18.47,0,0,not_applicable,,,False,0.0
2026-04-20 12:30:00,C00874,Ireland,partner_marketplace,desktop,grocery,review,8.42,0,0,not_applicable,,2.0,False,0.0
2026-04-20 12:40:00,C00543,Germany,mobile_app,android,grocery,view,7.77,0,0,not_applicable,,,False,0.0
2026-04-20 12:44:00,C00624,United Kingdom,physical_store,pos_terminal,electronics,purchase,166.84,1,0,paid,71.0,,False,166.84
2026-04-20 12:47:00,C00835,United Kingdom,mobile_app,android,beauty,view,14.23,0,0,not_applicable,,,False,0.0
2026-04-20 12:48:00,C00218,France,physical_store,pos_terminal,grocery,view,18.85,0,0,not_applicable,,,False,0.0
2026-04-20 12:56:00,C00330,Ireland,partner_marketplace,tablet,fashion,view,39.96,0,0,not_applicable,,,False,0.0
2026-04-20 13:12:00,C00086,United Kingdom,physical_store,pos_terminal,fashion,add_to_cart,35.31,0,0,not_applicable,,,False,0.0
2026-04-20 13:17:00,C00354,United Kingdom,mobile_app,android,fashion,purchase,56.34,1,0,pending,49.0,,False,56.34
2026-04-20 13:21:00,C00290,Germany,web,android,beauty,purchase,20.23,3,0,failed,69.0,,False,60.69
2026-04-20 13:35:00,C00942,France,partner_marketplace,android,grocery,purchase,8.94,1,0,paid,35.0,,False,8.94
2026-04-20 13:45:00,C00546,France,mobile_app,ios,sports,purchase,42.36,2,5,paid,73.0,,False,79.72
2026-04-20 13:55:00,C00933,Germany,mobile_app,ios,grocery,view,13.77,0,0,not_applicable,,,False,0.0
2026-04-20 13:59:00,C00193,United Kingdom,mobile_app,,beauty,view,17.46,0,0,not_applicable,,,False,0.0
2026-04-20 13:59:00,C00737,Ireland,physical_store,pos_terminal,electronics,view,173.47,0,0,not_applicable,,,False,0.0
2026-04-20 14:20:00,C00643,France,mobile_app,desktop,beauty,add_to_cart,38.55,0,0,not_applicable,,,False,0.0
2026-04-20 14:30:00,C00492,Sweden,web,ios,electronics,purchase,180.89,2,10,paid,30.0,,False,351.78
2026-04-20 14:39:00,C00620,Ireland,web,ios,grocery,purchase,7.0,1,0,paid,38.0,,False,7.0
2026-04-20 14:42:00,C00085,Netherlands,physical_store,pos_terminal,beauty,view,50.78,0,0,not_applicable,,,False,0.0
2026-04-20 14:47:00,C00289,Sweden,mobile_app,android,electronics,return,102.41,1,0,not_applicable,,,True,102.41
2026-04-20 14:48:00,C00626,Germany,web,android,electronics,review,187.82,0,0,not_applicable,,4.0,False,0.0
2026-04-20 14:57:00,C00863,France,mobile_app,desktop,beauty,view,29.02,0,0,not_applicable,,,False,0.0
2026-04-20 15:01:00,C00176,United Kingdom,mobile_app,ios,home,purchase,61.46,1,0,failed,50.0,,False,61.46
2026-04-20 15:04:00,C00413,France,mobile_app,android,beauty,add_to_cart,19.68,0,0,not_applicable,,,False,0.0
2026-04-20 15:23:00,C00734,Germany,web,android,home,purchase,144.46,4,15,paid,74.0,,False,562.84
2026-04-20 15:47:00,C00386,Germany,physical_store,pos_terminal,books,purchase,19.75,2,5,pending,39.0,,False,34.5
2026-04-20 15:53:00,C00047,United Kingdom,web,desktop,grocery,view,9.43,0,0,not_applicable,,,False,0.0
2026-04-20 16:18:00,C00652,Germany,mobile_app,,sports,view,97.28,0,0,not_applicable,,,False,0.0
2026-04-20 16:19:00,C00021,Germany,web,ios,fashion,purchase,21.98,2,15,paid,77.0,,False,28.96
2026-04-20 16:25:00,C00240,United Kingdom,mobile_app,android,home,purchase,55.49,1,15,paid,20.0,,False,40.49
2026-04-20 16:31:00,C00671,Germany,partner_marketplace,android,sports,view,73.84,0,0,not_applicable,,,False,0.0
2026-04-20 16:41:00,C00481,Netherlands,web,ios,sports,purchase,30.64,1,0,paid,88.0,,False,30.64
2026-04-20 16:50:00,C00703,Sweden,partner_marketplace,desktop,electronics,purchase,96.32,4,0,failed,32.0,,False,385.28
2026-04-20 16:51:00,C00639,Germany,mobile_app,desktop,fashion,add_to_cart,38.72,0,0,not_applicable,,,False,0.0
2026-04-20 17:02:00,C00796,United Kingdom,web,ios,electronics,add_to_cart,185.41,0,0,not_applicable,,,False,0.0
2026-04-20 17:02:00,C00604,Germany,physical_store,pos_terminal,fashion,review,41.12,0,0,not_applicable,,2.0,False,0.0
2026-04-20 17:07:00,C00237,Sweden,web,ios,electronics,purchase,124.7,1,5,paid,43.0,,False,119.7
2026-04-20 17:10:00,C00947,Ireland,partner_marketplace,desktop,home,review,60.72,0,0,not_applicable,,2.0,False,0.0
2026-04-20 17:15:00,C00192,Germany,mobile_app,ios,electronics,add_to_cart,113.72,0,0,not_applicable,,,False,0.0
2026-04-20 17:21:00,C00300,Germany,web,desktop,grocery,add_to_cart,10.45,0,0,not_applicable,,,False,0.0
2026-04-20 17:53:00,C00325,United Kingdom,web,android,home,add_to_cart,75.12,0,0,not_applicable,,,False,0.0
2026-04-20 18:00:00,C00328,Netherlands,physical_store,,beauty,add_to_cart,43.51,0,0,not_applicable,,,False,0.0
2026-04-20 18:07:00,C00628,France,web,android,electronics,view,82.02,0,0,not_applicable,,,False,0.0
2026-04-20 18:28:00,C00803,,partner_marketplace,ios,sports,add_to_cart,34.33,0,0,not_applicable,,,False,0.0
2026-04-20 18:36:00,C00824,Germany,mobile_app,android,sports,review,87.5,0,0,not_applicable,,4.0,False,0.0
2026-04-20 18:37:00,C00288,,web,desktop,home,purchase,42.75,3,5,paid,72.0,,False,123.25
2026-04-20 18:46:00,C00289,Ireland,web,android,electronics,purchase,91.02,1,15,paid,39.0,,False,76.02
2026-04-20 18:57:00,C00188,Netherlands,web,android,grocery,purchase,10.35,2,0,paid,72.0,,False,20.7
2026-04-20 19:22:00,C00637,Netherlands,mobile_app,desktop,grocery,purchase,10.52,2,5,paid,64.0,,False,16.04
2026-04-20 19:34:00,C00902,Netherlands,mobile_app,tablet,fashion,review,60.34,0,0,not_applicable,,1.0,False,0.0
2026-04-20 19:56:00,C00271,Ireland,physical_store,pos_terminal,beauty,add_to_cart,17.71,0,0,not_applicable,,,False,0.0
2026-04-20 19:57:00,C00495,Germany,web,desktop,books,purchase,8.93,2,5,paid,44.0,,False,12.86
2026-04-20 19:59:00,C00460,France,mobile_app,android,electronics,add_to_cart,77.74,0,0,not_applicable,,,False,0.0
2026-04-20 20:00:00,C00435,,mobile_app,ios,books,purchase,20.79,3,5,paid,28.0,,False,57.37
2026-04-20 20:22:00,C00188,Ireland,mobile_app,ios,fashion,review,29.35,0,0,not_applicable,,5.0,False,0.0
2026-04-20 20:39:00,C00526,Netherlands,web,desktop,home,purchase,61.43,1,0,paid,43.0,,False,61.43
2026-04-20 20:41:00,C00792,Germany,web,android,fashion,view,32.35,0,0,not_applicable,,,False,0.0
2026-04-20 20:56:00,C00644,Netherlands,web,ios,grocery,view,17.18,0,0,not_applicable,,,False,0.0
2026-04-20 20:58:00,C00427,Germany,web,desktop,fashion,view,60.45,0,0,not_applicable,,,False,0.0
2026-04-20 21:05:00,C00490,Netherlands,mobile_app,android,grocery,view,13.01,0,0,not_applicable,,,False,0.0
2026-04-20 21:13:00,C00525,Germany,web,desktop,books,view,18.52,0,0,not_applicable,,,False,0.0
2026-04-20 21:15:00,C00541,Germany,web,android,fashion,view,44.13,0,0,not_applicable,,,False,0.0
2026-04-20 21:25:00,C00801,Germany,mobile_app,ios,fashion,view,40.54,0,0,not_applicable,,,False,0.0
2026-04-20 21:48:00,C00610,France,web,desktop,grocery,view,9.96,0,0,not_applicable,,,False,0.0
2026-04-20 22:00:00,C00194,France,web,ios,grocery,add_to_cart,17.85,0,0,not_applicable,,,False,0.0
2026-04-20 22:01:00,C00376,Germany,mobile_app,ios,fashion,purchase,57.82,2,5,paid,50.0,,False,110.64
2026-04-20 22:26:00,C00608,France,mobile_app,android,books,add_to_cart,21.58,0,0,not_applicable,,,False,0.0
2026-04-20 22:27:00,C00303,United Kingdom,mobile_app,tablet,fashion,purchase,68.53,1,0,paid,75.0,,False,68.53
2026-04-20 22:37:00,C00131,Ireland,mobile_app,android,electronics,view,167.92,0,0,not_applicable,,,False,0.0
2026-04-20 22:50:00,C00932,Germany,web,android,beauty,view,28.39,0,0,not_applicable,,,False,0.0
2026-04-20 23:08:00,C00520,France,web,android,home,purchase,129.95,1,5,paid,96.0,,False,124.95
2026-04-20 23:11:00,C00516,Netherlands,mobile_app,android,beauty,add_to_cart,28.91,0,0,not_applicable,,,False,0.0
2026-04-20 23:15:00,C00778,Netherlands,partner_marketplace,desktop,home,view,129.68,0,0,not_applicable,,,False,0.0
2026-04-20 23:44:00,C00163,Sweden,mobile_app,desktop,beauty,add_to_cart,19.98,0,0,not_applicable,,,False,0.0
2026-04-20 23:52:00,C00009,Germany,physical_store,pos_terminal,beauty,return,29.49,1,0,not_applicable,,,True,29.49
2026-04-21 00:12:00,C00372,United Kingdom,partner_marketplace,ios,grocery,view,8.95,0,0,not_applicable,,,False,0.0
2026-04-21 00:19:00,C00936,Germany,physical_store,pos_terminal,grocery,purchase,8.3,1,5,paid,62.0,,False,3.3
2026-04-21 00:31:00,C00427,Ireland,web,desktop,grocery,purchase,15.15,1,10,paid,100.0,,False,5.15
2026-04-21 00:39:00,C00395,United Kingdom,web,ios,electronics,add_to_cart,136.71,0,0,not_applicable,,,False,0.0
2026-04-21 00:39:00,C00760,Germany,partner_marketplace,ios,sports,purchase,61.5,1,0,paid,29.0,,False,61.5
2026-04-21 00:43:00,C00596,Germany,mobile_app,desktop,beauty,return,52.83,1,0,not_applicable,,,True,52.83
2026-04-21 00:43:00,C00324,Sweden,partner_marketplace,android,beauty,purchase,30.07,1,5,paid,32.0,,False,25.07
2026-04-21 00:48:00,C00289,Sweden,web,ios,grocery,view,11.14,0,0,not_applicable,,,False,0.0
2026-04-21 00:56:00,C00861,France,physical_store,pos_terminal,fashion,add_to_cart,38.02,0,0,not_applicable,,,False,0.0
2026-04-21 01:06:00,C00585,Germany,physical_store,pos_terminal,fashion,purchase,34.65,1,0,paid,75.0,,True,34.65
2026-04-21 01:12:00,C00311,Germany,web,desktop,electronics,view,140.72,0,0,not_applicable,,,False,0.0
2026-04-21 01:25:00,C00408,France,web,ios,grocery,add_to_cart,14.41,0,0,not_applicable,,,False,0.0
2026-04-21 01:41:00,C00019,Netherlands,partner_marketplace,ios,fashion,add_to_cart,30.31,0,0,not_applicable,,,False,0.0
2026-04-21 01:42:00,C00758,Germany,mobile_app,android,books,add_to_cart,36.45,0,0,not_applicable,,,False,0.0
2026-04-21 01:43:00,C00405,Netherlands,physical_store,pos_terminal,fashion,purchase,21.86,2,0,paid,95.0,,False,43.72
2026-04-21 01:45:00,C00751,Sweden,mobile_app,android,beauty,view,31.92,0,0,not_applicable,,,False,0.0
2026-04-21 01:52:00,C00745,Sweden,mobile_app,android,beauty,return,16.77,2,0,not_applicable,,,True,33.54
2026-04-21 01:57:00,C00500,Germany,web,ios,electronics,view,154.17,0,0,not_applicable,,,False,0.0
2026-04-21 02:07:00,C00860,France,partner_marketplace,desktop,beauty,add_to_cart,47.28,0,0,not_applicable,,,False,0.0
2026-04-21 02:14:00,C00413,France,physical_store,pos_terminal,fashion,view,32.61,0,0,not_applicable,,,False,0.0
2026-04-21 02:20:00,C00528,France,partner_marketplace,android,electronics,review,151.16,0,0,not_applicable,,1.0,False,0.0
2026-04-21 02:28:00,C00655,Germany,mobile_app,android,electronics,view,76.84,0,0,not_applicable,,,False,0.0
2026-04-21 02:34:00,C00577,Germany,mobile_app,tablet,fashion,purchase,40.82,2,5,paid,58.0,,False,76.64
2026-04-21 02:42:00,C00345,United Kingdom,web,desktop,sports,purchase,53.24,1,15,paid,30.0,,False,38.24
2026-04-21 02:44:00,C00301,Sweden,web,tablet,grocery,review,13.7,0,0,not_applicable,,3.0,False,0.0
2026-04-21 02:52:00,C00816,Germany,partner_marketplace,tablet,sports,purchase,48.73,3,5,paid,46.0,,False,141.19
2026-04-21 03:00:00,C00415,Sweden,web,android,grocery,purchase,19.73,3,10,paid,92.0,,False,49.19
2026-04-21 03:14:00,C00340,France,mobile_app,android,home,add_to_cart,87.15,0,0,not_applicable,,,False,0.0
2026-04-21 03:24:00,C00318,Sweden,mobile_app,android,electronics,view,173.72,0,0,not_applicable,,,False,0.0
2026-04-21 03:34:00,C00720,Netherlands,mobile_app,ios,grocery,review,14.23,0,0,not_applicable,,5.0,False,0.0
2026-04-21 03:36:00,C00519,Ireland,mobile_app,tablet,grocery,purchase,17.57,1,0,paid,20.0,,False,17.57
2026-04-21 03:40:00,C00602,Germany,mobile_app,desktop,grocery,view,18.79,0,0,not_applicable,,,False,0.0
2026-04-21 04:03:00,C00947,Germany,mobile_app,desktop,electronics,view,148.67,0,0,not_applicable,,,False,0.0
2026-04-21 04:08:00,C00352,Germany,mobile_app,ios,home,view,42.89,0,0,not_applicable,,,False,0.0
2026-04-21 04:26:00,C00146,France,partner_marketplace,android,beauty,add_to_cart,13.97,0,0,not_applicable,,,False,0.0
2026-04-21 04:28:00,C00427,Ireland,web,android,fashion,view,39.18,0,0,not_applicable,,,False,0.0
2026-04-21 04:37:00,C00474,Germany,web,desktop,beauty,review,12.68,0,0,not_applicable,,3.0,False,0.0
2026-04-21 04:49:00,C00859,United Kingdom,mobile_app,android,electronics,purchase,92.05,1,15,paid,59.0,,False,77.05
2026-04-21 04:53:00,C00099,Germany,partner_marketplace,desktop,sports,purchase,96.77,1,0,paid,76.0,,False,96.77
2026-04-21 04:55:00,C00544,Germany,mobile_app,ios,beauty,purchase,28.57,1,30,paid,24.0,,False,0.0
2026-04-21 05:04:00,C00351,United Kingdom,physical_store,pos_terminal,beauty,add_to_cart,19.27,0,0,not_applicable,,,False,0.0
2026-04-21 05:11:00,C00876,Netherlands,web,ios,fashion,add_to_cart,60.68,0,0,not_applicable,,,False,0.0
2026-04-21 05:17:00,C00250,United Kingdom,mobile_app,desktop,fashion,review,45.06,0,0,not_applicable,,1.0,False,0.0
2026-04-21 05:34:00,C00611,Netherlands,physical_store,,grocery,purchase,9.14,1,0,paid,24.0,,False,9.14
2026-04-21 06:02:00,C00037,Sweden,web,android,fashion,view,50.62,0,0,not_applicable,,,False,0.0
2026-04-21 06:03:00,C00658,Netherlands,web,desktop,electronics,view,101.16,0,0,not_applicable,,,False,0.0
2026-04-21 06:13:00,C00724,United Kingdom,web,ios,fashion,purchase,12.23,3,0,paid,67.0,,False,36.69
2026-04-21 06:19:00,C00442,Germany,partner_marketplace,android,electronics,view,432.1,0,0,not_applicable,,,False,0.0
2026-04-21 06:25:00,C00461,Germany,web,ios,fashion,add_to_cart,24.98,0,0,not_applicable,,,False,0.0
2026-04-21 06:58:00,C00946,Germany,physical_store,pos_terminal,electronics,view,365.54,0,0,not_applicable,,,False,0.0
2026-04-21 07:34:00,C00349,Sweden,web,desktop,electronics,purchase,145.1,1,20,paid,70.0,,False,125.1
2026-04-21 07:35:00,C00003,Germany,web,android,electronics,purchase,85.54,1,5,paid,49.0,,False,80.54
2026-04-21 07:40:00,C00638,Germany,physical_store,pos_terminal,sports,view,51.45,0,0,not_applicable,,,False,0.0
2026-04-21 08:14:00,C00712,United Kingdom,physical_store,pos_terminal,home,purchase,68.91,1,20,paid,89.0,,False,48.91
2026-04-21 08:35:00,C00643,Germany,web,desktop,fashion,add_to_cart,46.86,0,0,not_applicable,,,False,0.0
2026-04-21 08:36:00,C00506,United Kingdom,web,android,beauty,view,23.28,0,0,not_applicable,,,False,0.0
2026-04-21 08:43:00,C00223,Netherlands,partner_marketplace,desktop,sports,purchase,73.99,1,30,paid,48.0,,False,43.99
2026-04-21 08:45:00,C00913,Netherlands,partner_marketplace,desktop,beauty,purchase,14.2,1,10,paid,43.0,,False,4.2
2026-04-21 08:48:00,C00189,,web,ios,grocery,review,5.24,0,0,not_applicable,,5.0,False,0.0
2026-04-21 08:54:00,C00463,United Kingdom,web,android,grocery,purchase,11.11,1,0,paid,46.0,,False,11.11
2026-04-21 08:59:00,C00177,Sweden,mobile_app,android,grocery,add_to_cart,9.21,0,0,not_applicable,,,False,0.0
2026-04-21 09:02:00,C00210,Ireland,partner_marketplace,android,grocery,purchase,70.74,4,0,pending,28.0,,False,282.96
2026-04-21 09:14:00,C00552,Germany,physical_store,pos_terminal,fashion,view,35.41,0,0,not_applicable,,,False,0.0
2026-04-21 09:38:00,C00660,France,web,desktop,beauty,purchase,21.38,2,20,paid,59.0,,False,22.76
2026-04-21 09:39:00,C00347,Ireland,physical_store,pos_terminal,home,view,69.16,0,0,not_applicable,,,False,0.0
2026-04-21 09:42:00,C00916,Sweden,web,android,grocery,add_to_cart,17.1,0,0,not_applicable,,,False,0.0
2026-04-21 09:46:00,C00287,United Kingdom,physical_store,pos_terminal,fashion,view,48.19,0,0,not_applicable,,,False,0.0
2026-04-21 09:51:00,C00871,Germany,web,android,home,purchase,72.63,1,10,paid,55.0,,False,62.63
2026-04-21 09:51:00,C00115,Sweden,web,ios,electronics,add_to_cart,81.09,0,0,not_applicable,,,False,0.0
2026-04-21 10:07:00,C00500,United Kingdom,web,desktop,electronics,add_to_cart,158.98,0,0,not_applicable,,,False,0.0
2026-04-21 10:07:00,C00212,Netherlands,web,android,fashion,purchase,66.49,1,15,paid,82.0,,False,51.49
2026-04-21 10:14:00,C00735,Germany,partner_marketplace,android,beauty,purchase,10.74,1,0,failed,35.0,,False,10.74
2026-04-21 10:32:00,C00315,Germany,web,ios,sports,review,45.84,0,0,not_applicable,,4.0,False,0.0
2026-04-21 10:39:00,C00046,Germany,physical_store,pos_terminal,electronics,review,150.36,0,0,not_applicable,,2.0,False,0.0
2026-04-21 10:47:00,C00659,United Kingdom,mobile_app,android,grocery,review,13.51,0,0,not_applicable,,4.0,False,0.0
2026-04-21 10:48:00,C00539,Germany,web,android,books,purchase,9.0,1,0,paid,74.0,,False,9.0
2026-04-21 10:49:00,C00217,Germany,web,android,electronics,review,154.42,0,0,not_applicable,,2.0,False,0.0
2026-04-21 11:23:00,C00373,Germany,web,android,beauty,view,16.24,0,0,not_applicable,,,False,0.0
2026-04-21 11:24:00,C00781,France,physical_store,pos_terminal,fashion,view,77.57,0,0,not_applicable,,,False,0.0
2026-04-21 11:31:00,C00860,,mobile_app,desktop,sports,add_to_cart,77.83,0,0,not_applicable,,,False,0.0
2026-04-21 11:35:00,C00276,United Kingdom,web,ios,fashion,add_to_cart,42.91,0,0,not_applicable,,,False,0.0
2026-04-21 11:40:00,C00071,Germany,mobile_app,ios,electronics,purchase,52.4,2,0,paid,76.0,,False,104.8
2026-04-21 11:43:00,C00194,Netherlands,physical_store,pos_terminal,books,view,34.02,0,0,not_applicable,,,False,0.0
2026-04-21 11:57:00,C00325,Germany,physical_store,pos_terminal,grocery,purchase,8.18,2,0,paid,25.0,,False,16.36
2026-04-21 12:12:00,C00338,Netherlands,physical_store,pos_terminal,home,view,50.71,0,0,not_applicable,,,False,0.0
2026-04-21 12:14:00,C00463,Germany,web,android,electronics,view,199.36,0,0,not_applicable,,,False,0.0
2026-04-21 12:14:00,C00357,Germany,web,desktop,beauty,purchase,50.63,1,5,paid,52.0,,False,45.63
2026-04-21 12:40:00,C00811,France,mobile_app,tablet,fashion,purchase,35.07,1,0,paid,46.0,,False,35.07
2026-04-21 12:47:00,C00721,Germany,physical_store,pos_terminal,sports,add_to_cart,47.7,0,0,not_applicable,,,False,0.0
2026-04-21 12:48:00,C00681,Ireland,web,tablet,fashion,view,29.92,0,0,not_applicable,,,False,0.0
2026-04-21 12:48:00,C00403,United Kingdom,partner_marketplace,android,grocery,view,9.97,0,0,not_applicable,,,False,0.0
2026-04-21 12:55:00,C00502,Sweden,partner_marketplace,ios,sports,add_to_cart,55.32,0,0,not_applicable,,,False,0.0
2026-04-21 12:56:00,C00156,Germany,mobile_app,ios,sports,view,32.81,0,0,not_applicable,,,False,0.0
2026-04-21 13:05:00,C00459,France,web,desktop,books,purchase,12.1,2,15,paid,36.0,,False,9.2
2026-04-21 13:14:00,C00918,Ireland,mobile_app,ios,books,view,20.51,0,0,not_applicable,,,False,0.0
2026-04-21 13:16:00,C00596,United Kingdom,web,android,electronics,purchase,261.79,1,0,paid,51.0,,True,261.79
2026-04-21 14:02:00,C00801,France,web,android,grocery,view,25.51,0,0,not_applicable,,,False,0.0
2026-04-21 14:05:00,C00845,Ireland,mobile_app,ios,sports,add_to_cart,92.89,0,0,not_applicable,,,False,0.0
2026-04-21 14:07:00,C00298,France,mobile_app,ios,grocery,view,9.47,0,0,not_applicable,,,False,0.0
2026-04-21 14:09:00,C00390,France,physical_store,pos_terminal,grocery,view,17.31,0,0,not_applicable,,,False,0.0
2026-04-21 14:32:00,C00347,Germany,mobile_app,tablet,fashion,purchase,102.18,1,15,paid,46.0,,False,87.18
2026-04-21 14:34:00,C00818,Germany,web,android,grocery,view,13.68,0,0,not_applicable,,,False,0.0
2026-04-21 14:42:00,C00703,Sweden,physical_store,pos_terminal,fashion,purchase,22.51,1,5,paid,38.0,,False,17.51
2026-04-21 14:47:00,C00235,Sweden,web,android,fashion,add_to_cart,39.26,0,0,not_applicable,,,False,0.0
2026-04-21 14:56:00,C00389,Germany,web,desktop,fashion,view,34.35,0,0,not_applicable,,,False,0.0
2026-04-21 15:04:00,C00353,France,physical_store,pos_terminal,sports,view,51.7,0,0,not_applicable,,,False,0.0
2026-04-21 15:25:00,C00422,Netherlands,physical_store,pos_terminal,grocery,add_to_cart,7.92,0,0,not_applicable,,,False,0.0
2026-04-21 15:34:00,C00831,Ireland,partner_marketplace,desktop,grocery,add_to_cart,12.99,0,0,not_applicable,,,False,0.0
2026-04-21 15:36:00,C00634,Germany,mobile_app,,sports,view,77.48,0,0,not_applicable,,,False,0.0
2026-04-21 15:42:00,C00880,Germany,partner_marketplace,ios,grocery,purchase,16.09,1,5,paid,69.0,,False,11.09
2026-04-21 15:43:00,C00413,United Kingdom,partner_marketplace,android,electronics,view,115.9,0,0,not_applicable,,,False,0.0
2026-04-21 15:45:00,C00601,Netherlands,physical_store,pos_terminal,grocery,add_to_cart,4.71,0,0,not_applicable,,,False,0.0
2026-04-21 15:46:00,C00895,Ireland,web,ios,fashion,view,29.53,0,0,not_applicable,,,False,0.0
2026-04-21 16:08:00,C00595,Germany,mobile_app,android,fashion,add_to_cart,51.65,0,0,not_applicable,,,False,0.0
2026-04-21 16:36:00,C00163,Germany,physical_store,pos_terminal,grocery,add_to_cart,12.24,0,0,not_applicable,,,False,0.0
2026-04-21 16:40:00,C00477,United Kingdom,mobile_app,desktop,electronics,add_to_cart,299.8,0,0,not_applicable,,,False,0.0
2026-04-21 16:44:00,C00408,Sweden,mobile_app,ios,books,purchase,12.72,1,10,paid,29.0,,False,2.72
2026-04-21 16:46:00,C00191,Netherlands,web,android,home,view,60.49,0,0,not_applicable,,,False,0.0
2026-04-21 17:02:00,C00702,Sweden,mobile_app,desktop,sports,view,22.11,0,0,not_applicable,,,False,0.0
2026-04-21 17:04:00,C00493,Ireland,web,desktop,books,view,40.0,0,0,not_applicable,,,False,0.0
2026-04-21 17:08:00,C00846,Germany,mobile_app,tablet,books,add_to_cart,13.06,0,0,not_applicable,,,False,0.0
2026-04-21 17:09:00,C00404,France,physical_store,pos_terminal,fashion,purchase,26.91,1,5,paid,89.0,,False,21.91
2026-04-21 17:10:00,C00906,Sweden,web,desktop,fashion,view,157.64,0,0,not_applicable,,,False,0.0
2026-04-21 17:12:00,C00265,Sweden,partner_marketplace,android,grocery,add_to_cart,4.78,0,0,not_applicable,,,False,0.0
2026-04-21 17:24:00,C00118,Sweden,mobile_app,android,books,add_to_cart,12.37,0,0,not_applicable,,,False,0.0
2026-04-21 17:43:00,C00037,Germany,mobile_app,desktop,grocery,purchase,23.14,1,20,paid,41.0,,False,3.14
2026-04-21 18:10:00,C00854,France,mobile_app,desktop,grocery,view,9.69,0,0,not_applicable,,,False,0.0
2026-04-21 18:33:00,C00019,Sweden,web,tablet,books,view,26.66,0,0,not_applicable,,,False,0.0
2026-04-21 18:42:00,C00659,Germany,mobile_app,android,fashion,view,64.92,0,0,not_applicable,,,False,0.0
2026-04-21 18:57:00,C00867,United Kingdom,physical_store,pos_terminal,grocery,add_to_cart,13.16,0,0,not_applicable,,,False,0.0
2026-04-21 19:11:00,C00055,Netherlands,mobile_app,android,electronics,return,88.84,1,0,not_applicable,,,True,88.84
2026-04-21 19:28:00,C00562,Ireland,mobile_app,android,beauty,review,68.24,0,0,not_applicable,,1.0,False,0.0
2026-04-21 19:37:00,C00503,Netherlands,mobile_app,android,grocery,review,13.55,0,0,not_applicable,,2.0,False,0.0
2026-04-21 19:45:00,C00184,Netherlands,web,ios,sports,return,105.05,1,0,not_applicable,,,True,105.05
2026-04-21 19:47:00,C00695,Germany,physical_store,pos_terminal,beauty,purchase,26.77,1,10,paid,32.0,,False,16.77
2026-04-21 19:47:00,C00907,United Kingdom,mobile_app,ios,electronics,return,78.71,1,0,not_applicable,,,True,78.71
2026-04-21 19:54:00,C00091,Germany,web,tablet,electronics,review,76.81,0,0,not_applicable,,2.0,False,0.0
2026-04-21 20:07:00,C00358,Germany,mobile_app,ios,home,view,69.8,0,0,not_applicable,,,False,0.0
2026-04-21 20:08:00,C00457,Germany,mobile_app,desktop,fashion,purchase,59.99,1,15,paid,64.0,,False,44.99
2026-04-21 20:26:00,C00828,United Kingdom,partner_marketplace,ios,electronics,purchase,108.52,4,10,paid,64.0,,False,424.08
2026-04-21 20:32:00,C00325,France,mobile_app,android,electronics,add_to_cart,190.27,0,0,not_applicable,,,False,0.0
2026-04-21 20:39:00,C00759,Germany,partner_marketplace,ios,grocery,view,16.81,0,0,not_applicable,,,False,0.0
2026-04-21 20:40:00,C00199,Sweden,partner_marketplace,desktop,fashion,add_to_cart,17.18,0,0,not_applicable,,,False,0.0
2026-04-21 20:45:00,C00458,Germany,mobile_app,ios,fashion,purchase,46.36,1,0,paid,53.0,,False,46.36
2026-04-21 21:04:00,C00432,United Kingdom,mobile_app,android,fashion,purchase,75.23,1,0,paid,71.0,,False,75.23
2026-04-21 21:04:00,C00415,Germany,web,,electronics,view,112.04,0,0,not_applicable,,,False,0.0
2026-04-21 21:20:00,C00439,,physical_store,pos_terminal,sports,return,56.54,2,0,not_applicable,,,True,113.08
2026-04-21 21:27:00,C00704,Ireland,mobile_app,desktop,electronics,view,162.48,0,0,not_applicable,,,False,0.0
2026-04-21 21:29:00,C00918,Germany,mobile_app,tablet,sports,view,50.5,0,0,not_applicable,,,False,0.0
2026-04-21 21:45:00,C00189,Sweden,web,android,grocery,purchase,12.54,1,5,paid,69.0,,False,7.54
2026-04-21 21:47:00,C00191,Germany,web,tablet,fashion,view,64.55,0,0,not_applicable,,,False,0.0
2026-04-21 21:53:00,C00335,Netherlands,mobile_app,ios,fashion,add_to_cart,31.94,0,0,not_applicable,,,False,0.0
2026-04-21 22:17:00,C00600,,web,desktop,grocery,review,11.07,0,0,not_applicable,,1.0,False,0.0
2026-04-21 22:24:00,C00607,Germany,partner_marketplace,,home,view,80.54,0,0,not_applicable,,,False,0.0
2026-04-21 22:31:00,C00713,United Kingdom,mobile_app,ios,beauty,view,35.3,0,0,not_applicable,,,False,0.0
2026-04-21 22:45:00,C00075,Germany,physical_store,pos_terminal,books,purchase,22.29,2,30,paid,6.0,,False,14.58
2026-04-21 22:57:00,C00853,Germany,web,android,books,purchase,11.47,1,5,paid,42.0,,False,6.47
2026-04-21 23:04:00,C00095,Germany,partner_marketplace,desktop,sports,view,59.67,0,0,not_applicable,,,False,0.0
2026-04-21 23:15:00,C00513,Germany,mobile_app,desktop,home,view,55.62,0,0,not_applicable,,,False,0.0
2026-04-21 23:15:00,C00108,United Kingdom,web,,sports,view,73.34,0,0,not_applicable,,,False,0.0
2026-04-21 23:35:00,C00755,Sweden,physical_store,pos_terminal,fashion,review,34.86,0,0,not_applicable,,3.0,False,0.0
2026-04-21 23:37:00,C00029,Germany,web,desktop,grocery,purchase,22.74,1,0,paid,5.0,,False,22.74
2026-04-21 23:42:00,C00425,United Kingdom,mobile_app,android,fashion,purchase,50.08,3,5,paid,32.0,,False,145.24
2026-04-22 00:38:00,C00239,United Kingdom,web,ios,beauty,purchase,14.54,1,0,paid,62.0,,False,14.54
2026-04-22 01:00:00,C00133,France,physical_store,pos_terminal,books,add_to_cart,11.25,0,0,not_applicable,,,False,0.0
2026-04-22 01:31:00,C00839,France,mobile_app,android,fashion,purchase,43.58,3,0,paid,19.0,,False,130.74
2026-04-22 01:40:00,C00592,France,physical_store,pos_terminal,home,purchase,60.64,1,0,paid,57.0,,False,60.64
2026-04-22 01:43:00,C00263,Sweden,physical_store,pos_terminal,sports,view,149.27,0,0,not_applicable,,,False,0.0
2026-04-22 01:53:00,C00601,United Kingdom,mobile_app,ios,electronics,review,242.69,0,0,not_applicable,,4.0,False,0.0
2026-04-22 02:08:00,C00413,United Kingdom,web,android,beauty,return,17.99,2,0,not_applicable,,,True,35.98
2026-04-22 02:19:00,C00394,United Kingdom,mobile_app,desktop,fashion,purchase,54.71,2,15,paid,33.0,,False,94.42
2026-04-22 02:21:00,C00645,Sweden,mobile_app,android,home,purchase,64.85,1,10,paid,19.0,,False,54.85
2026-04-22 02:45:00,C00718,Sweden,mobile_app,ios,grocery,purchase,7.14,2,15,paid,57.0,,False,0.0
2026-04-22 02:55:00,C00573,Netherlands,mobile_app,ios,fashion,return,92.01,2,0,not_applicable,,,True,184.02
2026-04-22 03:06:00,C00035,Ireland,web,android,beauty,view,41.09,0,0,not_applicable,,,False,0.0
2026-04-22 03:08:00,C00292,Netherlands,web,desktop,beauty,view,17.97,0,0,not_applicable,,,False,0.0
2026-04-22 03:18:00,C00089,Germany,mobile_app,android,fashion,purchase,53.89,1,30,paid,48.0,,False,23.89
2026-04-22 03:19:00,C00745,Germany,web,android,home,view,27.82,0,0,not_applicable,,,False,0.0
2026-04-22 03:32:00,C00118,Germany,mobile_app,desktop,home,review,52.23,0,0,not_applicable,,3.0,False,0.0
2026-04-22 04:02:00,C00942,Germany,web,android,electronics,return,300.05,1,0,not_applicable,,,True,300.05
2026-04-22 04:26:00,C00421,United Kingdom,mobile_app,ios,fashion,purchase,24.67,1,15,paid,56.0,,False,9.67
2026-04-22 04:32:00,C00335,Sweden,physical_store,pos_terminal,beauty,purchase,45.49,1,0,paid,46.0,,False,45.49
2026-04-22 04:32:00,C00028,Germany,web,desktop,fashion,add_to_cart,29.43,0,0,not_applicable,,,False,0.0
2026-04-22 04:38:00,C00201,Netherlands,mobile_app,ios,electronics,view,103.06,0,0,not_applicable,,,False,0.0
2026-04-22 04:42:00,C00278,Sweden,mobile_app,desktop,electronics,view,267.8,0,0,not_applicable,,,False,0.0
2026-04-22 04:58:00,C00246,Germany,web,ios,fashion,view,13.03,0,0,not_applicable,,,False,0.0
2026-04-22 05:04:00,C00939,United Kingdom,mobile_app,desktop,home,add_to_cart,84.19,0,0,not_applicable,,,False,0.0
2026-04-22 05:07:00,C00148,Netherlands,mobile_app,android,books,view,11.22,0,0,not_applicable,,,False,0.0
2026-04-22 05:08:00,C00665,Germany,physical_store,pos_terminal,electronics,add_to_cart,48.75,0,0,not_applicable,,,False,0.0
2026-04-22 05:11:00,C00173,Germany,mobile_app,android,books,purchase,17.55,1,30,paid,21.0,,False,0.0
2026-04-22 05:18:00,C00631,Germany,web,android,beauty,add_to_cart,22.34,0,0,not_applicable,,,False,0.0
2026-04-22 05:19:00,C00388,United Kingdom,mobile_app,ios,fashion,purchase,57.49,1,5,paid,52.0,,False,52.49
2026-04-22 05:28:00,C00938,United Kingdom,physical_store,pos_terminal,electronics,view,252.55,0,0,not_applicable,,,False,0.0
2026-04-22 05:32:00,C00431,,mobile_app,android,electronics,purchase,148.51,1,0,pending,5.0,,False,148.51
2026-04-22 05:49:00,C00907,Germany,mobile_app,android,fashion,view,16.11,0,0,not_applicable,,,False,0.0
2026-04-22 05:57:00,C00753,Ireland,mobile_app,android,beauty,view,14.39,0,0,not_applicable,,,False,0.0
2026-04-22 06:05:00,C00709,France,web,tablet,electronics,view,93.46,0,0,not_applicable,,,False,0.0
2026-04-22 06:07:00,C00184,United Kingdom,web,android,home,purchase,101.37,1,0,paid,41.0,,False,101.37
2026-04-22 07:07:00,C00188,France,web,android,electronics,purchase,122.05,1,5,paid,60.0,,False,117.05
2026-04-22 07:15:00,C00893,Germany,physical_store,pos_terminal,electronics,view,242.45,0,0,not_applicable,,,False,0.0
2026-04-22 07:42:00,C00777,Germany,web,ios,home,return,74.27,1,0,not_applicable,,,True,74.27
2026-04-22 07:53:00,C00603,,web,desktop,grocery,review,8.73,0,0,not_applicable,,4.0,False,0.0
2026-04-22 08:06:00,C00750,Netherlands,physical_store,pos_terminal,fashion,add_to_cart,26.21,0,0,not_applicable,,,False,0.0
2026-04-22 08:09:00,C00036,United Kingdom,mobile_app,android,grocery,add_to_cart,12.86,0,0,not_applicable,,,False,0.0
2026-04-22 08:20:00,C00290,Germany,mobile_app,desktop,fashion,purchase,144.82,1,0,paid,36.0,,False,144.82
2026-04-22 08:24:00,C00378,France,web,ios,home,purchase,95.68,1,0,paid,56.0,,False,95.68
2026-04-22 08:36:00,C00881,Germany,partner_marketplace,desktop,grocery,return,7.0,1,0,not_applicable,,,True,7.0
2026-04-22 08:46:00,C00422,Sweden,physical_store,pos_terminal,books,purchase,11.34,1,20,paid,33.0,,False,0.0
2026-04-22 08:57:00,C00885,Ireland,mobile_app,tablet,home,purchase,82.11,1,0,paid,87.0,,False,82.11
2026-04-22 09:01:00,C00834,Ireland,mobile_app,ios,grocery,view,23.01,0,0,not_applicable,,,False,0.0
2026-04-22 09:02:00,C00463,Germany,mobile_app,android,beauty,purchase,19.21,1,30,paid,36.0,,False,0.0
2026-04-22 09:04:00,C00404,United Kingdom,partner_marketplace,ios,electronics,view,159.27,0,0,not_applicable,,,False,0.0
2026-04-22 09:06:00,C00935,Germany,physical_store,pos_terminal,fashion,purchase,36.95,2,5,failed,61.0,,False,68.9
2026-04-22 09:24:00,C00881,Germany,mobile_app,ios,grocery,review,13.62,0,0,not_applicable,,3.0,False,0.0
2026-04-22 09:24:00,C00113,United Kingdom,physical_store,pos_terminal,fashion,purchase,31.17,1,30,paid,81.0,,False,1.17
2026-04-22 09:41:00,C00406,Germany,mobile_app,desktop,fashion,purchase,23.25,1,15,paid,41.0,,False,8.25
2026-04-22 09:58:00,C00288,Germany,mobile_app,ios,grocery,review,11.56,0,0,not_applicable,,4.0,False,0.0
2026-04-22 10:04:00,C00920,Ireland,mobile_app,tablet,grocery,review,14.45,0,0,not_applicable,,5.0,False,0.0
2026-04-22 10:20:00,C00780,Sweden,mobile_app,tablet,fashion,add_to_cart,41.56,0,0,not_applicable,,,False,0.0
2026-04-22 10:55:00,C00630,France,mobile_app,desktop,grocery,review,14.0,0,0,not_applicable,,4.0,False,0.0
2026-04-22 10:56:00,C00710,France,physical_store,pos_terminal,fashion,purchase,41.58,3,20,paid,92.0,,False,104.74
2026-04-22 11:28:00,C00187,Germany,web,android,beauty,view,27.85,0,0,not_applicable,,,False,0.0
2026-04-22 11:29:00,C00143,Netherlands,physical_store,pos_terminal,sports,add_to_cart,41.68,0,0,not_applicable,,,False,0.0
2026-04-22 11:44:00,C00102,France,mobile_app,desktop,electronics,purchase,141.35,1,0,paid,62.0,,False,141.35
2026-04-22 12:00:00,C00547,Germany,mobile_app,android,beauty,purchase,25.2,1,20,pending,63.0,,False,5.2
2026-04-22 12:11:00,C00913,United Kingdom,mobile_app,android,electronics,view,154.11,0,0,not_applicable,,,False,0.0
2026-04-22 12:38:00,C00050,Germany,mobile_app,android,beauty,view,14.84,0,0,not_applicable,,,False,0.0
2026-04-22 13:09:00,C00848,Ireland,physical_store,pos_terminal,electronics,purchase,134.08,1,5,paid,99.0,,False,129.08
2026-04-22 13:15:00,C00638,United Kingdom,physical_store,pos_terminal,grocery,add_to_cart,5.69,0,0,not_applicable,,,False,0.0
2026-04-22 13:17:00,C00024,Germany,web,android,electronics,purchase,100.93,2,0,paid,37.0,,False,201.86
2026-04-22 13:24:00,C00394,Germany,web,android,electronics,review,151.13,0,0,not_applicable,,4.0,False,0.0
2026-04-22 13:32:00,C00004,United Kingdom,mobile_app,desktop,fashion,return,31.31,1,0,not_applicable,,,True,31.31
2026-04-22 13:36:00,C00767,Germany,web,ios,grocery,purchase,16.63,1,0,paid,88.0,,False,16.63
2026-04-22 13:38:00,C00538,France,mobile_app,,sports,view,79.6,0,0,not_applicable,,,False,0.0
2026-04-22 13:38:00,C00466,Germany,mobile_app,ios,sports,view,34.0,0,0,not_applicable,,,False,0.0
2026-04-22 13:39:00,C00113,Germany,partner_marketplace,android,beauty,add_to_cart,53.34,0,0,not_applicable,,,False,0.0
2026-04-22 13:39:00,C00045,United Kingdom,mobile_app,android,electronics,add_to_cart,167.64,0,0,not_applicable,,,False,0.0
2026-04-22 13:40:00,C00350,Netherlands,mobile_app,ios,fashion,view,68.35,0,0,not_applicable,,,False,0.0
2026-04-22 13:45:00,C00088,Germany,mobile_app,desktop,beauty,view,14.19,0,0,not_applicable,,,False,0.0
2026-04-22 13:48:00,C00162,Germany,physical_store,pos_terminal,electronics,view,58.07,0,0,not_applicable,,,False,0.0
2026-04-22 14:15:00,C00886,Germany,mobile_app,android,fashion,add_to_cart,66.04,0,0,not_applicable,,,False,0.0
2026-04-22 14:17:00,C00292,Germany,web,desktop,home,purchase,74.23,1,0,paid,28.0,,False,74.23
2026-04-22 14:25:00,C00759,Germany,physical_store,pos_terminal,electronics,purchase,67.29,2,10,paid,75.0,,False,124.58
2026-04-22 14:25:00,C00361,Germany,mobile_app,android,grocery,purchase,28.44,2,10,paid,47.0,,False,46.88
2026-04-22 14:37:00,C00782,France,web,tablet,beauty,purchase,35.19,1,5,paid,23.0,,False,30.19
2026-04-22 14:56:00,C00410,Sweden,mobile_app,desktop,books,review,20.75,0,0,not_applicable,,3.0,False,0.0
2026-04-22 15:18:00,C00618,United Kingdom,web,desktop,fashion,purchase,47.29,1,0,paid,27.0,,False,47.29
2026-04-22 15:41:00,C00008,Netherlands,web,ios,fashion,view,51.26,0,0,not_applicable,,,False,0.0
2026-04-22 15:47:00,C00424,France,mobile_app,android,electronics,view,109.39,0,0,not_applicable,,,False,0.0
2026-04-22 15:55:00,C00275,Germany,web,desktop,fashion,return,44.69,1,0,not_applicable,,,True,44.69
2026-04-22 16:02:00,C00595,,physical_store,pos_terminal,fashion,add_to_cart,33.69,0,0,not_applicable,,,False,0.0
2026-04-22 16:14:00,C00923,Ireland,web,desktop,grocery,view,6.09,0,0,not_applicable,,,False,0.0
2026-04-22 16:42:00,C00257,France,physical_store,pos_terminal,electronics,purchase,322.42,3,10,paid,18.0,,False,957.26
2026-04-22 16:51:00,C00334,Germany,physical_store,pos_terminal,sports,purchase,48.29,1,0,paid,22.0,,False,48.29
2026-04-22 16:52:00,C00401,France,mobile_app,ios,beauty,add_to_cart,20.8,0,0,not_applicable,,,False,0.0
2026-04-22 16:54:00,C00151,Germany,web,android,fashion,view,28.15,0,0,not_applicable,,,False,0.0
2026-04-22 17:02:00,C00382,United Kingdom,web,desktop,electronics,add_to_cart,159.8,0,0,not_applicable,,,False,0.0
2026-04-22 17:09:00,C00558,United Kingdom,web,android,fashion,purchase,84.38,1,75,paid,55.0,,False,9.38
2026-04-22 17:19:00,C00150,Germany,mobile_app,android,home,purchase,101.92,2,5,paid,92.0,,False,198.84
2026-04-22 17:21:00,C00410,Netherlands,web,android,fashion,purchase,45.45,2,0,paid,38.0,,False,90.9
2026-04-22 17:26:00,C00095,United Kingdom,web,ios,grocery,view,7.63,0,0,not_applicable,,,False,0.0
2026-04-22 17:47:00,C00322,Germany,partner_marketplace,ios,grocery,purchase,8.36,1,5,paid,45.0,,False,3.36
2026-04-22 17:58:00,C00549,Netherlands,web,android,grocery,review,24.92,0,0,not_applicable,,4.0,False,0.0
2026-04-22 18:05:00,C00887,United Kingdom,web,desktop,fashion,purchase,31.68,1,0,paid,88.0,,False,31.68
2026-04-22 18:11:00,C00316,Sweden,mobile_app,desktop,electronics,purchase,163.82,1,0,paid,5.0,,False,163.82
2026-04-22 18:14:00,C00698,Ireland,web,desktop,fashion,view,64.46,0,0,not_applicable,,,False,0.0
2026-04-22 18:32:00,C00706,Sweden,physical_store,pos_terminal,beauty,purchase,12.67,1,0,paid,41.0,,False,12.67
2026-04-22 18:40:00,C00717,France,physical_store,pos_terminal,fashion,return,35.87,1,0,not_applicable,,,True,35.87
2026-04-22 18:44:00,C00220,Germany,web,desktop,beauty,add_to_cart,17.48,0,0,not_applicable,,,False,0.0
2026-04-22 18:56:00,C00063,Germany,physical_store,pos_terminal,electronics,add_to_cart,69.07,0,0,not_applicable,,,False,0.0
2026-04-22 19:03:00,C00343,Netherlands,web,tablet,electronics,view,56.18,0,0,not_applicable,,,False,0.0
2026-04-22 19:13:00,C00667,Germany,mobile_app,android,sports,review,42.48,0,0,not_applicable,,2.0,False,0.0
2026-04-22 19:25:00,C00362,Netherlands,physical_store,pos_terminal,beauty,view,31.03,0,0,not_applicable,,,False,0.0
2026-04-22 19:52:00,C00575,Netherlands,web,android,fashion,view,31.32,0,0,not_applicable,,,False,0.0
2026-04-22 19:52:00,C00626,United Kingdom,physical_store,pos_terminal,books,purchase,20.28,3,5,paid,40.0,,False,55.84
2026-04-22 20:05:00,C00177,Sweden,mobile_app,tablet,fashion,view,24.01,0,0,not_applicable,,,False,0.0
2026-04-22 20:06:00,C00795,Sweden,physical_store,pos_terminal,electronics,purchase,181.92,1,10,paid,58.0,,False,171.92
2026-04-22 20:06:00,C00639,Germany,web,desktop,beauty,purchase,18.15,3,30,paid,52.0,,False,24.45
2026-04-22 20:12:00,C00171,Sweden,mobile_app,desktop,beauty,view,26.87,0,0,not_applicable,,,False,0.0
2026-04-22 20:26:00,C00739,United Kingdom,mobile_app,android,sports,view,43.4,0,0,not_applicable,,,False,0.0
2026-04-22 20:30:00,C00039,Germany,partner_marketplace,desktop,grocery,view,8.91,0,0,not_applicable,,,False,0.0
2026-04-22 20:56:00,C00775,France,web,android,beauty,view,22.2,0,0,not_applicable,,,False,0.0
2026-04-22 21:11:00,C00433,Netherlands,mobile_app,android,fashion,purchase,48.55,1,5,failed,33.0,,False,43.55
2026-04-22 21:13:00,C00710,Netherlands,web,ios,fashion,review,37.77,0,0,not_applicable,,5.0,False,0.0
2026-04-22 21:24:00,C00820,Germany,physical_store,pos_terminal,fashion,view,57.69,0,0,not_applicable,,,False,0.0
2026-04-22 21:37:00,C00459,Ireland,mobile_app,ios,electronics,add_to_cart,126.55,0,0,not_applicable,,,False,0.0
2026-04-22 21:45:00,C00497,Germany,partner_marketplace,android,electronics,return,60.88,1,0,not_applicable,,,True,60.88
2026-04-22 21:45:00,C00703,Germany,mobile_app,desktop,electronics,purchase,215.88,2,15,paid,62.0,,False,416.76
2026-04-22 21:52:00,C00710,Germany,physical_store,pos_terminal,electronics,review,86.86,0,0,not_applicable,,5.0,False,0.0
2026-04-22 22:17:00,C00047,Germany,web,desktop,electronics,review,69.62,0,0,not_applicable,,3.0,False,0.0
2026-04-22 22:22:00,C00142,Germany,web,desktop,home,add_to_cart,53.29,0,0,not_applicable,,,False,0.0
2026-04-22 22:45:00,C00637,Netherlands,mobile_app,tablet,home,purchase,35.67,1,20,paid,78.0,,False,15.67
2026-04-22 22:46:00,C00442,United Kingdom,mobile_app,ios,sports,add_to_cart,113.37,0,0,not_applicable,,,False,0.0
2026-04-22 22:55:00,C00446,Germany,physical_store,pos_terminal,sports,add_to_cart,69.21,0,0,not_applicable,,,False,0.0
2026-04-22 23:03:00,C00681,United Kingdom,mobile_app,ios,sports,view,123.07,0,0,not_applicable,,,False,0.0
2026-04-22 23:04:00,C00880,,mobile_app,ios,grocery,return,19.47,1,0,not_applicable,,,True,19.47
2026-04-22 23:07:00,C00463,France,partner_marketplace,android,grocery,purchase,3.47,1,0,paid,54.0,,False,3.47
2026-04-22 23:08:00,C00312,Germany,mobile_app,android,beauty,purchase,15.01,3,0,paid,95.0,,False,45.03
2026-04-22 23:13:00,C00644,Germany,physical_store,pos_terminal,electronics,view,88.34,0,0,not_applicable,,,False,0.0
2026-04-22 23:19:00,C00014,Germany,web,desktop,grocery,review,10.41,0,0,not_applicable,,3.0,False,0.0
2026-04-22 23:19:00,C00770,Germany,web,desktop,fashion,view,25.61,0,0,not_applicable,,,False,0.0
2026-04-22 23:26:00,C00829,Germany,physical_store,pos_terminal,beauty,return,51.03,1,0,not_applicable,,,True,51.03
2026-04-22 23:30:00,C00077,Germany,mobile_app,android,sports,purchase,35.91,2,30,paid,90.0,,False,41.82
2026-04-22 23:39:00,C00702,France,physical_store,pos_terminal,home,purchase,68.7,1,10,failed,50.0,,False,58.7
2026-04-23 00:08:00,C00372,Sweden,mobile_app,,electronics,view,88.97,0,0,not_applicable,,,False,0.0
2026-04-23 00:11:00,C00446,Germany,mobile_app,ios,fashion,add_to_cart,40.04,0,0,not_applicable,,,False,0.0
2026-04-23 00:15:00,C00784,Germany,physical_store,pos_terminal,home,purchase,64.79,2,5,failed,53.0,,False,124.58
2026-04-23 00:37:00,C00871,Germany,mobile_app,android,fashion,purchase,21.79,1,0,paid,100.0,,False,21.79
2026-04-23 00:45:00,C00853,Netherlands,mobile_app,ios,electronics,view,107.25,0,0,not_applicable,,,False,0.0
2026-04-23 00:56:00,C00713,Germany,mobile_app,desktop,electronics,view,96.04,0,0,not_applicable,,,False,0.0
2026-04-23 01:16:00,C00932,Sweden,mobile_app,desktop,grocery,return,11.81,1,0,not_applicable,,,True,11.81
2026-04-23 01:18:00,C00126,Sweden,physical_store,pos_terminal,fashion,purchase,39.09,1,5,paid,69.0,,False,34.09
2026-04-23 01:26:00,C00382,Sweden,mobile_app,ios,grocery,view,12.49,0,0,not_applicable,,,False,0.0
2026-04-23 01:28:00,C00089,Germany,web,ios,sports,add_to_cart,41.25,0,0,not_applicable,,,False,0.0
2026-04-23 01:34:00,C00408,United Kingdom,web,android,grocery,purchase,9.2,2,0,paid,62.0,,False,18.4
2026-04-23 01:39:00,C00418,France,web,ios,fashion,return,60.9,2,0,not_applicable,,,True,121.8
2026-04-23 01:43:00,C00406,France,physical_store,pos_terminal,electronics,view,133.44,0,0,not_applicable,,,False,0.0
2026-04-23 01:50:00,C00560,France,web,android,beauty,add_to_cart,16.01,0,0,not_applicable,,,False,0.0
2026-04-23 01:57:00,C00124,United Kingdom,physical_store,pos_terminal,electronics,add_to_cart,84.47,0,0,not_applicable,,,False,0.0
2026-04-23 01:58:00,C00893,Germany,physical_store,pos_terminal,home,purchase,33.11,1,0,paid,97.0,,False,33.11
2026-04-23 02:01:00,C00441,Germany,mobile_app,android,beauty,view,19.95,0,0,not_applicable,,,False,0.0
2026-04-23 02:06:00,C00938,Germany,partner_marketplace,android,home,purchase,81.83,1,0,paid,23.0,,False,81.83
2026-04-23 02:08:00,C00284,Germany,partner_marketplace,desktop,sports,add_to_cart,56.09,0,0,not_applicable,,,False,0.0
2026-04-23 02:27:00,C00528,Sweden,mobile_app,tablet,books,review,23.94,0,0,not_applicable,,3.0,False,0.0
2026-04-23 02:28:00,C00544,Germany,web,android,beauty,purchase,25.0,3,0,paid,63.0,,False,75.0
2026-04-23 03:13:00,C00293,United Kingdom,web,android,fashion,add_to_cart,45.84,0,0,not_applicable,,,False,0.0
2026-04-23 03:28:00,C00833,Germany,physical_store,pos_terminal,beauty,purchase,15.17,1,0,paid,66.0,,False,15.17
2026-04-23 03:32:00,C00287,Germany,mobile_app,ios,sports,add_to_cart,44.99,0,0,not_applicable,,,False,0.0
2026-04-23 03:45:00,C00925,United Kingdom,mobile_app,desktop,electronics,review,88.91,0,0,not_applicable,,4.0,False,0.0
2026-04-23 03:55:00,C00830,Germany,web,ios,home,add_to_cart,163.24,0,0,not_applicable,,,False,0.0
2026-04-23 04:08:00,C00082,France,mobile_app,tablet,electronics,add_to_cart,263.4,0,0,not_applicable,,,False,0.0
2026-04-23 04:25:00,C00615,Germany,partner_marketplace,desktop,electronics,add_to_cart,64.13,0,0,not_applicable,,,False,0.0
2026-04-23 04:26:00,C00354,Germany,partner_marketplace,ios,home,purchase,77.7,1,0,pending,42.0,,False,77.7
2026-04-23 04:27:00,C00158,Germany,mobile_app,ios,grocery,add_to_cart,14.72,0,0,not_applicable,,,False,0.0
2026-04-23 04:37:00,C00205,Sweden,mobile_app,,electronics,return,74.16,1,0,not_applicable,,,True,74.16
2026-04-23 04:40:00,C00095,Ireland,mobile_app,ios,grocery,view,11.02,0,0,not_applicable,,,False,0.0
2026-04-23 04:41:00,C00432,Ireland,mobile_app,ios,fashion,add_to_cart,26.53,0,0,not_applicable,,,False,0.0
2026-04-23 05:04:00,C00747,Germany,mobile_app,desktop,fashion,view,45.19,0,0,not_applicable,,,False,0.0
2026-04-23 05:26:00,C00826,Germany,mobile_app,ios,books,return,32.5,1,0,not_applicable,,,True,32.5
2026-04-23 05:38:00,C00527,Sweden,web,ios,grocery,purchase,12.86,1,5,paid,74.0,,False,7.86
2026-04-23 05:42:00,C00307,Germany,web,ios,home,purchase,79.6,1,0,paid,90.0,,False,79.6
2026-04-23 05:44:00,C00772,Germany,mobile_app,ios,sports,purchase,66.31,1,10,paid,78.0,,False,56.31
2026-04-23 05:51:00,C00433,United Kingdom,physical_store,pos_terminal,electronics,add_to_cart,129.58,0,0,not_applicable,,,False,0.0
2026-04-23 05:57:00,C00720,Germany,web,ios,sports,purchase,80.41,3,0,paid,41.0,,False,241.23
2026-04-23 06:12:00,C00072,Germany,physical_store,pos_terminal,fashion,add_to_cart,38.61,0,0,not_applicable,,,False,0.0
2026-04-23 06:24:00,C00874,United Kingdom,web,android,home,view,69.0,0,0,not_applicable,,,False,0.0
2026-04-23 06:42:00,C00364,France,web,,electronics,purchase,71.71,1,10,paid,37.0,,False,61.71
2026-04-23 06:44:00,C00802,United Kingdom,partner_marketplace,android,beauty,purchase,22.45,4,0,paid,66.0,,False,89.8
2026-04-23 06:47:00,C00701,France,physical_store,pos_terminal,grocery,view,19.79,0,0,not_applicable,,,False,0.0
2026-04-23 06:55:00,C00636,Netherlands,partner_marketplace,tablet,grocery,purchase,13.06,1,0,failed,80.0,,False,13.06
2026-04-23 06:56:00,C00368,Netherlands,physical_store,pos_terminal,sports,view,68.99,0,0,not_applicable,,,False,0.0
2026-04-23 06:58:00,C00074,Ireland,mobile_app,android,books,purchase,4.64,2,0,paid,57.0,,False,9.28
2026-04-23 06:58:00,C00664,Germany,web,tablet,beauty,purchase,12.46,2,5,paid,85.0,,False,19.92
2026-04-23 07:10:00,C00077,Germany,web,desktop,fashion,view,40.95,0,0,not_applicable,,,False,0.0
2026-04-23 07:12:00,C00469,France,web,tablet,electronics,return,79.74,2,0,not_applicable,,,True,159.48
2026-04-23 07:20:00,C00440,France,mobile_app,desktop,beauty,view,30.31,0,0,not_applicable,,,False,0.0
2026-04-23 07:31:00,C00285,Netherlands,physical_store,,electronics,purchase,81.96,2,10,paid,22.0,,False,153.92
2026-04-23 07:34:00,C00530,Germany,web,desktop,electronics,purchase,136.32,3,5,paid,36.0,,False,403.96
2026-04-23 07:42:00,C00285,Ireland,web,ios,fashion,purchase,28.55,1,0,paid,66.0,,False,28.55
2026-04-23 07:44:00,C00186,Netherlands,web,android,grocery,purchase,13.11,1,15,paid,70.0,,False,0.0
2026-04-23 07:44:00,C00904,Netherlands,mobile_app,android,electronics,view,186.66,0,0,not_applicable,,,False,0.0
2026-04-23 07:47:00,C00382,United Kingdom,partner_marketplace,ios,grocery,return,19.3,2,0,not_applicable,,,True,38.6
2026-04-23 07:52:00,C00762,France,mobile_app,android,grocery,add_to_cart,7.97,0,0,not_applicable,,,False,0.0
2026-04-23 07:57:00,C00075,United Kingdom,web,desktop,home,purchase,65.22,1,0,paid,58.0,,False,65.22
2026-04-23 07:59:00,C00270,Sweden,web,ios,grocery,view,15.31,0,0,not_applicable,,,False,0.0
2026-04-23 08:01:00,C00121,Netherlands,physical_store,pos_terminal,electronics,view,262.78,0,0,not_applicable,,,False,0.0
2026-04-23 08:07:00,C00459,United Kingdom,mobile_app,ios,electronics,purchase,255.18,1,0,paid,32.0,,False,255.18
2026-04-23 08:11:00,C00897,Ireland,physical_store,pos_terminal,electronics,purchase,48.58,1,0,paid,57.0,,False,48.58
2026-04-23 08:13:00,C00284,Germany,partner_marketplace,android,fashion,add_to_cart,35.96,0,0,not_applicable,,,False,0.0
2026-04-23 08:34:00,C00790,Sweden,web,ios,grocery,purchase,8.33,1,0,paid,59.0,,False,8.33
2026-04-23 08:43:00,C00590,France,web,ios,home,purchase,54.14,1,0,paid,5.0,,False,54.14
2026-04-23 08:46:00,C00591,United Kingdom,web,tablet,electronics,view,247.38,0,0,not_applicable,,,False,0.0
2026-04-23 08:47:00,C00299,,web,desktop,fashion,return,45.42,1,0,not_applicable,,,True,45.42
2026-04-23 08:57:00,C00830,Germany,mobile_app,ios,home,add_to_cart,71.21,0,0,not_applicable,,,False,0.0
2026-04-23 09:25:00,C00212,United Kingdom,mobile_app,android,grocery,purchase,18.77,2,0,paid,56.0,,False,37.54
2026-04-23 09:25:00,C00569,Ireland,physical_store,pos_terminal,electronics,view,78.42,0,0,not_applicable,,,False,0.0
2026-04-23 09:31:00,C00629,Germany,physical_store,,beauty,review,12.51,0,0,not_applicable,,3.0,False,0.0
2026-04-23 09:48:00,C00549,Netherlands,web,android,beauty,return,27.9,1,0,not_applicable,,,True,27.9
2026-04-23 09:54:00,C00769,Netherlands,web,desktop,electronics,purchase,70.61,2,0,paid,89.0,,False,141.22
2026-04-23 10:22:00,C00097,Ireland,mobile_app,ios,books,view,23.24,0,0,not_applicable,,,False,0.0
2026-04-23 10:24:00,C00001,United Kingdom,mobile_app,ios,home,view,45.97,0,0,not_applicable,,,False,0.0
2026-04-23 10:58:00,C00370,Germany,web,android,fashion,view,20.02,0,0,not_applicable,,,False,0.0
2026-04-23 11:25:00,C00949,United Kingdom,partner_marketplace,desktop,grocery,purchase,7.78,1,20,failed,55.0,,False,0.0
2026-04-23 11:32:00,C00478,Ireland,web,ios,home,view,44.51,0,0,not_applicable,,,False,0.0
2026-04-23 11:32:00,C00684,United Kingdom,physical_store,pos_terminal,fashion,purchase,31.01,2,20,paid,51.0,,False,42.02
2026-04-23 11:43:00,C00733,Sweden,web,ios,fashion,view,19.83,0,0,not_applicable,,,False,0.0
2026-04-23 11:56:00,C00549,Germany,mobile_app,android,electronics,purchase,151.68,2,10,paid,46.0,,False,293.36
2026-04-23 11:59:00,C00476,Germany,web,android,books,view,19.26,0,0,not_applicable,,,False,0.0
2026-04-23 12:06:00,C00121,Sweden,mobile_app,ios,electronics,purchase,138.29,2,0,paid,37.0,,False,276.58
2026-04-23 12:11:00,C00289,Sweden,physical_store,pos_terminal,sports,return,35.04,1,0,not_applicable,,,True,35.04
2026-04-23 12:15:00,C00674,France,mobile_app,ios,fashion,view,36.42,0,0,not_applicable,,,False,0.0
2026-04-23 12:29:00,C00454,Ireland,physical_store,pos_terminal,fashion,purchase,47.5,1,10,paid,81.0,,False,37.5
2026-04-23 12:45:00,C00841,Germany,web,ios,fashion,view,50.49,0,0,not_applicable,,,False,0.0
2026-04-23 12:46:00,C00827,United Kingdom,physical_store,pos_terminal,sports,add_to_cart,79.97,0,0,not_applicable,,,False,0.0
2026-04-23 12:51:00,C00485,United Kingdom,partner_marketplace,android,home,review,64.41,0,0,not_applicable,,4.0,False,0.0
2026-04-23 12:53:00,C00433,France,mobile_app,tablet,beauty,view,39.12,0,0,not_applicable,,,False,0.0
2026-04-23 12:56:00,C00775,Netherlands,partner_marketplace,android,grocery,add_to_cart,18.47,0,0,not_applicable,,,False,0.0
2026-04-23 12:58:00,C00858,France,web,android,grocery,review,11.07,0,0,not_applicable,,4.0,False,0.0
2026-04-23 13:03:00,C00893,United Kingdom,mobile_app,android,books,view,23.51,0,0,not_applicable,,,False,0.0
2026-04-23 13:10:00,C00640,France,web,ios,electronics,view,80.6,0,0,not_applicable,,,False,0.0
2026-04-23 13:14:00,C00441,Germany,mobile_app,ios,sports,add_to_cart,23.79,0,0,not_applicable,,,False,0.0
2026-04-23 13:16:00,C00228,United Kingdom,physical_store,pos_terminal,sports,add_to_cart,29.55,0,0,not_applicable,,,False,0.0
2026-04-23 13:24:00,C00247,Germany,web,android,grocery,purchase,18.47,3,15,paid,57.0,,False,40.41
2026-04-23 13:51:00,C00133,United Kingdom,mobile_app,ios,sports,review,138.21,0,0,not_applicable,,3.0,False,0.0
2026-04-23 14:02:00,C00815,Sweden,physical_store,pos_terminal,electronics,purchase,119.67,1,15,paid,77.0,,False,104.67
2026-04-23 14:03:00,C00804,Germany,mobile_app,desktop,electronics,purchase,192.21,1,10,paid,62.0,,False,182.21
2026-04-23 14:03:00,C00484,Sweden,physical_store,pos_terminal,grocery,return,16.27,1,0,not_applicable,,,True,16.27
2026-04-23 14:22:00,C00327,Ireland,web,ios,electronics,view,176.46,0,0,not_applicable,,,False,0.0
2026-04-23 14:32:00,C00820,Sweden,physical_store,pos_terminal,home,view,47.09,0,0,not_applicable,,,False,0.0
2026-04-23 14:33:00,C00931,France,partner_marketplace,ios,fashion,view,97.67,0,0,not_applicable,,,False,0.0
2026-04-23 14:43:00,C00668,Germany,web,android,beauty,add_to_cart,40.16,0,0,not_applicable,,,False,0.0
2026-04-23 14:53:00,C00314,Germany,web,tablet,home,return,50.62,2,0,not_applicable,,,True,101.24
2026-04-23 14:57:00,C00311,Germany,mobile_app,desktop,home,purchase,69.77,1,15,paid,49.0,,False,54.77
2026-04-23 15:24:00,C00337,Germany,web,android,electronics,view,205.57,0,0,not_applicable,,,False,0.0
2026-04-23 15:36:00,C00755,United Kingdom,physical_store,pos_terminal,sports,view,60.93,0,0,not_applicable,,,False,0.0
2026-04-23 15:55:00,C00130,Ireland,mobile_app,tablet,sports,add_to_cart,45.27,0,0,not_applicable,,,False,0.0
2026-04-23 16:04:00,C00691,Sweden,mobile_app,ios,sports,purchase,74.7,1,5,paid,53.0,,False,69.7
2026-04-23 16:18:00,C00357,Netherlands,web,android,grocery,view,9.94,0,0,not_applicable,,,False,0.0
2026-04-23 16:23:00,C00321,France,partner_marketplace,,fashion,review,34.81,0,0,not_applicable,,3.0,False,0.0
2026-04-23 16:48:00,C00946,Netherlands,mobile_app,android,fashion,purchase,42.85,1,0,paid,79.0,,False,42.85
2026-04-23 16:49:00,C00218,Germany,mobile_app,android,books,view,38.41,0,0,not_applicable,,,False,0.0
2026-04-23 16:51:00,C00156,Germany,web,desktop,grocery,view,5.07,0,0,not_applicable,,,False,0.0
2026-04-23 16:59:00,C00092,Sweden,physical_store,pos_terminal,grocery,add_to_cart,7.5,0,0,not_applicable,,,False,0.0
2026-04-23 17:07:00,C00698,Germany,mobile_app,desktop,fashion,view,21.24,0,75,not_applicable,,,False,0.0
2026-04-23 17:10:00,C00203,Germany,mobile_app,tablet,electronics,add_to_cart,66.52,0,0,not_applicable,,,False,0.0
2026-04-23 17:10:00,C00092,France,web,desktop,books,view,37.59,0,0,not_applicable,,,False,0.0
2026-04-23 17:21:00,C00083,Germany,web,ios,electronics,add_to_cart,265.68,0,0,not_applicable,,,False,0.0
2026-04-23 17:40:00,C00881,Ireland,mobile_app,android,sports,review,46.78,0,0,not_applicable,,4.0,False,0.0
2026-04-23 17:40:00,C00885,Germany,web,android,fashion,purchase,31.37,1,10,failed,41.0,,False,21.37
2026-04-23 18:07:00,C00074,Germany,web,android,sports,view,19.15,0,0,not_applicable,,,False,0.0
2026-04-23 18:14:00,C00865,Sweden,mobile_app,desktop,sports,view,47.95,0,0,not_applicable,,,False,0.0
2026-04-23 18:22:00,C00285,Germany,mobile_app,ios,fashion,view,57.33,0,0,not_applicable,,,False,0.0
2026-04-23 18:26:00,C00934,Sweden,physical_store,pos_terminal,home,review,53.79,0,0,not_applicable,,3.0,False,0.0
2026-04-23 18:27:00,C00232,Sweden,physical_store,pos_terminal,home,purchase,111.03,1,0,failed,35.0,,True,111.03
2026-04-23 18:36:00,C00226,Sweden,physical_store,pos_terminal,sports,add_to_cart,42.87,0,0,not_applicable,,,False,0.0
2026-04-23 18:42:00,C00145,Germany,physical_store,pos_terminal,electronics,purchase,68.49,1,15,failed,57.0,,False,53.49
2026-04-23 19:14:00,C00740,France,web,ios,electronics,view,244.61,0,0,not_applicable,,,False,0.0
2026-04-23 19:19:00,C00877,Sweden,web,desktop,fashion,purchase,32.9,1,15,paid,80.0,,False,17.9
2026-04-23 19:36:00,C00922,France,partner_marketplace,android,sports,add_to_cart,39.39,0,0,not_applicable,,,False,0.0
2026-04-23 19:51:00,C00801,Germany,web,android,home,view,51.74,0,0,not_applicable,,,False,0.0
2026-04-23 19:52:00,C00485,United Kingdom,web,desktop,electronics,purchase,109.48,1,5,pending,61.0,,False,104.48
2026-04-23 19:57:00,C00241,Germany,physical_store,pos_terminal,electronics,view,122.83,0,0,not_applicable,,,False,0.0
2026-04-23 20:02:00,C00861,Netherlands,partner_marketplace,android,sports,view,45.97,0,0,not_applicable,,,False,0.0
2026-04-23 20:11:00,C00196,Germany,mobile_app,ios,electronics,purchase,135.96,1,5,pending,40.0,,False,130.96
2026-04-23 20:17:00,C00120,Netherlands,physical_store,pos_terminal,home,purchase,56.03,1,15,paid,66.0,,False,41.03
2026-04-23 20:23:00,C00519,Germany,web,android,sports,view,21.89,0,0,not_applicable,,,False,0.0
2026-04-23 20:32:00,C00409,Germany,partner_marketplace,desktop,books,view,13.98,0,0,not_applicable,,,False,0.0
2026-04-23 20:34:00,C00877,Germany,web,tablet,sports,purchase,42.55,1,5,paid,52.0,,False,37.55
2026-04-23 21:00:00,C00381,United Kingdom,mobile_app,android,grocery,purchase,17.87,3,30,paid,74.0,,False,23.61
2026-04-23 21:02:00,C00701,France,mobile_app,ios,grocery,purchase,26.33,4,15,paid,20.0,,False,90.32
2026-04-23 21:22:00,C00735,Germany,web,tablet,books,view,11.69,0,0,not_applicable,,,False,0.0
2026-04-23 21:36:00,C00527,United Kingdom,mobile_app,desktop,grocery,view,8.63,0,0,not_applicable,,,False,0.0
2026-04-23 21:38:00,C00253,Germany,mobile_app,android,beauty,review,23.77,0,0,not_applicable,,4.0,False,0.0
2026-04-23 21:38:00,C00851,Ireland,web,desktop,fashion,add_to_cart,112.49,0,0,not_applicable,,,False,0.0
2026-04-23 21:44:00,C00010,France,partner_marketplace,desktop,grocery,purchase,8.93,1,0,paid,79.0,,False,8.93
2026-04-23 21:57:00,C00743,,mobile_app,desktop,electronics,purchase,292.94,2,0,paid,64.0,,False,585.88
2026-04-23 22:03:00,C00181,Sweden,physical_store,pos_terminal,fashion,view,33.27,0,0,not_applicable,,,False,0.0
2026-04-23 22:03:00,C00147,United Kingdom,mobile_app,ios,electronics,purchase,607.14,1,0,paid,39.0,,False,607.14
2026-04-23 22:07:00,C00049,United Kingdom,mobile_app,android,books,add_to_cart,24.17,0,0,not_applicable,,,False,0.0
2026-04-23 22:25:00,C00870,Netherlands,web,ios,home,view,61.76,0,0,not_applicable,,,False,0.0
2026-04-23 22:29:00,C00751,Ireland,web,android,sports,view,70.96,0,0,not_applicable,,,False,0.0
2026-04-23 22:47:00,C00617,Germany,web,ios,beauty,purchase,16.62,1,15,paid,45.0,,False,1.62
2026-04-23 22:48:00,C00533,United Kingdom,physical_store,pos_terminal,fashion,review,34.03,0,0,not_applicable,,3.0,False,0.0
2026-04-23 22:48:00,C00634,Germany,partner_marketplace,android,fashion,add_to_cart,39.25,0,0,not_applicable,,,False,0.0
2026-04-23 22:51:00,C00498,Germany,partner_marketplace,ios,fashion,review,28.96,0,0,not_applicable,,4.0,False,0.0
2026-04-23 23:30:00,C00560,United Kingdom,physical_store,pos_terminal,grocery,purchase,9.74,1,0,failed,42.0,,False,9.74
2026-04-23 23:51:00,C00252,Ireland,partner_marketplace,ios,grocery,return,10.72,1,0,not_applicable,,,True,10.72
2026-04-24 00:04:00,C00350,Germany,physical_store,pos_terminal,grocery,purchase,16.64,2,10,paid,87.0,,False,23.28
2026-04-24 00:27:00,C00469,United Kingdom,mobile_app,ios,electronics,purchase,184.5,2,20,paid,84.0,,False,349.0
2026-04-24 00:33:00,C00527,United Kingdom,web,android,fashion,view,31.66,0,0,not_applicable,,,False,0.0
2026-04-24 00:34:00,C00088,Germany,web,tablet,beauty,view,19.17,0,0,not_applicable,,,False,0.0
2026-04-24 00:58:00,C00281,Ireland,partner_marketplace,tablet,books,purchase,19.65,1,20,paid,64.0,,False,0.0
2026-04-24 01:02:00,C00496,Ireland,mobile_app,ios,electronics,review,101.14,0,0,not_applicable,,3.0,False,0.0
2026-04-24 02:04:00,C00478,Netherlands,web,android,grocery,review,17.79,0,0,not_applicable,,4.0,False,0.0
2026-04-24 02:22:00,C00661,Germany,mobile_app,android,sports,view,79.74,0,0,not_applicable,,,False,0.0
2026-04-24 02:31:00,C00882,Sweden,physical_store,pos_terminal,fashion,return,19.79,1,0,not_applicable,,,True,19.79
2026-04-24 02:31:00,C00505,Sweden,web,desktop,home,purchase,133.32,2,10,paid,61.0,,False,256.64
2026-04-24 02:44:00,C00433,Germany,physical_store,pos_terminal,beauty,view,25.54,0,0,not_applicable,,,False,0.0
2026-04-24 02:45:00,C00236,Sweden,physical_store,pos_terminal,electronics,add_to_cart,120.96,0,0,not_applicable,,,False,0.0
2026-04-24 02:51:00,C00667,Germany,physical_store,pos_terminal,books,purchase,14.67,1,0,paid,58.0,,False,14.67
2026-04-24 02:51:00,C00172,Germany,web,ios,fashion,view,45.22,0,0,not_applicable,,,False,0.0
2026-04-24 03:07:00,C00883,Germany,mobile_app,android,home,return,93.83,1,0,not_applicable,,,True,93.83
2026-04-24 03:22:00,C00203,Sweden,web,tablet,electronics,view,328.9,0,0,not_applicable,,,False,0.0
2026-04-24 03:38:00,C00530,Sweden,mobile_app,ios,electronics,add_to_cart,66.3,0,0,not_applicable,,,False,0.0
2026-04-24 03:42:00,C00074,Germany,mobile_app,tablet,beauty,purchase,32.78,1,0,paid,58.0,,False,32.78
2026-04-24 03:46:00,C00703,France,partner_marketplace,android,electronics,view,119.92,0,0,not_applicable,,,False,0.0
2026-04-24 03:47:00,C00686,United Kingdom,mobile_app,android,grocery,view,16.7,0,0,not_applicable,,,False,0.0
2026-04-24 03:54:00,C00785,Sweden,physical_store,pos_terminal,electronics,view,143.73,0,0,not_applicable,,,False,0.0
2026-04-24 04:05:00,C00580,Germany,mobile_app,ios,books,return,16.06,2,0,not_applicable,,,True,32.12
2026-04-24 04:10:00,C00416,Netherlands,partner_marketplace,desktop,home,purchase,71.58,1,5,paid,57.0,,False,66.58
2026-04-24 04:17:00,C00116,Germany,partner_marketplace,desktop,electronics,add_to_cart,128.01,0,0,not_applicable,,,False,0.0
2026-04-24 04:20:00,C00033,France,web,desktop,home,add_to_cart,77.49,0,0,not_applicable,,,False,0.0
2026-04-24 04:27:00,C00947,Sweden,physical_store,pos_terminal,electronics,add_to_cart,100.79,0,0,not_applicable,,,False,0.0
2026-04-24 04:28:00,C00284,Germany,web,android,beauty,view,22.35,0,0,not_applicable,,,False,0.0
2026-04-24 04:34:00,C00248,Ireland,physical_store,pos_terminal,electronics,purchase,125.44,1,20,paid,59.0,,False,105.44
2026-04-24 04:34:00,C00718,Germany,partner_marketplace,android,fashion,view,32.86,0,0,not_applicable,,,False,0.0
2026-04-24 04:41:00,C00907,Germany,mobile_app,android,fashion,purchase,37.52,1,10,paid,42.0,,False,27.52
2026-04-24 04:50:00,C00930,United Kingdom,web,ios,beauty,add_to_cart,42.87,0,0,not_applicable,,,False,0.0
2026-04-24 05:14:00,C00063,Germany,web,tablet,grocery,view,8.31,0,0,not_applicable,,,False,0.0
2026-04-24 05:21:00,C00190,France,mobile_app,tablet,beauty,view,22.77,0,0,not_applicable,,,False,0.0
2026-04-24 05:34:00,C00876,Ireland,web,desktop,fashion,purchase,32.78,1,20,paid,97.0,,False,12.78
2026-04-24 06:19:00,C00750,Netherlands,mobile_app,ios,home,add_to_cart,83.65,0,0,not_applicable,,,False,0.0
2026-04-24 06:31:00,C00922,Germany,mobile_app,desktop,grocery,purchase,14.36,1,10,paid,5.0,,False,4.36
2026-04-24 06:32:00,C00863,United Kingdom,physical_store,pos_terminal,beauty,purchase,34.12,3,15,pending,89.0,,False,87.36
2026-04-24 06:33:00,C00515,Germany,physical_store,pos_terminal,grocery,purchase,6.16,1,0,paid,74.0,,False,6.16
2026-04-24 06:50:00,C00124,Germany,mobile_app,desktop,electronics,purchase,107.82,1,0,paid,51.0,,False,107.82
2026-04-24 06:57:00,C00877,Germany,web,tablet,beauty,purchase,24.4,1,0,paid,14.0,,False,24.4
2026-04-24 07:12:00,C00642,Germany,web,desktop,sports,purchase,132.93,1,5,paid,76.0,,False,127.93
2026-04-24 07:19:00,C00811,Netherlands,web,ios,home,purchase,31.78,2,0,paid,57.0,,False,63.56
2026-04-24 07:34:00,C00302,Germany,physical_store,pos_terminal,home,view,53.85,0,0,not_applicable,,,False,0.0
2026-04-24 07:34:00,C00359,France,web,tablet,electronics,purchase,126.55,1,0,paid,32.0,,False,126.55
2026-04-24 07:57:00,C00466,Sweden,partner_marketplace,desktop,books,add_to_cart,10.53,0,0,not_applicable,,,False,0.0
2026-04-24 08:06:00,C00540,Germany,web,android,books,add_to_cart,12.32,0,0,not_applicable,,,False,0.0
2026-04-24 08:13:00,C00308,Germany,web,android,beauty,add_to_cart,21.16,0,0,not_applicable,,,False,0.0
2026-04-24 08:15:00,C00322,United Kingdom,web,tablet,fashion,view,35.06,0,0,not_applicable,,,False,0.0
2026-04-24 08:21:00,C00268,Germany,web,android,fashion,purchase,28.74,1,10,paid,32.0,,False,18.74
2026-04-24 08:25:00,C00122,Germany,web,ios,fashion,view,49.08,0,0,not_applicable,,,False,0.0
2026-04-24 08:26:00,C00624,United Kingdom,mobile_app,desktop,books,purchase,15.94,1,15,paid,38.0,,False,0.94
2026-04-24 08:26:00,C00246,Germany,mobile_app,ios,fashion,view,39.82,0,0,not_applicable,,,False,0.0
2026-04-24 08:28:00,C00787,France,web,ios,sports,review,90.52,0,0,not_applicable,,4.0,False,0.0
2026-04-24 08:50:00,C00922,Netherlands,physical_store,pos_terminal,fashion,review,39.02,0,0,not_applicable,,2.0,False,0.0
2026-04-24 09:09:00,C00848,Germany,web,tablet,sports,purchase,42.35,2,0,paid,32.0,,False,84.7
2026-04-24 09:21:00,C00848,Germany,web,ios,electronics,view,114.89,0,0,not_applicable,,,False,0.0
2026-04-24 09:26:00,C00897,Germany,mobile_app,android,fashion,view,34.65,0,0,not_applicable,,,False,0.0
2026-04-24 09:32:00,C00518,Germany,mobile_app,desktop,books,add_to_cart,23.21,0,0,not_applicable,,,False,0.0
2026-04-24 09:58:00,C00830,France,web,android,beauty,return,32.16,1,0,not_applicable,,,True,32.16
2026-04-24 10:05:00,C00676,Germany,web,ios,grocery,purchase,12.32,2,0,paid,70.0,,False,24.64
2026-04-24 10:16:00,C00229,Germany,physical_store,pos_terminal,fashion,purchase,26.57,1,10,paid,54.0,,False,16.57
2026-04-24 10:33:00,C00221,Netherlands,web,tablet,sports,add_to_cart,38.93,0,0,not_applicable,,,False,0.0
2026-04-24 10:40:00,C00630,Germany,physical_store,pos_terminal,grocery,purchase,5.11,1,0,paid,53.0,,False,5.11
2026-04-24 11:00:00,C00531,Germany,mobile_app,desktop,fashion,review,38.2,0,0,not_applicable,,4.0,False,0.0
2026-04-24 11:19:00,C00632,Ireland,web,desktop,grocery,purchase,23.04,1,0,paid,48.0,,True,23.04
2026-04-24 11:21:00,C00445,United Kingdom,web,desktop,home,purchase,101.97,1,15,paid,53.0,,False,86.97
2026-04-24 11:29:00,C00290,Netherlands,physical_store,pos_terminal,home,view,63.59,0,0,not_applicable,,,False,0.0
2026-04-24 11:42:00,C00404,Ireland,web,android,fashion,view,43.02,0,0,not_applicable,,,False,0.0
2026-04-24 12:08:00,C00921,Sweden,partner_marketplace,android,electronics,purchase,143.16,1,0,paid,54.0,,False,143.16
2026-04-24 12:09:00,C00468,Germany,physical_store,pos_terminal,beauty,view,29.22,0,0,not_applicable,,,False,0.0
2026-04-24 12:13:00,C00165,France,web,ios,sports,view,35.17,0,0,not_applicable,,,False,0.0
2026-04-24 12:34:00,C00675,Germany,mobile_app,desktop,sports,view,36.15,0,0,not_applicable,,,False,0.0
2026-04-24 12:38:00,C00339,United Kingdom,web,desktop,electronics,purchase,249.56,1,0,paid,58.0,,False,249.56
2026-04-24 12:45:00,C00935,Germany,mobile_app,android,grocery,view,34.62,0,0,not_applicable,,,False,0.0
2026-04-24 12:48:00,C00627,United Kingdom,physical_store,pos_terminal,grocery,view,5.7,0,0,not_applicable,,,False,0.0
2026-04-24 12:49:00,C00189,United Kingdom,web,ios,electronics,purchase,182.96,2,10,paid,75.0,,False,355.92
2026-04-24 12:49:00,C00321,France,physical_store,pos_terminal,beauty,review,28.27,0,0,not_applicable,,3.0,False,0.0
2026-04-24 13:04:00,C00717,Netherlands,mobile_app,tablet,electronics,add_to_cart,62.89,0,0,not_applicable,,,False,0.0
2026-04-24 13:04:00,C00749,Germany,mobile_app,ios,grocery,purchase,5.87,2,15,paid,79.0,,False,0.0
2026-04-24 13:08:00,C00187,Germany,mobile_app,desktop,beauty,view,38.1,0,0,not_applicable,,,False,0.0
2026-04-24 13:11:00,C00874,Germany,physical_store,pos_terminal,home,purchase,48.47,1,0,paid,47.0,,False,48.47
2026-04-24 13:29:00,C00188,France,web,desktop,fashion,add_to_cart,37.16,0,0,not_applicable,,,False,0.0
2026-04-24 13:33:00,C00511,Germany,mobile_app,ios,fashion,purchase,84.89,1,10,paid,79.0,,False,74.89
2026-04-24 13:50:00,C00455,Germany,web,ios,fashion,return,90.35,1,0,not_applicable,,,True,90.35
2026-04-24 13:51:00,C00204,France,physical_store,pos_terminal,sports,view,33.84,0,0,not_applicable,,,False,0.0
2026-04-24 14:03:00,C00045,Sweden,physical_store,pos_terminal,fashion,purchase,55.37,2,0,paid,63.0,,False,110.74
2026-04-24 14:04:00,C00365,Netherlands,physical_store,pos_terminal,beauty,add_to_cart,46.13,0,0,not_applicable,,,False,0.0
2026-04-24 14:06:00,C00091,France,mobile_app,tablet,fashion,purchase,32.69,1,10,paid,55.0,,False,22.69
2026-04-24 14:09:00,C00454,Germany,mobile_app,desktop,electronics,purchase,143.39,1,5,paid,49.0,,False,138.39
2026-04-24 14:10:00,C00565,United Kingdom,web,desktop,fashion,purchase,75.12,1,10,paid,74.0,,False,65.12
2026-04-24 14:24:00,C00944,France,partner_marketplace,desktop,home,view,125.06,0,0,not_applicable,,,False,0.0
2026-04-24 14:40:00,C00438,Sweden,web,android,electronics,view,242.11,0,0,not_applicable,,,False,0.0
2026-04-24 15:21:00,C00499,Germany,web,ios,electronics,purchase,193.45,1,5,paid,91.0,,False,188.45
2026-04-24 15:41:00,C00255,Ireland,mobile_app,android,grocery,view,6.14,0,0,not_applicable,,,False,0.0
2026-04-24 15:42:00,C00128,France,mobile_app,ios,fashion,purchase,37.05,3,10,paid,46.0,,False,101.15
2026-04-24 15:42:00,C00517,Germany,web,android,grocery,view,20.77,0,0,not_applicable,,,False,0.0
2026-04-24 15:46:00,C00262,Germany,mobile_app,,home,view,56.69,0,0,not_applicable,,,False,0.0
2026-04-24 16:10:00,C00699,Sweden,web,android,beauty,purchase,47.14,2,10,pending,45.0,,False,84.28
2026-04-24 16:24:00,C00213,Germany,mobile_app,android,electronics,purchase,120.54,2,5,paid,21.0,,True,236.08
2026-04-24 16:26:00,C00406,Germany,web,ios,books,return,14.44,1,0,not_applicable,,,True,14.44
2026-04-24 16:29:00,C00486,Germany,web,ios,fashion,add_to_cart,36.93,0,0,not_applicable,,,False,0.0
2026-04-24 16:31:00,C00675,Ireland,web,ios,fashion,view,39.21,0,0,not_applicable,,,False,0.0
2026-04-24 16:36:00,C00067,Netherlands,mobile_app,android,fashion,purchase,152.12,1,0,paid,97.0,,False,152.12
2026-04-24 16:40:00,C00696,Germany,physical_store,pos_terminal,beauty,return,32.54,1,0,not_applicable,,,True,32.54
2026-04-24 16:45:00,C00046,Germany,mobile_app,ios,books,purchase,29.22,1,10,paid,21.0,,False,19.22
2026-04-24 16:53:00,C00686,Germany,partner_marketplace,desktop,grocery,purchase,9.5,1,0,paid,88.0,,False,9.5
2026-04-24 16:56:00,C00511,Germany,mobile_app,desktop,books,view,19.57,0,0,not_applicable,,,False,0.0
2026-04-24 17:02:00,C00928,Germany,physical_store,pos_terminal,books,return,13.46,2,0,not_applicable,,,True,26.92
2026-04-24 17:04:00,C00580,Ireland,web,desktop,home,add_to_cart,59.84,0,0,not_applicable,,,False,0.0
2026-04-24 17:05:00,C00828,Germany,mobile_app,ios,grocery,add_to_cart,14.53,0,0,not_applicable,,,False,0.0
2026-04-24 17:10:00,C00858,France,physical_store,pos_terminal,fashion,purchase,53.16,1,5,paid,60.0,,False,48.16
2026-04-24 17:19:00,C00621,France,mobile_app,ios,books,add_to_cart,30.58,0,0,not_applicable,,,False,0.0
2026-04-24 17:21:00,C00535,Netherlands,physical_store,pos_terminal,home,review,104.02,0,0,not_applicable,,5.0,False,0.0
2026-04-24 17:29:00,C00540,Netherlands,mobile_app,desktop,beauty,add_to_cart,12.87,0,0,not_applicable,,,False,0.0
2026-04-24 18:18:00,C00181,Germany,web,ios,electronics,add_to_cart,63.28,0,0,not_applicable,,,False,0.0
2026-04-24 18:26:00,C00247,Sweden,web,desktop,fashion,view,30.99,0,0,not_applicable,,,False,0.0
2026-04-24 18:29:00,C00155,Germany,mobile_app,android,home,view,107.3,0,0,not_applicable,,,False,0.0
2026-04-24 18:35:00,C00576,United Kingdom,mobile_app,tablet,fashion,view,95.58,0,0,not_applicable,,,False,0.0
2026-04-24 18:45:00,C00371,Sweden,web,ios,fashion,purchase,79.59,2,5,paid,66.0,,False,154.18
2026-04-24 18:50:00,C00289,Netherlands,partner_marketplace,desktop,home,purchase,78.34,1,5,paid,58.0,,False,73.34
2026-04-24 18:52:00,C00360,Ireland,web,desktop,grocery,purchase,10.97,1,5,paid,28.0,,False,5.97
2026-04-24 18:55:00,C00778,Germany,web,ios,electronics,add_to_cart,136.55,0,0,not_applicable,,,False,0.0
2026-04-24 19:05:00,C00696,Sweden,mobile_app,android,home,return,99.61,1,0,not_applicable,,,True,99.61
2026-04-24 19:18:00,C00081,Sweden,web,ios,books,view,16.78,0,0,not_applicable,,,False,0.0
2026-04-24 19:23:00,C00443,Sweden,mobile_app,android,grocery,purchase,15.6,3,0,paid,31.0,,False,46.8
2026-04-24 19:44:00,C00052,United Kingdom,mobile_app,android,grocery,purchase,14.09,1,5,paid,48.0,,False,9.09
2026-04-24 19:56:00,C00530,Netherlands,physical_store,pos_terminal,beauty,view,18.5,0,0,not_applicable,,,False,0.0
2026-04-24 20:02:00,C00700,Germany,physical_store,pos_terminal,electronics,add_to_cart,86.9,0,0,not_applicable,,,False,0.0
2026-04-24 20:03:00,C00630,Germany,mobile_app,android,beauty,review,15.67,0,0,not_applicable,,4.0,False,0.0
2026-04-24 20:12:00,C00134,Germany,partner_marketplace,ios,fashion,view,45.63,0,0,not_applicable,,,False,0.0
2026-04-24 20:13:00,C00107,Germany,mobile_app,android,electronics,return,112.56,1,0,not_applicable,,,True,112.56
2026-04-24 20:28:00,C00243,Germany,mobile_app,desktop,beauty,view,23.81,0,0,not_applicable,,,False,0.0
2026-04-24 20:52:00,C00504,Germany,web,desktop,sports,add_to_cart,34.63,0,0,not_applicable,,,False,0.0
2026-04-24 20:58:00,C00568,Germany,mobile_app,android,electronics,review,93.25,0,0,not_applicable,,5.0,False,0.0
2026-04-24 21:13:00,C00456,Ireland,web,android,grocery,view,13.95,0,0,not_applicable,,,False,0.0
2026-04-24 21:33:00,C00809,Sweden,physical_store,pos_terminal,fashion,view,28.18,0,0,not_applicable,,,False,0.0
2026-04-24 21:49:00,C00442,Germany,web,tablet,fashion,return,45.23,1,0,not_applicable,,,True,45.23
2026-04-24 21:56:00,C00029,Netherlands,physical_store,pos_terminal,grocery,add_to_cart,13.18,0,0,not_applicable,,,False,0.0
2026-04-24 22:18:00,C00729,Germany,web,ios,grocery,review,15.12,0,0,not_applicable,,4.0,False,0.0
2026-04-24 22:19:00,C00725,Sweden,web,android,home,view,79.06,0,0,not_applicable,,,False,0.0
2026-04-24 22:23:00,C00881,Ireland,physical_store,pos_terminal,electronics,return,225.75,1,0,not_applicable,,,True,225.75
2026-04-24 22:37:00,C00412,Netherlands,web,android,beauty,view,14.45,0,0,not_applicable,,,False,0.0
2026-04-24 22:38:00,C00813,Germany,partner_marketplace,desktop,grocery,purchase,6.88,2,5,paid,79.0,,False,8.76
2026-04-24 22:39:00,C00250,Germany,mobile_app,desktop,electronics,purchase,48.31,1,15,paid,30.0,,False,33.31
2026-04-24 23:09:00,C00868,,web,android,electronics,purchase,193.57,3,0,paid,66.0,,False,580.71
2026-04-24 23:15:00,C00815,Germany,mobile_app,desktop,home,purchase,60.4,2,30,paid,62.0,,False,90.8
2026-04-24 23:21:00,C00329,Netherlands,web,tablet,fashion,return,27.01,2,0,not_applicable,,,True,54.02
2026-04-24 23:32:00,C00239,Germany,web,ios,fashion,view,23.18,0,0,not_applicable,,,False,0.0
2026-04-24 23:54:00,C00442,Netherlands,web,android,beauty,purchase,19.4,1,10,paid,23.0,,False,9.4
2026-04-25 00:06:00,C00155,Germany,web,ios,sports,purchase,101.15,2,10,paid,94.0,,False,192.3
2026-04-25 00:08:00,C00630,Ireland,web,,home,purchase,22.87,2,0,paid,47.0,,False,45.74
2026-04-25 00:16:00,C00886,Sweden,web,desktop,fashion,purchase,15.68,2,0,paid,68.0,,False,31.36
2026-04-25 00:37:00,C00823,Germany,mobile_app,android,sports,purchase,77.01,2,30,paid,37.0,,False,124.02
2026-04-25 00:38:00,C00328,United Kingdom,mobile_app,android,fashion,purchase,30.67,1,10,paid,21.0,,True,20.67
2026-04-25 00:50:00,C00159,Germany,mobile_app,tablet,electronics,purchase,164.18,1,30,paid,44.0,,False,134.18
2026-04-25 00:50:00,C00382,Germany,mobile_app,ios,beauty,purchase,35.58,1,0,paid,68.0,,False,35.58
2026-04-25 01:06:00,C00461,France,web,android,fashion,purchase,66.1,1,0,paid,75.0,,False,66.1
2026-04-25 01:14:00,C00722,Netherlands,web,tablet,home,view,82.4,0,0,not_applicable,,,False,0.0
2026-04-25 01:15:00,C00921,France,web,tablet,fashion,purchase,79.65,1,0,paid,69.0,,False,79.65
2026-04-25 01:25:00,C00584,Germany,mobile_app,ios,beauty,add_to_cart,27.12,0,0,not_applicable,,,False,0.0
2026-04-25 01:44:00,C00435,Germany,web,android,home,purchase,35.6,1,10,paid,93.0,,False,25.6
2026-04-25 02:03:00,C00743,Germany,mobile_app,ios,grocery,purchase,21.71,2,20,failed,61.0,,False,23.42
2026-04-25 02:19:00,C00882,Netherlands,mobile_app,desktop,books,view,16.86,0,0,not_applicable,,,False,0.0
2026-04-25 02:21:00,C00081,United Kingdom,web,desktop,beauty,view,19.57,0,0,not_applicable,,,False,0.0
2026-04-25 02:34:00,C00068,Netherlands,web,tablet,fashion,purchase,67.03,1,5,paid,56.0,,False,62.03
2026-04-25 03:02:00,C00480,Netherlands,partner_marketplace,android,electronics,purchase,80.05,1,0,paid,145.0,,False,80.05
2026-04-25 03:21:00,C00826,Germany,mobile_app,desktop,electronics,purchase,164.69,3,15,paid,55.0,,False,479.07
2026-04-25 03:30:00,C00276,Germany,mobile_app,desktop,beauty,view,16.17,0,0,not_applicable,,,False,0.0
2026-04-25 03:30:00,C00202,United Kingdom,web,ios,beauty,add_to_cart,33.65,0,0,not_applicable,,,False,0.0
2026-04-25 03:38:00,C00877,Germany,mobile_app,tablet,beauty,view,44.61,0,0,not_applicable,,,False,0.0
2026-04-25 03:40:00,C00240,Germany,physical_store,pos_terminal,home,purchase,88.08,1,5,paid,30.0,,False,83.08
2026-04-25 03:54:00,C00583,Sweden,mobile_app,desktop,beauty,add_to_cart,16.35,0,0,not_applicable,,,False,0.0
2026-04-25 03:55:00,C00425,Germany,physical_store,pos_terminal,grocery,view,6.02,0,0,not_applicable,,,False,0.0
2026-04-25 03:58:00,C00926,United Kingdom,mobile_app,android,sports,return,67.79,2,0,not_applicable,,,True,135.58
2026-04-25 04:00:00,C00257,Netherlands,physical_store,pos_terminal,beauty,add_to_cart,34.45,0,0,not_applicable,,,False,0.0
2026-04-25 04:04:00,C00704,Sweden,web,tablet,electronics,purchase,94.34,2,0,paid,81.0,,False,188.68
2026-04-25 04:55:00,C00393,United Kingdom,mobile_app,android,electronics,add_to_cart,82.19,0,0,not_applicable,,,False,0.0
2026-04-25 05:15:00,C00612,Sweden,mobile_app,desktop,beauty,view,28.49,0,0,not_applicable,,,False,0.0
2026-04-25 05:49:00,C00424,Sweden,physical_store,pos_terminal,fashion,purchase,54.88,3,0,failed,43.0,,False,164.64
2026-04-25 05:53:00,C00790,Sweden,web,desktop,beauty,view,47.5,0,0,not_applicable,,,False,0.0
2026-04-25 05:55:00,C00429,Germany,partner_marketplace,desktop,sports,add_to_cart,48.6,0,0,not_applicable,,,False,0.0
2026-04-25 06:09:00,C00079,United Kingdom,web,desktop,grocery,view,12.45,0,0,not_applicable,,,False,0.0
2026-04-25 06:12:00,C00673,Germany,mobile_app,android,grocery,purchase,11.49,1,15,paid,60.0,,True,0.0
2026-04-25 06:24:00,C00009,Netherlands,mobile_app,android,sports,purchase,52.17,2,10,paid,62.0,,False,94.34
2026-04-25 06:24:00,C00888,France,web,desktop,grocery,purchase,14.07,1,0,paid,39.0,,False,14.07
2026-04-25 06:28:00,C00830,France,web,android,grocery,add_to_cart,24.2,0,0,not_applicable,,,False,0.0
2026-04-25 06:35:00,C00298,Ireland,mobile_app,ios,grocery,add_to_cart,16.69,0,0,not_applicable,,,False,0.0
2026-04-25 06:38:00,C00821,Netherlands,mobile_app,android,books,purchase,22.47,1,20,paid,59.0,,False,2.47
2026-04-25 06:49:00,C00737,Sweden,web,android,beauty,add_to_cart,21.0,0,0,not_applicable,,,False,0.0
2026-04-25 07:00:00,C00877,Germany,mobile_app,android,electronics,view,77.89,0,0,not_applicable,,,False,0.0
2026-04-25 07:12:00,C00399,Ireland,partner_marketplace,android,home,add_to_cart,28.9,0,0,not_applicable,,,False,0.0
2026-04-25 07:13:00,C00332,Germany,web,desktop,fashion,return,46.22,1,0,not_applicable,,,True,46.22
2026-04-25 07:15:00,C00941,Netherlands,web,ios,electronics,return,190.5,1,0,not_applicable,,,True,190.5
2026-04-25 07:22:00,C00178,United Kingdom,mobile_app,tablet,grocery,purchase,6.74,3,0,paid,87.0,,False,20.22
2026-04-25 07:38:00,C00684,United Kingdom,mobile_app,desktop,fashion,view,28.36,0,0,not_applicable,,,False,0.0
2026-04-25 07:55:00,C00571,France,web,android,electronics,view,72.58,0,60,not_applicable,,,False,0.0
2026-04-25 07:57:00,C00243,Germany,mobile_app,tablet,beauty,purchase,8.04,1,5,paid,59.0,,False,3.04
2026-04-25 08:15:00,C00805,Sweden,physical_store,pos_terminal,home,return,34.71,1,0,not_applicable,,,True,34.71
2026-04-25 08:36:00,C00772,United Kingdom,physical_store,pos_terminal,grocery,view,6.18,0,0,not_applicable,,,False,0.0
2026-04-25 08:37:00,C00509,Germany,mobile_app,ios,fashion,view,26.11,0,0,not_applicable,,,False,0.0
2026-04-25 08:42:00,C00222,Netherlands,mobile_app,desktop,electronics,purchase,106.5,1,15,paid,36.0,,False,91.5
2026-04-25 08:43:00,C00216,Germany,mobile_app,tablet,home,view,75.01,0,0,not_applicable,,,False,0.0
2026-04-25 08:53:00,C00077,Sweden,physical_store,pos_terminal,electronics,view,297.57,0,0,not_applicable,,,False,0.0
2026-04-25 09:04:00,C00832,Germany,physical_store,pos_terminal,home,purchase,70.37,1,10,paid,79.0,,False,60.37
2026-04-25 09:10:00,C00560,Ireland,partner_marketplace,tablet,beauty,purchase,18.2,4,5,pending,60.0,,False,67.8
2026-04-25 09:15:00,C00503,Ireland,web,android,home,add_to_cart,38.79,0,0,not_applicable,,,False,0.0
2026-04-25 09:27:00,C00698,Germany,mobile_app,ios,electronics,purchase,73.95,2,5,paid,59.0,,False,142.9
2026-04-25 09:27:00,C00595,Germany,mobile_app,android,electronics,view,171.53,0,0,not_applicable,,,False,0.0
2026-04-25 09:30:00,C00165,Germany,physical_store,pos_terminal,sports,review,91.55,0,0,not_applicable,,4.0,False,0.0
2026-04-25 09:35:00,C00722,Netherlands,web,tablet,fashion,purchase,24.09,1,10,paid,42.0,,False,14.09
2026-04-25 09:44:00,C00898,United Kingdom,mobile_app,ios,grocery,view,16.16,0,0,not_applicable,,,False,0.0
2026-04-25 10:04:00,C00322,Germany,physical_store,pos_terminal,beauty,review,25.38,0,0,not_applicable,,5.0,False,0.0
2026-04-25 10:12:00,C00921,Germany,physical_store,pos_terminal,grocery,purchase,6.69,1,20,paid,60.0,,False,0.0
2026-04-25 10:20:00,C00895,Sweden,web,android,beauty,view,36.79,0,0,not_applicable,,,False,0.0
2026-04-25 10:24:00,C00928,Ireland,mobile_app,ios,home,purchase,40.02,2,5,paid,68.0,,False,75.04
2026-04-25 10:26:00,C00185,Ireland,mobile_app,desktop,electronics,purchase,160.22,1,0,paid,42.0,,False,160.22
2026-04-25 10:26:00,C00108,Netherlands,physical_store,pos_terminal,sports,review,53.4,0,0,not_applicable,,5.0,False,0.0
2026-04-25 10:36:00,C00571,Germany,physical_store,pos_terminal,grocery,view,8.56,0,0,not_applicable,,,False,0.0
2026-04-25 10:57:00,C00268,Ireland,web,desktop,fashion,add_to_cart,42.35,0,0,not_applicable,,,False,0.0
2026-04-25 10:58:00,C00406,Germany,mobile_app,android,electronics,view,137.29,0,0,not_applicable,,,False,0.0
2026-04-25 11:00:00,C00155,Sweden,web,android,fashion,purchase,52.49,3,0,paid,63.0,,False,157.47
2026-04-25 11:09:00,C00821,Germany,mobile_app,tablet,electronics,add_to_cart,171.11,0,0,not_applicable,,,False,0.0
2026-04-25 11:11:00,C00657,Netherlands,web,ios,grocery,add_to_cart,8.36,0,0,not_applicable,,,False,0.0
2026-04-25 11:31:00,C00325,Netherlands,mobile_app,ios,fashion,add_to_cart,127.67,0,0,not_applicable,,,False,0.0
2026-04-25 11:39:00,C00715,Germany,physical_store,pos_terminal,beauty,view,41.24,0,0,not_applicable,,,False,0.0
2026-04-25 12:09:00,C00763,Sweden,partner_marketplace,ios,beauty,view,28.53,0,0,not_applicable,,,False,0.0
2026-04-25 12:44:00,C00026,Germany,web,desktop,electronics,purchase,127.33,1,5,paid,35.0,,False,122.33
2026-04-25 12:55:00,C00819,Germany,physical_store,pos_terminal,fashion,review,30.4,0,0,not_applicable,,2.0,False,0.0
2026-04-25 12:58:00,C00441,Germany,mobile_app,android,electronics,view,90.59,0,0,not_applicable,,,False,0.0
2026-04-25 13:40:00,C00527,Germany,partner_marketplace,ios,grocery,purchase,13.08,1,0,paid,34.0,,False,13.08
2026-04-25 13:54:00,C00230,,mobile_app,android,fashion,view,40.78,0,0,not_applicable,,,False,0.0
2026-04-25 14:13:00,C00519,United Kingdom,mobile_app,desktop,books,view,27.09,0,0,not_applicable,,,False,0.0
2026-04-25 14:15:00,C00407,Germany,mobile_app,ios,home,add_to_cart,83.5,0,0,not_applicable,,,False,0.0
2026-04-25 14:23:00,C00802,Ireland,mobile_app,android,home,add_to_cart,71.05,0,0,not_applicable,,,False,0.0
2026-04-25 14:23:00,C00772,Germany,partner_marketplace,desktop,grocery,view,18.1,0,0,not_applicable,,,False,0.0
2026-04-25 14:29:00,C00396,Netherlands,mobile_app,android,home,view,94.05,0,0,not_applicable,,,False,0.0
2026-04-25 14:33:00,C00481,Ireland,mobile_app,tablet,home,view,99.67,0,0,not_applicable,,,False,0.0
2026-04-25 14:38:00,C00433,Ireland,physical_store,pos_terminal,home,add_to_cart,178.34,0,0,not_applicable,,,False,0.0
2026-04-25 14:41:00,C00731,Sweden,web,desktop,home,return,43.94,1,0,not_applicable,,,True,43.94
2026-04-25 15:09:00,C00270,Ireland,partner_marketplace,android,fashion,purchase,34.78,2,0,paid,91.0,,False,69.56
2026-04-25 15:10:00,C00373,Germany,web,android,beauty,add_to_cart,17.09,0,0,not_applicable,,,False,0.0
2026-04-25 15:29:00,C00630,United Kingdom,mobile_app,ios,grocery,view,12.87,0,0,not_applicable,,,False,0.0
2026-04-25 15:36:00,C00905,United Kingdom,mobile_app,android,fashion,view,68.95,0,0,not_applicable,,,False,0.0
2026-04-25 15:38:00,C00835,France,web,desktop,home,purchase,54.79,2,0,paid,73.0,,False,109.58
2026-04-25 15:39:00,C00663,France,web,tablet,home,add_to_cart,38.14,0,0,not_applicable,,,False,0.0
2026-04-25 15:41:00,C00172,Ireland,mobile_app,android,fashion,purchase,36.74,2,0,paid,68.0,,False,73.48
2026-04-25 15:44:00,C00908,Ireland,partner_marketplace,ios,electronics,purchase,110.38,1,0,paid,167.0,,False,110.38
2026-04-25 15:51:00,C00140,France,mobile_app,desktop,electronics,purchase,138.58,2,5,paid,71.0,,True,272.16
2026-04-25 15:51:00,C00355,United Kingdom,physical_store,pos_terminal,fashion,review,32.8,0,0,not_applicable,,4.0,False,0.0
2026-04-25 15:57:00,C00001,Netherlands,mobile_app,desktop,electronics,view,42.31,0,0,not_applicable,,,False,0.0
2026-04-25 15:59:00,C00635,United Kingdom,partner_marketplace,android,home,view,50.45,0,0,not_applicable,,,False,0.0
2026-04-25 16:10:00,C00818,Sweden,physical_store,pos_terminal,home,view,28.84,0,0,not_applicable,,,False,0.0
2026-04-25 16:19:00,C00626,Ireland,mobile_app,ios,home,purchase,83.21,2,0,paid,65.0,,False,166.42
2026-04-25 16:28:00,C00647,Germany,web,desktop,fashion,purchase,47.21,1,20,paid,17.0,,False,27.21
2026-04-25 16:28:00,C00303,Germany,mobile_app,desktop,grocery,purchase,27.8,1,15,paid,47.0,,False,12.8
2026-04-25 16:45:00,C00798,United Kingdom,mobile_app,android,books,review,14.91,0,0,not_applicable,,3.0,False,0.0
2026-04-25 16:51:00,C00810,Germany,web,ios,sports,view,132.75,0,0,not_applicable,,,False,0.0
2026-04-25 17:05:00,C00751,Netherlands,physical_store,pos_terminal,home,add_to_cart,29.93,0,0,not_applicable,,,False,0.0
2026-04-25 17:13:00,C00173,United Kingdom,web,ios,grocery,review,11.49,0,0,not_applicable,,2.0,False,0.0
2026-04-25 17:15:00,C00494,United Kingdom,partner_marketplace,desktop,electronics,return,131.61,2,0,not_applicable,,,True,263.22
2026-04-25 17:28:00,C00401,Germany,physical_store,pos_terminal,electronics,return,95.46,1,0,not_applicable,,,True,95.46
2026-04-25 17:31:00,C00701,United Kingdom,web,ios,beauty,purchase,17.84,1,20,paid,11.0,,False,0.0
2026-04-25 17:33:00,C00050,Sweden,mobile_app,ios,fashion,add_to_cart,14.7,0,0,not_applicable,,,False,0.0
2026-04-25 17:40:00,C00860,Germany,mobile_app,android,beauty,purchase,23.73,1,0,paid,28.0,,False,23.73
2026-04-25 17:53:00,C00662,United Kingdom,web,android,beauty,view,34.58,0,0,not_applicable,,,False,0.0
2026-04-25 18:04:00,C00920,United Kingdom,partner_marketplace,ios,electronics,purchase,70.32,1,0,paid,85.0,,False,70.32
2026-04-25 18:11:00,C00341,United Kingdom,mobile_app,desktop,fashion,purchase,42.23,1,20,paid,43.0,,False,22.23
2026-04-25 18:32:00,C00541,United Kingdom,mobile_app,android,grocery,purchase,13.71,1,10,failed,63.0,,False,3.71
2026-04-25 18:40:00,C00415,Germany,mobile_app,android,home,view,61.5,0,0,not_applicable,,,False,0.0
2026-04-25 18:42:00,C00747,Germany,physical_store,pos_terminal,beauty,add_to_cart,35.81,0,0,not_applicable,,,False,0.0
2026-04-25 19:00:00,C00516,Ireland,web,android,electronics,purchase,176.25,2,20,paid,77.0,,False,332.5
2026-04-25 19:16:00,C00705,Germany,physical_store,pos_terminal,beauty,view,38.57,0,0,not_applicable,,,False,0.0
2026-04-25 19:23:00,C00528,Germany,mobile_app,android,home,purchase,55.5,4,5,paid,48.0,,False,217.0
2026-04-25 19:38:00,C00689,Netherlands,web,tablet,beauty,view,13.85,0,0,not_applicable,,,False,0.0
2026-04-25 19:53:00,C00215,Sweden,physical_store,pos_terminal,fashion,purchase,24.47,2,30,pending,49.0,,False,18.94
2026-04-25 19:55:00,C00815,Sweden,physical_store,pos_terminal,beauty,add_to_cart,25.24,0,0,not_applicable,,,False,0.0
2026-04-25 20:06:00,C00279,Germany,web,android,fashion,view,68.1,0,0,not_applicable,,,False,0.0
2026-04-25 20:17:00,C00182,Germany,web,tablet,sports,view,55.47,0,0,not_applicable,,,False,0.0
2026-04-25 20:23:00,C00524,Ireland,physical_store,pos_terminal,sports,purchase,72.03,4,10,failed,5.0,,False,278.12
2026-04-25 20:29:00,C00403,France,web,ios,beauty,purchase,45.79,1,10,paid,44.0,,False,35.79
2026-04-25 20:36:00,C00349,Germany,web,desktop,electronics,view,118.04,0,0,not_applicable,,,False,0.0
2026-04-25 20:39:00,C00061,Germany,web,ios,beauty,return,20.44,2,0,not_applicable,,,True,40.88
2026-04-25 20:40:00,C00780,Netherlands,partner_marketplace,android,fashion,review,51.96,0,0,not_applicable,,2.0,False,0.0
2026-04-25 20:42:00,C00838,Germany,mobile_app,desktop,beauty,review,24.87,0,0,not_applicable,,5.0,False,0.0
2026-04-25 20:55:00,C00611,Sweden,physical_store,pos_terminal,electronics,add_to_cart,164.95,0,0,not_applicable,,,False,0.0
2026-04-25 20:55:00,C00404,Sweden,web,android,electronics,review,440.66,0,0,not_applicable,,4.0,False,0.0
2026-04-25 21:03:00,C00319,Germany,partner_marketplace,android,beauty,view,12.91,0,0,not_applicable,,,False,0.0
2026-04-25 21:17:00,C00182,Germany,web,ios,home,view,99.64,0,0,not_applicable,,,False,0.0
2026-04-25 21:18:00,C00854,Ireland,physical_store,pos_terminal,fashion,add_to_cart,29.14,0,0,not_applicable,,,False,0.0
2026-04-25 21:34:00,C00747,Ireland,mobile_app,ios,beauty,add_to_cart,15.91,0,0,not_applicable,,,False,0.0
2026-04-25 21:46:00,C00826,United Kingdom,physical_store,pos_terminal,fashion,review,59.03,0,60,not_applicable,,4.0,False,0.0
2026-04-25 21:53:00,C00633,United Kingdom,physical_store,pos_terminal,beauty,view,23.37,0,0,not_applicable,,,False,0.0
2026-04-25 22:18:00,C00442,United Kingdom,mobile_app,ios,beauty,view,19.83,0,0,not_applicable,,,False,0.0
2026-04-25 22:19:00,C00049,Germany,mobile_app,android,electronics,view,68.69,0,0,not_applicable,,,False,0.0
2026-04-25 22:28:00,C00493,Sweden,mobile_app,android,home,add_to_cart,53.22,0,0,not_applicable,,,False,0.0
2026-04-25 22:53:00,C00116,Sweden,web,ios,fashion,add_to_cart,17.31,0,0,not_applicable,,,False,0.0
2026-04-25 22:54:00,C00606,Ireland,web,ios,home,view,38.22,0,0,not_applicable,,,False,0.0
2026-04-25 23:45:00,C00434,Germany,web,ios,books,view,30.25,0,0,not_applicable,,,False,0.0
2026-04-25 23:55:00,C00013,Germany,mobile_app,android,home,view,48.22,0,0,not_applicable,,,False,0.0
2026-04-26 00:06:00,C00518,United Kingdom,physical_store,pos_terminal,electronics,view,98.9,0,0,not_applicable,,,False,0.0
2026-04-26 00:06:00,C00833,United Kingdom,partner_marketplace,tablet,electronics,review,60.64,0,0,not_applicable,,1.0,False,0.0
2026-04-26 00:15:00,C00865,United Kingdom,physical_store,pos_terminal,fashion,add_to_cart,38.85,0,0,not_applicable,,,False,0.0
2026-04-26 00:22:00,C00193,Germany,web,desktop,fashion,review,38.41,0,0,not_applicable,,3.0,False,0.0
2026-04-26 00:43:00,C00819,Ireland,partner_marketplace,android,books,purchase,30.35,1,0,paid,35.0,,False,30.35
2026-04-26 00:54:00,C00130,Sweden,partner_marketplace,ios,grocery,purchase,13.14,1,30,paid,51.0,,False,0.0
2026-04-26 00:59:00,C00549,Sweden,web,desktop,fashion,view,40.55,0,0,not_applicable,,,False,0.0
2026-04-26 01:10:00,C00200,Netherlands,mobile_app,ios,home,purchase,133.56,1,0,paid,23.0,,False,133.56
2026-04-26 01:12:00,C00065,Germany,mobile_app,android,grocery,purchase,8.38,2,10,paid,48.0,,False,6.76
2026-04-26 01:27:00,C00605,United Kingdom,mobile_app,ios,beauty,purchase,15.71,2,5,paid,52.0,,False,26.42
2026-04-26 01:34:00,C00013,Germany,physical_store,pos_terminal,fashion,purchase,92.07,2,10,paid,84.0,,False,174.14
2026-04-26 01:37:00,C00100,Germany,web,android,grocery,add_to_cart,17.89,0,0,not_applicable,,,False,0.0
2026-04-26 01:38:00,C00869,Sweden,mobile_app,tablet,fashion,view,56.36,0,0,not_applicable,,,False,0.0
2026-04-26 01:41:00,C00677,Germany,web,desktop,fashion,purchase,29.94,1,15,paid,64.0,,False,14.94
2026-04-26 01:44:00,C00248,Germany,mobile_app,android,fashion,add_to_cart,85.72,0,0,not_applicable,,,False,0.0
2026-04-26 01:51:00,C00665,Germany,web,desktop,fashion,view,28.66,0,0,not_applicable,,,False,0.0
2026-04-26 02:02:00,C00737,Netherlands,mobile_app,desktop,grocery,view,11.2,0,0,not_applicable,,,False,0.0
2026-04-26 02:05:00,C00212,Ireland,mobile_app,desktop,beauty,add_to_cart,93.79,0,0,not_applicable,,,False,0.0
2026-04-26 02:07:00,C00669,Sweden,mobile_app,ios,sports,add_to_cart,47.63,0,0,not_applicable,,,False,0.0
2026-04-26 02:22:00,C00873,Germany,mobile_app,android,electronics,view,273.8,0,0,not_applicable,,,False,0.0
2026-04-26 02:40:00,C00031,France,web,,home,view,38.16,0,0,not_applicable,,,False,0.0
2026-04-26 02:47:00,C00753,Sweden,physical_store,pos_terminal,fashion,review,59.42,0,0,not_applicable,,4.0,False,0.0
2026-04-26 02:47:00,C00115,Ireland,mobile_app,desktop,grocery,purchase,20.64,2,0,paid,91.0,,False,41.28
2026-04-26 02:54:00,C00886,France,mobile_app,desktop,beauty,view,28.32,0,0,not_applicable,,,False,0.0
2026-04-26 02:59:00,C00482,France,mobile_app,desktop,fashion,purchase,50.3,1,0,paid,62.0,,False,50.3
2026-04-26 03:02:00,C00590,United Kingdom,partner_marketplace,android,beauty,add_to_cart,28.4,0,0,not_applicable,,,False,0.0
2026-04-26 03:09:00,C00411,Germany,physical_store,pos_terminal,grocery,add_to_cart,14.09,0,0,not_applicable,,,False,0.0
2026-04-26 03:09:00,C00420,Germany,web,android,books,review,24.41,0,0,not_applicable,,4.0,False,0.0
2026-04-26 03:12:00,C00088,Germany,web,ios,sports,review,59.81,0,0,not_applicable,,1.0,False,0.0
2026-04-26 03:12:00,C00127,Germany,mobile_app,android,electronics,view,221.57,0,0,not_applicable,,,False,0.0
2026-04-26 03:20:00,C00123,France,partner_marketplace,ios,beauty,add_to_cart,22.86,0,0,not_applicable,,,False,0.0
2026-04-26 03:30:00,C00688,Germany,web,android,beauty,purchase,32.87,2,0,paid,63.0,,False,65.74
2026-04-26 03:43:00,C00491,Germany,mobile_app,ios,fashion,purchase,51.11,1,0,paid,42.0,,False,51.11
2026-04-26 04:10:00,C00879,France,mobile_app,android,home,review,60.54,0,0,not_applicable,,5.0,False,0.0
2026-04-26 04:25:00,C00487,Ireland,partner_marketplace,android,beauty,purchase,32.72,2,10,paid,43.0,,False,55.44
2026-04-26 04:26:00,C00698,United Kingdom,partner_marketplace,ios,beauty,purchase,19.73,1,0,paid,74.0,,False,19.73
2026-04-26 04:28:00,C00004,Ireland,mobile_app,ios,fashion,view,43.37,0,0,not_applicable,,,False,0.0
2026-04-26 04:32:00,C00251,Ireland,web,android,fashion,view,33.11,0,0,not_applicable,,,False,0.0
2026-04-26 04:42:00,C00511,Ireland,physical_store,pos_terminal,sports,view,34.14,0,0,not_applicable,,,False,0.0
2026-04-26 04:54:00,C00854,France,mobile_app,android,fashion,review,20.02,0,0,not_applicable,,2.0,False,0.0
2026-04-26 04:55:00,C00178,Sweden,mobile_app,android,beauty,purchase,34.81,1,15,paid,78.0,,False,19.81
2026-04-26 05:04:00,C00044,Germany,web,ios,electronics,view,127.76,0,0,not_applicable,,,False,0.0
2026-04-26 05:12:00,C00306,United Kingdom,physical_store,pos_terminal,electronics,purchase,183.37,1,0,pending,42.0,,False,183.37
2026-04-26 05:27:00,C00583,United Kingdom,partner_marketplace,ios,beauty,purchase,29.71,1,30,paid,66.0,,False,0.0
2026-04-26 05:32:00,C00807,Germany,mobile_app,ios,home,purchase,66.7,1,10,paid,36.0,,False,56.7
2026-04-26 05:39:00,C00934,Sweden,web,ios,fashion,add_to_cart,52.67,0,0,not_applicable,,,False,0.0
2026-04-26 05:52:00,C00849,Germany,mobile_app,android,fashion,add_to_cart,75.44,0,0,not_applicable,,,False,0.0
2026-04-26 05:54:00,C00295,United Kingdom,physical_store,pos_terminal,beauty,purchase,18.59,2,10,paid,39.0,,False,27.18
2026-04-26 05:55:00,C00036,United Kingdom,physical_store,pos_terminal,grocery,purchase,7.36,1,10,paid,87.0,,False,0.0
2026-04-26 06:05:00,C00666,United Kingdom,web,ios,grocery,view,5.88,0,0,not_applicable,,,False,0.0
2026-04-26 06:09:00,C00663,United Kingdom,web,desktop,books,add_to_cart,15.4,0,0,not_applicable,,,False,0.0
2026-04-26 06:11:00,C00121,United Kingdom,physical_store,pos_terminal,home,purchase,127.2,1,0,paid,28.0,,False,127.2
2026-04-26 06:16:00,C00182,Netherlands,mobile_app,android,home,view,86.52,0,0,not_applicable,,,False,0.0
2026-04-26 06:31:00,C00900,Germany,physical_store,pos_terminal,home,add_to_cart,76.92,0,0,not_applicable,,,False,0.0
2026-04-26 06:37:00,C00005,France,web,ios,sports,view,79.48,0,0,not_applicable,,,False,0.0
2026-04-26 06:59:00,C00818,Germany,mobile_app,tablet,electronics,review,165.76,0,0,not_applicable,,2.0,False,0.0
2026-04-26 07:01:00,C00791,France,mobile_app,ios,fashion,purchase,42.41,1,5,paid,75.0,,False,37.41
2026-04-26 07:05:00,C00719,Netherlands,mobile_app,ios,electronics,return,126.8,2,0,not_applicable,,,True,253.6
2026-04-26 07:33:00,C00304,Germany,mobile_app,android,grocery,review,14.56,0,0,not_applicable,,5.0,False,0.0
2026-04-26 07:50:00,C00207,United Kingdom,mobile_app,desktop,fashion,purchase,53.54,1,0,pending,69.0,,False,53.54
2026-04-26 07:52:00,C00405,Netherlands,mobile_app,android,beauty,add_to_cart,43.21,0,0,not_applicable,,,False,0.0
2026-04-26 07:54:00,C00916,Germany,partner_marketplace,android,grocery,purchase,19.32,1,0,failed,64.0,,False,19.32
2026-04-26 08:19:00,C00372,Netherlands,mobile_app,desktop,books,add_to_cart,44.23,0,0,not_applicable,,,False,0.0
2026-04-26 08:40:00,C00113,Netherlands,physical_store,pos_terminal,books,review,9.44,0,0,not_applicable,,3.0,False,0.0
2026-04-26 08:44:00,C00667,Germany,mobile_app,desktop,electronics,review,146.81,0,0,not_applicable,,4.0,False,0.0
2026-04-26 08:47:00,C00205,Germany,physical_store,pos_terminal,electronics,return,122.86,1,0,not_applicable,,,True,122.86
2026-04-26 08:48:00,C00015,,web,desktop,home,view,119.02,0,0,not_applicable,,,False,0.0
2026-04-26 08:58:00,C00559,Germany,physical_store,pos_terminal,home,view,74.69,0,0,not_applicable,,,False,0.0
2026-04-26 08:59:00,C00645,Sweden,web,tablet,grocery,view,10.47,0,0,not_applicable,,,False,0.0
2026-04-26 09:06:00,C00662,United Kingdom,web,ios,home,return,36.67,2,0,not_applicable,,,True,73.34
2026-04-26 09:14:00,C00710,United Kingdom,physical_store,pos_terminal,fashion,view,63.78,0,0,not_applicable,,,False,0.0
2026-04-26 09:25:00,C00655,Germany,web,desktop,electronics,view,199.29,0,0,not_applicable,,,False,0.0
2026-04-26 09:33:00,C00038,United Kingdom,web,,home,view,40.84,0,0,not_applicable,,,False,0.0
2026-04-26 09:35:00,C00559,Germany,mobile_app,desktop,home,purchase,101.79,1,0,paid,47.0,,False,101.79
2026-04-26 09:52:00,C00032,United Kingdom,web,android,sports,return,34.07,1,0,not_applicable,,,True,34.07
2026-04-26 09:52:00,C00160,Sweden,partner_marketplace,desktop,electronics,view,105.52,0,0,not_applicable,,,False,0.0
2026-04-26 10:05:00,C00266,Ireland,physical_store,pos_terminal,fashion,add_to_cart,45.45,0,0,not_applicable,,,False,0.0
2026-04-26 10:06:00,C00337,Ireland,mobile_app,ios,books,purchase,10.68,1,5,paid,30.0,,True,5.68
2026-04-26 10:18:00,C00598,Netherlands,mobile_app,android,grocery,review,15.0,0,0,not_applicable,,4.0,False,0.0
2026-04-26 10:27:00,C00002,Germany,web,tablet,electronics,view,171.65,0,0,not_applicable,,,False,0.0
2026-04-26 10:34:00,C00819,Sweden,web,desktop,grocery,return,10.49,1,0,not_applicable,,,True,10.49
2026-04-26 10:47:00,C00727,France,physical_store,pos_terminal,fashion,view,52.42,0,0,not_applicable,,,False,0.0
2026-04-26 11:28:00,C00608,Sweden,web,android,fashion,return,41.46,1,0,not_applicable,,,True,41.46
2026-04-26 11:34:00,C00679,Germany,mobile_app,desktop,grocery,view,10.95,0,0,not_applicable,,,False,0.0
2026-04-26 11:34:00,C00543,United Kingdom,web,desktop,beauty,review,15.0,0,0,not_applicable,,4.0,False,0.0
2026-04-26 11:38:00,C00086,United Kingdom,partner_marketplace,desktop,books,add_to_cart,15.97,0,0,not_applicable,,,False,0.0
2026-04-26 11:40:00,C00301,Germany,partner_marketplace,tablet,home,purchase,39.77,3,10,failed,34.0,,False,109.31
2026-04-26 11:52:00,C00115,Sweden,mobile_app,android,grocery,purchase,15.96,2,0,paid,66.0,,False,31.92
2026-04-26 12:02:00,C00371,France,web,desktop,grocery,purchase,11.36,1,0,pending,24.0,,True,11.36
2026-04-26 12:02:00,C00295,Germany,web,android,books,view,29.36,0,0,not_applicable,,,False,0.0
2026-04-26 12:18:00,C00147,Netherlands,mobile_app,tablet,grocery,purchase,7.74,1,0,paid,97.0,,False,7.74
2026-04-26 12:22:00,C00917,Netherlands,web,ios,grocery,review,13.11,0,0,not_applicable,,3.0,False,0.0
2026-04-26 12:23:00,C00880,France,physical_store,pos_terminal,electronics,purchase,209.75,1,10,paid,5.0,,False,199.75
2026-04-26 12:34:00,C00188,United Kingdom,mobile_app,desktop,electronics,view,114.78,0,0,not_applicable,,,False,0.0
2026-04-26 12:54:00,C00584,Germany,mobile_app,android,beauty,view,21.61,0,0,not_applicable,,,False,0.0
2026-04-26 13:06:00,C00303,United Kingdom,mobile_app,ios,beauty,view,28.57,0,0,not_applicable,,,False,0.0
2026-04-26 13:19:00,C00574,United Kingdom,web,ios,sports,view,82.05,0,0,not_applicable,,,False,0.0
2026-04-26 13:46:00,C00886,Ireland,web,android,grocery,view,23.5,0,0,not_applicable,,,False,0.0
2026-04-26 14:15:00,C00843,Netherlands,mobile_app,tablet,home,view,109.37,0,0,not_applicable,,,False,0.0
2026-04-26 14:17:00,C00686,Germany,web,ios,home,add_to_cart,82.01,0,0,not_applicable,,,False,0.0
2026-04-26 14:19:00,C00337,United Kingdom,physical_store,pos_terminal,sports,purchase,129.6,1,0,pending,71.0,,False,129.6
2026-04-26 14:19:00,C00265,Sweden,physical_store,pos_terminal,home,view,60.92,0,0,not_applicable,,,False,0.0
2026-04-26 14:35:00,C00031,Ireland,mobile_app,desktop,electronics,return,225.39,1,0,not_applicable,,,True,225.39
2026-04-26 14:39:00,C00333,Ireland,mobile_app,ios,sports,purchase,59.82,1,5,paid,40.0,,False,54.82
2026-04-26 14:56:00,C00920,Netherlands,partner_marketplace,ios,books,purchase,12.81,3,0,paid,125.0,,False,38.43
2026-04-26 15:02:00,C00837,United Kingdom,mobile_app,android,grocery,view,7.37,0,0,not_applicable,,,False,0.0
2026-04-26 15:23:00,C00563,France,web,ios,home,review,134.29,0,0,not_applicable,,1.0,False,0.0
2026-04-26 15:43:00,C00129,Germany,partner_marketplace,ios,fashion,view,68.67,0,0,not_applicable,,,False,0.0
2026-04-26 15:43:00,C00700,Germany,mobile_app,android,sports,view,117.89,0,0,not_applicable,,,False,0.0
2026-04-26 15:49:00,C00553,Germany,web,tablet,books,review,12.35,0,0,not_applicable,,3.0,False,0.0
2026-04-26 15:50:00,C00570,Germany,mobile_app,tablet,home,add_to_cart,67.47,0,0,not_applicable,,,False,0.0
2026-04-26 15:51:00,C00870,Germany,web,tablet,fashion,return,58.29,1,0,not_applicable,,,True,58.29
2026-04-26 15:53:00,C00696,United Kingdom,web,ios,home,purchase,81.13,1,0,paid,28.0,,False,81.13
2026-04-26 15:54:00,C00122,Germany,mobile_app,tablet,fashion,purchase,34.48,1,0,pending,49.0,,False,34.48
2026-04-26 15:54:00,C00211,Germany,mobile_app,desktop,fashion,purchase,30.02,2,20,pending,59.0,,True,40.04
2026-04-26 16:14:00,C00538,Ireland,mobile_app,tablet,electronics,review,160.8,0,0,not_applicable,,3.0,False,0.0
2026-04-26 16:17:00,C00076,Germany,web,android,beauty,purchase,12.23,1,5,paid,64.0,,False,7.23
2026-04-26 16:28:00,C00708,Netherlands,mobile_app,desktop,home,purchase,52.28,3,30,paid,74.0,,False,126.84
2026-04-26 16:48:00,C00229,Sweden,web,android,fashion,purchase,58.06,2,0,paid,63.0,,False,116.12
2026-04-26 17:15:00,C00059,Germany,physical_store,pos_terminal,electronics,view,115.85,0,0,not_applicable,,,False,0.0
2026-04-26 17:24:00,C00590,Netherlands,mobile_app,ios,sports,view,77.12,0,0,not_applicable,,,False,0.0
2026-04-26 17:42:00,C00892,Germany,mobile_app,ios,sports,view,54.45,0,0,not_applicable,,,False,0.0
2026-04-26 17:58:00,C00648,Germany,mobile_app,tablet,grocery,view,21.41,0,0,not_applicable,,,False,0.0
2026-04-26 18:16:00,C00593,Germany,mobile_app,ios,sports,purchase,37.34,4,15,paid,50.0,,False,134.36
2026-04-26 18:24:00,C00256,France,mobile_app,tablet,beauty,add_to_cart,28.0,0,0,not_applicable,,,False,0.0
2026-04-26 18:27:00,C00256,Ireland,physical_store,pos_terminal,fashion,review,31.58,0,0,not_applicable,,3.0,False,0.0
2026-04-26 18:27:00,C00504,Germany,physical_store,pos_terminal,electronics,return,92.46,2,0,not_applicable,,,True,184.92
2026-04-26 18:39:00,C00310,Germany,web,ios,home,view,146.07,0,0,not_applicable,,,False,0.0
2026-04-26 18:59:00,C00894,Sweden,web,ios,home,view,37.72,0,0,not_applicable,,,False,0.0
2026-04-26 18:59:00,C00947,Germany,web,android,electronics,purchase,135.2,4,0,paid,71.0,,False,540.8
2026-04-26 19:16:00,C00118,Germany,physical_store,pos_terminal,beauty,return,28.74,1,0,not_applicable,,,True,28.74
2026-04-26 19:18:00,C00703,Germany,mobile_app,tablet,home,view,97.83,0,0,not_applicable,,,False,0.0
2026-04-26 19:38:00,C00766,Germany,web,android,grocery,purchase,10.62,1,0,paid,57.0,,False,10.62
2026-04-26 19:38:00,C00063,Germany,mobile_app,android,fashion,add_to_cart,10.03,0,0,not_applicable,,,False,0.0
2026-04-26 19:39:00,C00023,Netherlands,mobile_app,android,electronics,purchase,93.09,1,5,paid,78.0,,False,88.09
2026-04-26 19:55:00,C00141,France,mobile_app,desktop,fashion,purchase,44.36,1,0,paid,18.0,,False,44.36
2026-04-26 19:55:00,C00559,France,web,desktop,fashion,add_to_cart,48.71,0,0,not_applicable,,,False,0.0
2026-04-26 20:08:00,C00545,Germany,partner_marketplace,android,grocery,view,12.65,0,0,not_applicable,,,False,0.0
2026-04-26 20:09:00,C00423,France,mobile_app,android,books,add_to_cart,52.93,0,0,not_applicable,,,False,0.0
2026-04-26 20:10:00,C00031,Sweden,physical_store,pos_terminal,beauty,purchase,37.05,1,10,paid,94.0,,False,27.05
2026-04-26 20:33:00,C00943,Germany,physical_store,pos_terminal,beauty,add_to_cart,10.07,0,0,not_applicable,,,False,0.0
2026-04-26 20:46:00,C00519,United Kingdom,partner_marketplace,android,grocery,view,10.16,0,0,not_applicable,,,False,0.0
2026-04-26 20:59:00,C00092,France,web,ios,fashion,review,34.87,0,0,not_applicable,,3.0,False,0.0
2026-04-26 21:19:00,C00279,United Kingdom,mobile_app,ios,grocery,add_to_cart,7.6,0,0,not_applicable,,,False,0.0
2026-04-26 21:19:00,C00418,France,web,desktop,grocery,review,15.24,0,0,not_applicable,,5.0,False,0.0
2026-04-26 21:28:00,C00092,France,web,android,beauty,review,12.32,0,0,not_applicable,,4.0,False,0.0
2026-04-26 21:30:00,C00646,Netherlands,mobile_app,android,electronics,view,99.43,0,0,not_applicable,,,False,0.0
2026-04-26 21:38:00,C00337,Germany,mobile_app,ios,home,review,75.22,0,0,not_applicable,,3.0,False,0.0
2026-04-26 21:44:00,C00713,Netherlands,mobile_app,android,beauty,review,17.25,0,0,not_applicable,,3.0,False,0.0
2026-04-26 21:44:00,C00031,Germany,web,desktop,grocery,view,7.05,0,0,not_applicable,,,False,0.0
2026-04-26 21:49:00,C00124,Germany,web,android,books,view,10.34,0,0,not_applicable,,,False,0.0
2026-04-26 21:49:00,C00071,Germany,physical_store,pos_terminal,fashion,purchase,24.64,1,30,paid,93.0,,False,0.0
2026-04-26 21:52:00,C00423,Germany,mobile_app,ios,fashion,add_to_cart,55.29,0,0,not_applicable,,,False,0.0
2026-04-26 22:31:00,C00762,France,partner_marketplace,desktop,books,view,72.52,0,0,not_applicable,,,False,0.0
2026-04-26 22:31:00,C00091,United Kingdom,mobile_app,ios,fashion,view,33.45,0,0,not_applicable,,,False,0.0
2026-04-26 22:36:00,C00575,France,web,desktop,fashion,view,18.43,0,0,not_applicable,,,False,0.0
2026-04-26 22:38:00,C00539,Germany,web,desktop,fashion,purchase,26.27,1,5,paid,97.0,,False,21.27
2026-04-26 22:52:00,C00816,United Kingdom,mobile_app,ios,electronics,purchase,151.61,1,30,paid,10.0,,False,121.61
2026-04-26 23:02:00,C00473,Sweden,mobile_app,android,home,add_to_cart,88.87,0,0,not_applicable,,,False,0.0
2026-04-26 23:19:00,C00882,Germany,physical_store,pos_terminal,fashion,purchase,73.52,1,0,paid,54.0,,False,73.52
2026-04-26 23:19:00,C00395,Netherlands,mobile_app,tablet,sports,purchase,35.61,1,0,paid,85.0,,False,35.61
2026-04-26 23:23:00,C00909,United Kingdom,physical_store,pos_terminal,sports,view,85.05,0,0,not_applicable,,,False,0.0
2026-04-26 23:28:00,C00884,Netherlands,web,ios,fashion,view,39.58,0,0,not_applicable,,,False,0.0
2026-04-26 23:29:00,C00087,Germany,mobile_app,tablet,fashion,view,41.5,0,0,not_applicable,,,False,0.0
2026-04-26 23:43:00,C00158,United Kingdom,partner_marketplace,tablet,grocery,purchase,16.02,2,0,pending,33.0,,False,32.04
2026-04-26 23:51:00,C00767,Germany,physical_store,pos_terminal,fashion,add_to_cart,32.06,0,0,not_applicable,,,False,0.0
2026-04-27 00:01:00,C00649,Germany,web,desktop,electronics,return,159.86,1,0,not_applicable,,,True,159.86
2026-04-27 00:19:00,C00305,Netherlands,web,ios,grocery,add_to_cart,13.45,0,0,not_applicable,,,False,0.0
2026-04-27 00:37:00,C00314,Sweden,web,ios,sports,add_to_cart,67.27,0,0,not_applicable,,,False,0.0
2026-04-27 00:39:00,C00598,Sweden,physical_store,pos_terminal,electronics,review,178.39,0,0,not_applicable,,2.0,False,0.0
2026-04-27 00:46:00,C00800,Ireland,mobile_app,android,electronics,purchase,96.74,2,0,paid,71.0,,False,193.48
2026-04-27 01:05:00,C00445,Germany,physical_store,pos_terminal,books,view,33.19,0,0,not_applicable,,,False,0.0
2026-04-27 01:19:00,C00381,Germany,mobile_app,desktop,grocery,review,13.91,0,0,not_applicable,,2.0,False,0.0
2026-04-27 01:35:00,C00382,Netherlands,mobile_app,desktop,sports,review,82.2,0,0,not_applicable,,3.0,False,0.0
2026-04-27 01:35:00,C00762,Germany,mobile_app,desktop,electronics,purchase,124.64,1,15,paid,30.0,,False,109.64
2026-04-27 01:41:00,C00580,United Kingdom,mobile_app,tablet,grocery,purchase,6.92,3,5,paid,40.0,,False,15.76
2026-04-27 01:50:00,C00203,United Kingdom,mobile_app,android,electronics,purchase,81.98,2,0,paid,61.0,,False,163.96
2026-04-27 02:09:00,C00024,United Kingdom,web,ios,grocery,review,29.17,0,0,not_applicable,,2.0,False,0.0
2026-04-27 02:12:00,C00289,United Kingdom,web,android,beauty,purchase,39.54,2,30,paid,70.0,,False,49.08
2026-04-27 02:17:00,C00774,Germany,web,ios,grocery,view,18.03,0,0,not_applicable,,,False,0.0
2026-04-27 02:35:00,C00046,Germany,partner_marketplace,android,fashion,review,28.73,0,0,not_applicable,,4.0,False,0.0
2026-04-27 02:46:00,C00671,Germany,physical_store,pos_terminal,home,view,55.63,0,0,not_applicable,,,False,0.0
2026-04-27 02:50:00,C00896,Germany,partner_marketplace,desktop,grocery,view,22.06,0,0,not_applicable,,,False,0.0
2026-04-27 02:56:00,C00117,United Kingdom,web,ios,beauty,review,29.86,0,0,not_applicable,,3.0,False,0.0
2026-04-27 03:02:00,C00598,United Kingdom,mobile_app,ios,home,view,48.68,0,0,not_applicable,,,False,0.0
2026-04-27 03:33:00,C00860,Netherlands,partner_marketplace,desktop,fashion,view,38.62,0,0,not_applicable,,,False,0.0
2026-04-27 03:36:00,C00525,Germany,physical_store,pos_terminal,electronics,return,187.84,1,0,not_applicable,,,True,187.84
2026-04-27 03:37:00,C00342,Netherlands,physical_store,pos_terminal,electronics,purchase,141.4,1,0,paid,81.0,,False,141.4
2026-04-27 03:38:00,C00030,France,web,ios,beauty,view,29.95,0,0,not_applicable,,,False,0.0
2026-04-27 03:47:00,C00790,United Kingdom,mobile_app,android,electronics,purchase,54.94,1,0,paid,84.0,,False,54.94
2026-04-27 03:56:00,C00852,,web,tablet,fashion,add_to_cart,82.79,0,0,not_applicable,,,False,0.0
2026-04-27 03:57:00,C00904,Germany,mobile_app,android,fashion,purchase,20.66,2,5,paid,53.0,,False,36.32
2026-04-27 03:58:00,C00136,Germany,web,desktop,electronics,add_to_cart,294.64,0,0,not_applicable,,,False,0.0
2026-04-27 04:03:00,C00743,United Kingdom,mobile_app,desktop,fashion,review,44.52,0,0,not_applicable,,1.0,False,0.0
2026-04-27 04:51:00,C00570,Ireland,physical_store,pos_terminal,grocery,purchase,9.6,1,5,paid,73.0,,False,4.6
2026-04-27 04:56:00,C00080,Sweden,partner_marketplace,desktop,fashion,add_to_cart,56.55,0,0,not_applicable,,,False,0.0
2026-04-27 05:00:00,C00123,France,partner_marketplace,desktop,home,purchase,62.22,2,0,paid,73.0,,False,124.44
2026-04-27 05:14:00,C00573,Germany,partner_marketplace,ios,books,purchase,10.82,1,0,paid,62.0,,False,10.82
2026-04-27 05:18:00,C00232,Germany,mobile_app,android,grocery,review,12.58,0,0,not_applicable,,2.0,False,0.0
2026-04-27 05:20:00,C00344,Sweden,web,desktop,electronics,view,95.18,0,0,not_applicable,,,False,0.0
2026-04-27 05:21:00,C00609,Germany,partner_marketplace,android,books,view,16.29,0,0,not_applicable,,,False,0.0
2026-04-27 05:30:00,C00156,Germany,physical_store,pos_terminal,beauty,purchase,14.04,1,0,paid,15.0,,False,14.04
2026-04-27 05:33:00,C00149,Germany,web,ios,grocery,view,18.69,0,0,not_applicable,,,False,0.0
2026-04-27 05:35:00,C00065,,physical_store,pos_terminal,electronics,return,104.53,1,0,not_applicable,,,True,104.53
2026-04-27 05:45:00,C00674,Germany,web,ios,electronics,return,88.37,1,0,not_applicable,,,True,88.37
2026-04-27 05:47:00,C00844,Ireland,web,android,books,add_to_cart,12.32,0,0,not_applicable,,,False,0.0
2026-04-27 05:55:00,C00145,Netherlands,web,android,electronics,purchase,95.24,1,10,paid,42.0,,False,85.24
2026-04-27 06:08:00,C00239,United Kingdom,web,android,home,add_to_cart,139.29,0,0,not_applicable,,,False,0.0
2026-04-27 06:12:00,C00080,Germany,partner_marketplace,ios,electronics,add_to_cart,48.85,0,0,not_applicable,,,False,0.0
2026-04-27 06:14:00,C00023,Sweden,partner_marketplace,android,home,view,40.27,0,0,not_applicable,,,False,0.0
2026-04-27 06:21:00,C00043,Netherlands,web,desktop,sports,view,75.25,0,0,not_applicable,,,False,0.0
2026-04-27 06:28:00,C00730,Germany,mobile_app,ios,grocery,review,13.28,0,0,not_applicable,,5.0,False,0.0
2026-04-27 06:33:00,C00817,Germany,partner_marketplace,android,electronics,return,114.83,1,0,not_applicable,,,True,114.83
2026-04-27 06:36:00,C00680,France,web,desktop,books,view,52.81,0,0,not_applicable,,,False,0.0
2026-04-27 06:38:00,C00056,Sweden,mobile_app,ios,beauty,view,19.81,0,0,not_applicable,,,False,0.0
2026-04-27 06:52:00,C00898,,mobile_app,ios,electronics,purchase,86.41,1,10,paid,45.0,,False,76.41
2026-04-27 07:05:00,C00055,Ireland,mobile_app,desktop,sports,view,49.23,0,0,not_applicable,,,False,0.0
2026-04-27 07:21:00,C00263,Ireland,mobile_app,ios,grocery,view,7.09,0,0,not_applicable,,,False,0.0
2026-04-27 07:24:00,C00730,Germany,mobile_app,ios,electronics,purchase,164.96,2,0,paid,58.0,,False,329.92
2026-04-27 07:26:00,C00742,Ireland,partner_marketplace,ios,fashion,view,46.44,0,0,not_applicable,,,False,0.0
2026-04-27 07:29:00,C00876,Ireland,web,ios,fashion,view,24.66,0,0,not_applicable,,,False,0.0
2026-04-27 07:31:00,C00079,United Kingdom,physical_store,pos_terminal,sports,review,87.61,0,0,not_applicable,,1.0,False,0.0
2026-04-27 07:42:00,C00584,France,mobile_app,ios,electronics,purchase,128.32,2,5,paid,103.0,,False,251.64
2026-04-27 08:03:00,C00653,Germany,mobile_app,desktop,sports,view,143.66,0,0,not_applicable,,,False,0.0
2026-04-27 08:04:00,C00754,Germany,mobile_app,android,grocery,add_to_cart,17.19,0,0,not_applicable,,,False,0.0
2026-04-27 08:06:00,C00294,United Kingdom,web,ios,beauty,purchase,32.02,2,0,paid,57.0,,False,64.04
2026-04-27 08:19:00,C00362,United Kingdom,web,desktop,books,add_to_cart,15.45,0,0,not_applicable,,,False,0.0
2026-04-27 08:30:00,C00281,Sweden,mobile_app,ios,electronics,view,63.56,0,0,not_applicable,,,False,0.0
2026-04-27 08:38:00,C00506,Ireland,mobile_app,android,home,review,96.51,0,0,not_applicable,,4.0,False,0.0
2026-04-27 08:43:00,C00015,Netherlands,mobile_app,android,fashion,add_to_cart,87.63,0,0,not_applicable,,,False,0.0
2026-04-27 08:47:00,C00803,Germany,web,ios,electronics,purchase,118.32,1,0,paid,48.0,,False,118.32
2026-04-27 08:47:00,C00928,Germany,mobile_app,desktop,electronics,view,62.2,0,0,not_applicable,,,False,0.0
2026-04-27 08:55:00,C00846,Netherlands,partner_marketplace,android,home,purchase,79.92,1,5,paid,71.0,,False,74.92
2026-04-27 09:27:00,C00789,Germany,physical_store,pos_terminal,beauty,view,16.84,0,0,not_applicable,,,False,0.0
2026-04-27 09:48:00,C00808,Germany,physical_store,pos_terminal,electronics,view,190.51,0,0,not_applicable,,,False,0.0
2026-04-27 09:54:00,C00106,Germany,partner_marketplace,ios,fashion,review,28.93,0,0,not_applicable,,5.0,False,0.0
2026-04-27 10:04:00,C00944,Germany,mobile_app,android,grocery,view,8.38,0,0,not_applicable,,,False,0.0
2026-04-27 10:22:00,C00311,France,mobile_app,desktop,beauty,purchase,15.86,1,30,paid,54.0,,False,0.0
2026-04-27 10:26:00,C00173,France,web,desktop,books,add_to_cart,19.14,0,0,not_applicable,,,False,0.0
2026-04-27 10:34:00,C00597,Germany,web,android,grocery,purchase,21.79,1,10,paid,63.0,,False,11.79
2026-04-27 10:46:00,C00233,France,mobile_app,tablet,electronics,view,106.91,0,0,not_applicable,,,False,0.0
2026-04-27 10:55:00,C00892,Germany,physical_store,pos_terminal,home,review,83.35,0,0,not_applicable,,5.0,False,0.0
2026-04-27 11:10:00,C00366,Germany,web,desktop,grocery,add_to_cart,28.32,0,0,not_applicable,,,False,0.0
2026-04-27 11:21:00,C00526,Germany,mobile_app,ios,sports,view,40.55,0,0,not_applicable,,,False,0.0
2026-04-27 11:23:00,C00933,France,physical_store,pos_terminal,grocery,add_to_cart,14.56,0,0,not_applicable,,,False,0.0
2026-04-27 11:27:00,C00659,Germany,mobile_app,ios,fashion,add_to_cart,27.37,0,0,not_applicable,,,False,0.0
2026-04-27 11:32:00,C00479,United Kingdom,web,android,beauty,return,53.04,1,0,not_applicable,,,True,53.04
2026-04-27 11:35:00,C00398,Germany,mobile_app,tablet,electronics,view,134.4,0,0,not_applicable,,,False,0.0
2026-04-27 11:47:00,C00167,Ireland,web,ios,electronics,view,296.71,0,0,not_applicable,,,False,0.0
2026-04-27 12:04:00,C00918,United Kingdom,partner_marketplace,ios,home,view,69.63,0,0,not_applicable,,,False,0.0
2026-04-27 12:25:00,C00286,Germany,physical_store,pos_terminal,electronics,view,166.36,0,0,not_applicable,,,False,0.0
2026-04-27 12:29:00,C00419,Germany,physical_store,pos_terminal,sports,purchase,47.27,1,5,paid,44.0,,False,42.27
2026-04-27 12:33:00,C00234,Ireland,mobile_app,desktop,fashion,purchase,70.66,2,5,paid,47.0,,False,136.32
2026-04-27 12:45:00,C00684,Germany,web,desktop,grocery,view,11.98,0,0,not_applicable,,,False,0.0
2026-04-27 12:53:00,C00804,United Kingdom,mobile_app,tablet,fashion,view,43.54,0,0,not_applicable,,,False,0.0
2026-04-27 12:59:00,C00688,Germany,mobile_app,android,fashion,view,34.83,0,0,not_applicable,,,False,0.0
2026-04-27 13:19:00,C00402,Germany,mobile_app,ios,books,add_to_cart,13.47,0,0,not_applicable,,,False,0.0
2026-04-27 13:33:00,C00379,France,web,desktop,beauty,view,25.79,0,0,not_applicable,,,False,0.0
2026-04-27 13:34:00,C00058,Germany,web,desktop,fashion,add_to_cart,24.26,0,0,not_applicable,,,False,0.0
2026-04-27 13:38:00,C00597,Netherlands,physical_store,pos_terminal,home,review,46.13,0,0,not_applicable,,2.0,False,0.0
2026-04-27 14:01:00,C00717,United Kingdom,partner_marketplace,ios,fashion,return,43.35,1,0,not_applicable,,,True,43.35
2026-04-27 14:04:00,C00701,Netherlands,web,desktop,electronics,purchase,69.99,1,0,paid,59.0,,False,69.99
2026-04-27 14:15:00,C00698,France,mobile_app,ios,grocery,purchase,15.41,1,0,paid,51.0,,True,15.41
2026-04-27 14:24:00,C00434,United Kingdom,mobile_app,android,home,view,169.76,0,0,not_applicable,,,False,0.0
2026-04-27 14:28:00,C00186,United Kingdom,mobile_app,desktop,fashion,purchase,50.4,1,0,paid,59.0,,False,50.4
2026-04-27 14:33:00,C00037,Germany,physical_store,,fashion,purchase,38.63,1,0,paid,57.0,,False,38.63
2026-04-27 14:42:00,C00197,United Kingdom,web,android,fashion,view,79.5,0,0,not_applicable,,,False,0.0
2026-04-27 14:47:00,C00053,Sweden,web,ios,beauty,add_to_cart,13.88,0,0,not_applicable,,,False,0.0
2026-04-27 14:48:00,C00019,United Kingdom,partner_marketplace,android,grocery,view,19.98,0,0,not_applicable,,,False,0.0
2026-04-27 14:57:00,C00288,Germany,web,desktop,books,purchase,6.67,1,15,paid,88.0,,False,0.0
2026-04-27 15:11:00,C00791,France,mobile_app,android,grocery,add_to_cart,29.1,0,0,not_applicable,,,False,0.0
2026-04-27 15:25:00,C00839,Sweden,web,tablet,home,purchase,98.34,4,10,paid,23.0,,False,383.36
2026-04-27 16:09:00,C00866,Netherlands,mobile_app,ios,electronics,view,237.3,0,0,not_applicable,,,False,0.0
2026-04-27 16:09:00,C00935,Germany,mobile_app,android,electronics,view,212.02,0,0,not_applicable,,,False,0.0
2026-04-27 16:12:00,C00062,United Kingdom,physical_store,pos_terminal,home,view,63.56,0,0,not_applicable,,,False,0.0
2026-04-27 16:19:00,C00462,Germany,partner_marketplace,android,beauty,purchase,42.65,1,5,paid,43.0,,False,37.65
2026-04-27 16:23:00,C00042,Germany,physical_store,pos_terminal,fashion,purchase,62.13,1,10,paid,34.0,,False,52.13
2026-04-27 16:42:00,C00891,Germany,web,desktop,fashion,view,29.9,0,0,not_applicable,,,False,0.0
2026-04-27 16:48:00,C00783,United Kingdom,partner_marketplace,desktop,electronics,return,68.12,1,0,not_applicable,,,True,68.12
2026-04-27 17:00:00,C00388,Germany,mobile_app,tablet,fashion,view,42.7,0,0,not_applicable,,,False,0.0
2026-04-27 17:02:00,C00701,United Kingdom,physical_store,pos_terminal,books,view,33.6,0,0,not_applicable,,,False,0.0
2026-04-27 17:04:00,C00233,United Kingdom,physical_store,pos_terminal,fashion,view,26.17,0,0,not_applicable,,,False,0.0
2026-04-27 17:18:00,C00646,Germany,partner_marketplace,,electronics,view,75.1,0,0,not_applicable,,,False,0.0
2026-04-27 17:20:00,C00509,Sweden,physical_store,pos_terminal,home,add_to_cart,107.17,0,0,not_applicable,,,False,0.0
2026-04-27 17:20:00,C00925,Netherlands,physical_store,pos_terminal,grocery,view,15.99,0,0,not_applicable,,,False,0.0
2026-04-27 17:22:00,C00364,,mobile_app,ios,home,purchase,81.16,1,5,paid,41.0,,False,76.16
2026-04-27 17:23:00,C00050,United Kingdom,mobile_app,desktop,electronics,view,344.06,0,0,not_applicable,,,False,0.0
2026-04-27 17:29:00,C00146,Germany,web,ios,grocery,review,13.07,0,0,not_applicable,,3.0,False,0.0
2026-04-27 17:42:00,C00741,Sweden,physical_store,pos_terminal,home,purchase,68.74,2,5,paid,47.0,,False,132.48
2026-04-27 17:42:00,C00939,United Kingdom,web,desktop,fashion,review,87.49,0,0,not_applicable,,5.0,False,0.0
2026-04-27 17:47:00,C00395,Germany,mobile_app,android,home,purchase,79.83,1,5,paid,55.0,,False,74.83
2026-04-27 18:07:00,C00605,United Kingdom,mobile_app,ios,home,view,54.29,0,0,not_applicable,,,False,0.0
2026-04-27 18:22:00,C00333,Germany,web,android,fashion,add_to_cart,47.92,0,0,not_applicable,,,False,0.0
2026-04-27 18:22:00,C00563,France,physical_store,pos_terminal,fashion,purchase,34.25,1,0,paid,40.0,,False,34.25
2026-04-27 18:24:00,C00260,Germany,web,ios,grocery,review,12.27,0,0,not_applicable,,3.0,False,0.0
2026-04-27 18:30:00,C00780,Germany,web,desktop,home,add_to_cart,41.99,0,0,not_applicable,,,False,0.0
2026-04-27 18:30:00,C00448,Germany,mobile_app,desktop,fashion,purchase,41.18,2,0,paid,38.0,,False,82.36
2026-04-27 18:43:00,C00616,Germany,web,desktop,books,purchase,44.45,1,0,paid,53.0,,False,44.45
2026-04-27 18:44:00,C00923,Sweden,mobile_app,android,electronics,view,109.51,0,0,not_applicable,,,False,0.0
2026-04-27 18:52:00,C00210,Ireland,physical_store,pos_terminal,fashion,purchase,26.7,1,30,paid,55.0,,False,0.0
2026-04-27 18:56:00,C00183,France,web,desktop,electronics,purchase,196.16,1,0,paid,27.0,,False,196.16
2026-04-27 19:25:00,C00541,Germany,web,android,beauty,review,18.76,0,0,not_applicable,,3.0,False,0.0
2026-04-27 19:40:00,C00877,Sweden,web,android,grocery,view,8.96,0,0,not_applicable,,,False,0.0
2026-04-27 19:58:00,C00104,Germany,mobile_app,desktop,beauty,add_to_cart,12.79,0,0,not_applicable,,,False,0.0
2026-04-27 20:17:00,C00662,Germany,partner_marketplace,desktop,home,review,70.35,0,0,not_applicable,,5.0,False,0.0
2026-04-27 20:18:00,C00927,France,web,ios,sports,purchase,52.08,1,10,paid,43.0,,False,42.08
2026-04-27 20:27:00,C00423,Germany,partner_marketplace,desktop,home,add_to_cart,57.9,0,0,not_applicable,,,False,0.0
2026-04-27 20:34:00,C00935,Sweden,mobile_app,android,grocery,purchase,12.35,2,0,paid,67.0,,False,24.7
2026-04-27 20:37:00,C00341,France,web,desktop,books,add_to_cart,20.05,0,0,not_applicable,,,False,0.0
2026-04-27 21:30:00,C00897,United Kingdom,web,android,grocery,review,8.53,0,0,not_applicable,,2.0,False,0.0
2026-04-27 21:32:00,C00340,Germany,web,desktop,grocery,view,10.4,0,0,not_applicable,,,False,0.0
2026-04-27 21:40:00,C00091,Sweden,mobile_app,tablet,books,add_to_cart,24.93,0,0,not_applicable,,,False,0.0
2026-04-27 21:45:00,C00471,United Kingdom,web,android,fashion,purchase,50.1,2,0,paid,67.0,,False,100.2
2026-04-27 21:52:00,C00794,Ireland,partner_marketplace,tablet,grocery,purchase,9.77,2,15,paid,60.0,,False,4.54
2026-04-27 21:53:00,C00768,Germany,physical_store,pos_terminal,home,purchase,55.03,2,0,paid,97.0,,False,110.06
2026-04-27 22:09:00,C00064,Germany,web,ios,grocery,add_to_cart,7.68,0,0,not_applicable,,,False,0.0
2026-04-27 22:16:00,C00110,United Kingdom,web,android,sports,view,21.59,0,0,not_applicable,,,False,0.0
2026-04-27 22:20:00,C00593,Germany,web,desktop,grocery,purchase,15.73,4,10,paid,84.0,,False,52.92
2026-04-27 22:30:00,C00917,Germany,web,ios,grocery,review,10.53,0,0,not_applicable,,4.0,False,0.0
2026-04-27 22:32:00,C00609,France,mobile_app,desktop,electronics,purchase,104.06,1,5,paid,76.0,,False,99.06
2026-04-27 22:35:00,C00602,Germany,web,android,grocery,purchase,13.48,1,0,paid,89.0,,False,13.48
2026-04-27 22:43:00,C00917,Germany,mobile_app,,grocery,add_to_cart,21.06,0,0,not_applicable,,,False,0.0
2026-04-27 22:47:00,C00663,United Kingdom,physical_store,pos_terminal,fashion,view,30.21,0,0,not_applicable,,,False,0.0
2026-04-27 23:07:00,C00403,Netherlands,mobile_app,desktop,fashion,view,83.2,0,0,not_applicable,,,False,0.0
2026-04-27 23:11:00,C00550,Sweden,physical_store,pos_terminal,sports,review,37.53,0,0,not_applicable,,4.0,False,0.0
2026-04-27 23:27:00,C00731,Sweden,web,desktop,beauty,view,21.19,0,0,not_applicable,,,False,0.0
2026-04-27 23:30:00,C00298,Germany,mobile_app,android,home,view,63.49,0,0,not_applicable,,,False,0.0
2026-04-27 23:44:00,C00130,Ireland,web,desktop,fashion,view,34.9,0,0,not_applicable,,,False,0.0
2026-04-27 23:48:00,C00296,France,mobile_app,ios,fashion,purchase,30.61,2,0,paid,39.0,,False,61.22
2026-04-27 23:52:00,C00031,France,web,ios,fashion,purchase,26.23,1,30,paid,116.0,,False,0.0
2026-04-27 23:57:00,C00855,Germany,web,android,fashion,view,37.44,0,0,not_applicable,,,False,0.0
2026-04-27 23:57:00,C00822,Germany,web,android,books,review,16.89,0,0,not_applicable,,3.0,False,0.0
2026-04-28 00:15:00,C00925,United Kingdom,mobile_app,android,beauty,add_to_cart,20.78,0,0,not_applicable,,,False,0.0
2026-04-28 00:25:00,C00610,Netherlands,physical_store,pos_terminal,books,purchase,18.11,2,0,paid,43.0,,False,36.22
2026-04-28 00:27:00,C00124,United Kingdom,physical_store,pos_terminal,electronics,add_to_cart,145.17,0,0,not_applicable,,,False,0.0
2026-04-28 00:34:00,C00210,Ireland,physical_store,pos_terminal,beauty,purchase,7.14,2,0,paid,26.0,,False,14.28
2026-04-28 00:39:00,C00170,Germany,web,android,fashion,purchase,61.53,3,5,paid,72.0,,False,179.59
2026-04-28 00:41:00,C00010,Sweden,web,android,grocery,review,9.09,0,0,not_applicable,,5.0,False,0.0
2026-04-28 00:59:00,C00254,,mobile_app,ios,electronics,view,175.91,0,0,not_applicable,,,False,0.0
2026-04-28 01:15:00,C00398,Sweden,physical_store,pos_terminal,sports,view,51.04,0,0,not_applicable,,,False,0.0
2026-04-28 01:20:00,C00741,Sweden,physical_store,pos_terminal,fashion,purchase,47.3,2,10,paid,55.0,,False,84.6
2026-04-28 01:22:00,C00010,Netherlands,partner_marketplace,android,beauty,purchase,14.72,1,0,paid,67.0,,False,14.72
2026-04-28 01:24:00,C00045,Netherlands,mobile_app,ios,books,purchase,15.96,1,0,paid,53.0,,False,15.96
2026-04-28 01:36:00,C00694,United Kingdom,physical_store,pos_terminal,fashion,view,31.85,0,0,not_applicable,,,False,0.0
2026-04-28 01:40:00,C00099,Sweden,mobile_app,tablet,electronics,purchase,122.2,2,20,paid,70.0,,False,224.4
2026-04-28 02:01:00,C00314,Netherlands,mobile_app,desktop,books,purchase,11.27,2,10,failed,65.0,,False,12.54
2026-04-28 02:01:00,C00705,Germany,mobile_app,tablet,fashion,view,35.86,0,0,not_applicable,,,False,0.0
2026-04-28 02:08:00,C00903,Netherlands,web,desktop,grocery,review,11.64,0,0,not_applicable,,5.0,False,0.0
2026-04-28 02:55:00,C00052,Germany,physical_store,pos_terminal,home,purchase,79.36,1,0,pending,32.0,,False,79.36
2026-04-28 02:55:00,C00307,Ireland,web,desktop,grocery,add_to_cart,5.44,0,0,not_applicable,,,False,0.0
2026-04-28 03:26:00,C00785,United Kingdom,physical_store,pos_terminal,sports,add_to_cart,33.01,0,0,not_applicable,,,False,0.0
2026-04-28 03:30:00,C00948,Germany,web,android,home,view,69.65,0,0,not_applicable,,,False,0.0
2026-04-28 03:36:00,C00850,Ireland,web,ios,home,review,54.57,0,0,not_applicable,,5.0,False,0.0
2026-04-28 03:57:00,C00058,Sweden,mobile_app,ios,beauty,purchase,34.08,2,0,paid,24.0,,False,68.16
2026-04-28 04:01:00,C00792,France,web,android,fashion,view,19.08,0,0,not_applicable,,,False,0.0
2026-04-28 04:09:00,C00839,Germany,mobile_app,android,fashion,add_to_cart,47.14,0,0,not_applicable,,,False,0.0
2026-04-28 04:16:00,C00157,United Kingdom,physical_store,pos_terminal,home,purchase,88.4,2,5,paid,23.0,,False,171.8
2026-04-28 04:21:00,C00702,United Kingdom,web,android,books,add_to_cart,20.25,0,0,not_applicable,,,False,0.0
2026-04-28 04:29:00,C00281,Germany,physical_store,pos_terminal,grocery,add_to_cart,18.96,0,0,not_applicable,,,False,0.0
2026-04-28 04:54:00,C00095,Netherlands,physical_store,pos_terminal,fashion,view,83.67,0,0,not_applicable,,,False,0.0
2026-04-28 05:04:00,C00678,Germany,mobile_app,desktop,electronics,view,165.71,0,0,not_applicable,,,False,0.0
2026-04-28 05:04:00,C00370,France,physical_store,pos_terminal,beauty,add_to_cart,14.75,0,0,not_applicable,,,False,0.0
2026-04-28 05:08:00,C00874,United Kingdom,physical_store,pos_terminal,fashion,add_to_cart,84.5,0,0,not_applicable,,,False,0.0
2026-04-28 05:10:00,C00111,United Kingdom,physical_store,pos_terminal,electronics,purchase,126.97,2,0,paid,51.0,,False,253.94
2026-04-28 05:16:00,C00086,Germany,mobile_app,desktop,grocery,review,11.1,0,0,not_applicable,,4.0,False,0.0
2026-04-28 05:19:00,C00387,Germany,physical_store,pos_terminal,sports,add_to_cart,49.79,0,0,not_applicable,,,False,0.0
2026-04-28 05:26:00,C00505,France,web,android,fashion,view,59.48,0,0,not_applicable,,,False,0.0
2026-04-28 05:32:00,C00815,Sweden,mobile_app,desktop,home,view,75.59,0,0,not_applicable,,,False,0.0
2026-04-28 05:41:00,C00818,France,web,desktop,grocery,purchase,17.79,1,5,paid,52.0,,False,12.79
2026-04-28 06:06:00,C00281,Germany,web,android,fashion,purchase,85.71,3,10,paid,50.0,,False,247.13
2026-04-28 06:53:00,C00504,Germany,partner_marketplace,ios,grocery,purchase,9.68,1,0,paid,71.0,,False,9.68
2026-04-28 07:10:00,C00927,United Kingdom,web,ios,sports,add_to_cart,67.52,0,0,not_applicable,,,False,0.0
2026-04-28 07:11:00,C00100,Sweden,partner_marketplace,desktop,electronics,view,98.12,0,0,not_applicable,,,False,0.0
2026-04-28 07:17:00,C00280,United Kingdom,mobile_app,ios,beauty,add_to_cart,19.96,0,0,not_applicable,,,False,0.0
2026-04-28 07:26:00,C00156,United Kingdom,mobile_app,ios,fashion,purchase,70.29,1,0,failed,62.0,,False,70.29
2026-04-28 07:31:00,C00099,Germany,web,desktop,electronics,add_to_cart,157.2,0,0,not_applicable,,,False,0.0
2026-04-28 07:48:00,C00922,United Kingdom,mobile_app,desktop,home,return,107.89,1,0,not_applicable,,,True,107.89
2026-04-28 08:04:00,C00135,France,physical_store,pos_terminal,sports,add_to_cart,84.38,0,0,not_applicable,,,False,0.0
2026-04-28 08:06:00,C00122,Netherlands,web,android,grocery,purchase,10.74,3,5,paid,28.0,,False,27.22
2026-04-28 08:08:00,C00500,Germany,mobile_app,tablet,home,purchase,72.03,1,10,pending,83.0,,False,62.03
2026-04-28 08:41:00,C00850,Germany,mobile_app,desktop,electronics,purchase,108.61,1,0,paid,37.0,,False,108.61
2026-04-28 08:56:00,C00728,Ireland,partner_marketplace,android,books,add_to_cart,11.14,0,0,not_applicable,,,False,0.0
2026-04-28 09:00:00,C00332,Sweden,physical_store,pos_terminal,home,purchase,74.43,3,0,paid,56.0,,False,223.29
2026-04-28 09:12:00,C00644,,partner_marketplace,ios,grocery,purchase,10.09,1,0,paid,52.0,,False,10.09
2026-04-28 09:17:00,C00427,United Kingdom,partner_marketplace,ios,grocery,purchase,15.49,1,5,paid,87.0,,True,10.49
2026-04-28 09:24:00,C00673,Netherlands,mobile_app,ios,sports,return,55.42,1,0,not_applicable,,,True,55.42
2026-04-28 09:34:00,C00465,Germany,web,desktop,electronics,view,180.03,0,0,not_applicable,,,False,0.0
2026-04-28 09:44:00,C00593,Germany,physical_store,pos_terminal,sports,purchase,55.14,2,0,paid,56.0,,False,110.28
2026-04-28 09:46:00,C00351,Sweden,physical_store,pos_terminal,fashion,view,67.86,0,0,not_applicable,,,False,0.0
2026-04-28 10:09:00,C00540,Ireland,mobile_app,desktop,home,view,60.9,0,0,not_applicable,,,False,0.0
2026-04-28 10:20:00,C00612,Netherlands,web,android,sports,purchase,39.95,2,0,paid,75.0,,False,79.9
2026-04-28 10:21:00,C00154,Ireland,mobile_app,android,electronics,purchase,153.49,1,0,paid,66.0,,False,153.49
2026-04-28 10:25:00,C00312,Germany,mobile_app,tablet,home,view,86.79,0,0,not_applicable,,,False,0.0
2026-04-28 10:52:00,C00485,United Kingdom,physical_store,pos_terminal,sports,purchase,20.16,1,10,failed,69.0,,True,10.16
2026-04-28 11:21:00,C00630,Sweden,web,desktop,beauty,add_to_cart,21.26,0,0,not_applicable,,,False,0.0
2026-04-28 11:24:00,C00731,Germany,physical_store,pos_terminal,fashion,purchase,35.58,1,5,paid,40.0,,True,30.58
2026-04-28 11:31:00,C00665,Netherlands,physical_store,pos_terminal,electronics,add_to_cart,128.43,0,0,not_applicable,,,False,0.0
2026-04-28 11:53:00,C00099,United Kingdom,mobile_app,ios,fashion,return,67.42,1,0,not_applicable,,,True,67.42
2026-04-28 12:03:00,C00917,Germany,web,ios,beauty,view,41.59,0,0,not_applicable,,,False,0.0
2026-04-28 12:05:00,C00427,Germany,mobile_app,desktop,sports,purchase,21.69,2,10,paid,60.0,,False,33.38
2026-04-28 12:09:00,C00016,France,web,ios,electronics,add_to_cart,85.46,0,0,not_applicable,,,False,0.0
2026-04-28 12:26:00,C00684,Sweden,mobile_app,desktop,fashion,purchase,31.21,2,0,paid,46.0,,False,62.42
2026-04-28 12:34:00,C00945,Germany,web,desktop,books,view,47.17,0,0,not_applicable,,,False,0.0
2026-04-28 12:39:00,C00450,Germany,web,android,grocery,review,21.63,0,0,not_applicable,,3.0,False,0.0
2026-04-28 12:41:00,C00366,Sweden,mobile_app,ios,fashion,view,144.3,0,0,not_applicable,,,False,0.0
2026-04-28 12:53:00,C00663,Sweden,physical_store,pos_terminal,sports,view,53.01,0,0,not_applicable,,,False,0.0
2026-04-28 13:18:00,C00389,Germany,partner_marketplace,desktop,fashion,purchase,36.02,4,0,pending,119.0,,False,144.08
2026-04-28 13:34:00,C00395,United Kingdom,web,desktop,home,purchase,177.78,2,0,paid,41.0,,False,355.56
2026-04-28 14:08:00,C00491,Germany,physical_store,pos_terminal,home,add_to_cart,70.23,0,0,not_applicable,,,False,0.0
2026-04-28 14:10:00,C00481,Germany,physical_store,pos_terminal,electronics,add_to_cart,123.08,0,0,not_applicable,,,False,0.0
2026-04-28 14:16:00,C00388,Germany,mobile_app,android,electronics,purchase,197.36,3,0,paid,58.0,,True,592.08
2026-04-28 14:32:00,C00858,Ireland,mobile_app,ios,sports,add_to_cart,75.9,0,0,not_applicable,,,False,0.0
2026-04-28 14:34:00,C00395,Netherlands,physical_store,pos_terminal,fashion,return,41.33,1,0,not_applicable,,,True,41.33
2026-04-28 14:53:00,C00006,United Kingdom,partner_marketplace,ios,grocery,purchase,14.06,1,5,paid,48.0,,False,9.06
2026-04-28 15:16:00,C00748,Germany,partner_marketplace,android,electronics,purchase,83.12,1,0,paid,168.0,,False,83.12
2026-04-28 15:58:00,C00869,France,physical_store,pos_terminal,sports,purchase,64.24,1,15,paid,42.0,,False,49.24
2026-04-28 16:09:00,C00503,Germany,web,desktop,electronics,view,83.73,0,0,not_applicable,,,False,0.0
2026-04-28 16:21:00,C00031,Netherlands,physical_store,pos_terminal,fashion,review,24.29,0,0,not_applicable,,5.0,False,0.0
2026-04-28 16:35:00,C00371,United Kingdom,mobile_app,android,grocery,return,14.38,1,0,not_applicable,,,True,14.38
2026-04-28 16:36:00,C00125,United Kingdom,mobile_app,android,books,review,10.78,0,0,not_applicable,,4.0,False,0.0
2026-04-28 16:42:00,C00944,Netherlands,physical_store,pos_terminal,fashion,view,76.7,0,0,not_applicable,,,False,0.0
2026-04-28 16:43:00,C00069,Germany,mobile_app,android,beauty,add_to_cart,29.17,0,0,not_applicable,,,False,0.0
2026-04-28 16:43:00,C00088,Sweden,mobile_app,android,electronics,purchase,173.83,1,5,paid,60.0,,False,168.83
2026-04-28 17:01:00,C00579,Sweden,web,android,beauty,purchase,12.22,1,0,paid,87.0,,False,12.22
2026-04-28 17:11:00,C00105,Germany,web,desktop,sports,return,43.98,2,0,not_applicable,,,True,87.96
2026-04-28 17:13:00,C00506,Netherlands,physical_store,pos_terminal,home,return,72.56,2,0,not_applicable,,,True,145.12
2026-04-28 17:22:00,C00393,France,web,android,electronics,add_to_cart,262.9,0,0,not_applicable,,,False,0.0
2026-04-28 17:47:00,C00387,Germany,mobile_app,ios,fashion,add_to_cart,85.86,0,0,not_applicable,,,False,0.0
2026-04-28 17:48:00,C00708,Germany,web,ios,fashion,return,42.66,1,0,not_applicable,,,True,42.66
2026-04-28 18:04:00,C00386,Germany,mobile_app,ios,sports,add_to_cart,54.16,0,0,not_applicable,,,False,0.0
2026-04-28 18:10:00,C00366,Germany,partner_marketplace,desktop,sports,add_to_cart,36.42,0,0,not_applicable,,,False,0.0
2026-04-28 18:16:00,C00712,Germany,physical_store,pos_terminal,fashion,add_to_cart,113.22,0,0,not_applicable,,,False,0.0
2026-04-28 18:17:00,C00062,Germany,mobile_app,desktop,books,review,16.74,0,0,not_applicable,,2.0,False,0.0
2026-04-28 18:17:00,C00667,Germany,partner_marketplace,desktop,fashion,view,64.45,0,0,not_applicable,,,False,0.0
2026-04-28 18:26:00,C00930,Germany,physical_store,pos_terminal,fashion,view,24.43,0,0,not_applicable,,,False,0.0
2026-04-28 18:36:00,C00804,United Kingdom,mobile_app,android,fashion,add_to_cart,22.69,0,0,not_applicable,,,False,0.0
2026-04-28 18:40:00,C00557,United Kingdom,web,android,electronics,purchase,60.49,1,0,paid,59.0,,False,60.49
2026-04-28 18:55:00,C00358,Netherlands,mobile_app,desktop,home,purchase,67.78,1,0,paid,41.0,,False,67.78
2026-04-28 18:57:00,C00194,United Kingdom,physical_store,pos_terminal,electronics,purchase,141.66,2,30,paid,36.0,,False,253.32
2026-04-28 18:58:00,C00839,Germany,partner_marketplace,desktop,fashion,view,38.92,0,0,not_applicable,,,False,0.0
2026-04-28 18:59:00,C00289,United Kingdom,partner_marketplace,desktop,grocery,add_to_cart,7.19,0,0,not_applicable,,,False,0.0
2026-04-28 19:12:00,C00483,Germany,physical_store,pos_terminal,fashion,add_to_cart,38.44,0,0,not_applicable,,,False,0.0
2026-04-28 19:17:00,C00697,Germany,web,ios,books,purchase,18.05,2,5,paid,71.0,,False,31.1
2026-04-28 19:25:00,C00103,Germany,mobile_app,,grocery,purchase,10.67,2,0,paid,99.0,,False,21.34
2026-04-28 19:28:00,C00280,United Kingdom,mobile_app,android,electronics,purchase,147.05,1,0,paid,67.0,,False,147.05
2026-04-28 19:32:00,C00623,Germany,mobile_app,ios,books,add_to_cart,11.28,0,0,not_applicable,,,False,0.0
2026-04-28 19:32:00,C00474,United Kingdom,web,ios,sports,purchase,54.26,1,5,paid,40.0,,False,49.26
2026-04-28 19:34:00,C00301,Germany,physical_store,pos_terminal,beauty,purchase,30.64,2,0,failed,52.0,,False,61.28
2026-04-28 19:36:00,C00762,Ireland,physical_store,pos_terminal,electronics,add_to_cart,97.44,0,0,not_applicable,,,False,0.0
2026-04-28 19:47:00,C00499,Netherlands,web,tablet,home,purchase,101.7,1,0,failed,15.0,,False,101.7
2026-04-28 20:03:00,C00806,France,physical_store,pos_terminal,beauty,purchase,23.24,2,0,paid,66.0,,False,46.48
2026-04-28 20:06:00,C00570,France,mobile_app,ios,grocery,purchase,8.72,2,15,paid,39.0,,False,2.44
2026-04-28 20:29:00,C00768,Germany,mobile_app,desktop,electronics,add_to_cart,158.97,0,0,not_applicable,,,False,0.0
2026-04-28 20:40:00,C00411,Germany,web,tablet,sports,view,39.32,0,0,not_applicable,,,False,0.0
2026-04-28 20:56:00,C00460,Germany,mobile_app,android,electronics,review,69.88,0,0,not_applicable,,5.0,False,0.0
2026-04-28 21:00:00,C00483,Ireland,mobile_app,ios,books,view,11.58,0,0,not_applicable,,,False,0.0
2026-04-28 21:09:00,C00397,Germany,partner_marketplace,android,home,review,107.13,0,0,not_applicable,,5.0,False,0.0
2026-04-28 21:09:00,C00934,Sweden,partner_marketplace,android,beauty,add_to_cart,49.29,0,0,not_applicable,,,False,0.0
2026-04-28 21:15:00,C00234,United Kingdom,mobile_app,ios,beauty,purchase,36.95,1,0,paid,31.0,,False,36.95
2026-04-28 21:25:00,C00296,Germany,physical_store,pos_terminal,sports,add_to_cart,114.02,0,0,not_applicable,,,False,0.0
2026-04-28 22:10:00,C00280,France,web,ios,sports,purchase,103.26,1,0,paid,27.0,,False,103.26
2026-04-28 22:25:00,C00342,France,physical_store,pos_terminal,books,view,15.53,0,0,not_applicable,,,False,0.0
2026-04-28 22:31:00,C00489,Netherlands,mobile_app,desktop,home,review,69.53,0,0,not_applicable,,3.0,False,0.0
2026-04-28 23:03:00,C00396,Sweden,web,android,beauty,view,33.38,0,0,not_applicable,,,False,0.0
2026-04-28 23:03:00,C00687,United Kingdom,mobile_app,,electronics,purchase,93.85,1,0,paid,64.0,,False,93.85
2026-04-28 23:05:00,C00497,Germany,partner_marketplace,ios,fashion,return,30.21,1,0,not_applicable,,,True,30.21
2026-04-28 23:09:00,C00794,Germany,partner_marketplace,desktop,fashion,view,34.43,0,0,not_applicable,,,False,0.0
2026-04-28 23:29:00,C00292,France,web,android,sports,purchase,93.99,1,10,paid,58.0,,False,83.99
2026-04-28 23:30:00,C00441,United Kingdom,mobile_app,desktop,grocery,purchase,8.71,1,0,paid,72.0,,False,8.71
2026-04-28 23:42:00,C00539,Germany,physical_store,pos_terminal,beauty,add_to_cart,35.91,0,0,not_applicable,,,False,0.0
2026-04-28 23:45:00,C00260,Germany,physical_store,pos_terminal,books,purchase,20.53,1,10,paid,59.0,,False,10.53
2026-04-29 00:17:00,C00084,United Kingdom,mobile_app,android,fashion,review,94.67,0,0,not_applicable,,1.0,False,0.0
2026-04-29 00:23:00,C00269,Germany,physical_store,pos_terminal,fashion,view,58.99,0,0,not_applicable,,,False,0.0
2026-04-29 00:34:00,C00110,United Kingdom,mobile_app,desktop,sports,purchase,118.77,1,10,paid,47.0,,False,108.77
2026-04-29 00:38:00,C00208,Netherlands,mobile_app,tablet,fashion,view,40.37,0,0,not_applicable,,,False,0.0
2026-04-29 00:45:00,C00301,Ireland,mobile_app,desktop,books,return,11.11,1,0,not_applicable,,,True,11.11
2026-04-29 01:00:00,C00468,Germany,mobile_app,ios,home,view,60.7,0,0,not_applicable,,,False,0.0
2026-04-29 01:10:00,C00107,Germany,mobile_app,desktop,home,purchase,38.7,2,5,paid,34.0,,False,72.4
2026-04-29 01:14:00,C00928,Germany,web,desktop,books,view,14.12,0,0,not_applicable,,,False,0.0
2026-04-29 01:19:00,C00430,Ireland,physical_store,pos_terminal,fashion,view,24.17,0,0,not_applicable,,,False,0.0
2026-04-29 01:24:00,C00007,Germany,physical_store,pos_terminal,fashion,add_to_cart,80.23,0,0,not_applicable,,,False,0.0
2026-04-29 01:25:00,C00426,France,web,android,home,add_to_cart,129.07,0,0,not_applicable,,,False,0.0
2026-04-29 01:26:00,C00787,France,physical_store,pos_terminal,grocery,review,15.4,0,0,not_applicable,,2.0,False,0.0
2026-04-29 01:29:00,C00224,Germany,mobile_app,android,fashion,view,125.46,0,0,not_applicable,,,False,0.0
2026-04-29 01:32:00,C00300,Ireland,partner_marketplace,android,electronics,view,146.29,0,0,not_applicable,,,False,0.0
2026-04-29 01:38:00,C00608,Netherlands,web,desktop,beauty,add_to_cart,24.93,0,0,not_applicable,,,False,0.0
2026-04-29 01:47:00,C00490,France,web,android,electronics,review,110.73,0,0,not_applicable,,1.0,False,0.0
2026-04-29 01:54:00,C00696,Sweden,physical_store,,fashion,add_to_cart,25.88,0,0,not_applicable,,,False,0.0
2026-04-29 02:02:00,C00275,Germany,partner_marketplace,ios,fashion,add_to_cart,28.83,0,0,not_applicable,,,False,0.0
2026-04-29 02:03:00,C00128,France,mobile_app,ios,home,view,97.19,0,0,not_applicable,,,False,0.0
2026-04-29 02:06:00,C00833,Germany,mobile_app,tablet,fashion,view,39.31,0,0,not_applicable,,,False,0.0
2026-04-29 02:11:00,C00741,Sweden,mobile_app,desktop,beauty,add_to_cart,38.93,0,0,not_applicable,,,False,0.0
2026-04-29 02:17:00,C00545,Germany,physical_store,pos_terminal,sports,view,29.94,0,0,not_applicable,,,False,0.0
2026-04-29 02:29:00,C00323,Ireland,physical_store,pos_terminal,grocery,purchase,6.28,2,15,pending,88.0,,False,0.0
2026-04-29 02:30:00,C00372,Germany,physical_store,pos_terminal,beauty,view,21.94,0,0,not_applicable,,,False,0.0
2026-04-29 02:42:00,C00318,Germany,mobile_app,ios,beauty,add_to_cart,27.5,0,0,not_applicable,,,False,0.0
2026-04-29 02:52:00,C00743,France,web,tablet,electronics,view,129.71,0,0,not_applicable,,,False,0.0
2026-04-29 02:57:00,C00535,Netherlands,physical_store,pos_terminal,fashion,purchase,25.82,4,5,paid,93.0,,False,98.28
2026-04-29 03:02:00,C00512,Netherlands,web,ios,electronics,view,89.08,0,0,not_applicable,,,False,0.0
2026-04-29 03:02:00,C00501,Sweden,mobile_app,tablet,electronics,purchase,80.24,1,20,paid,50.0,,False,60.24
2026-04-29 03:18:00,C00155,Netherlands,web,android,sports,return,30.51,1,0,not_applicable,,,True,30.51
2026-04-29 03:22:00,C00862,United Kingdom,web,ios,beauty,purchase,37.08,3,0,paid,52.0,,False,111.24
2026-04-29 03:24:00,C00376,Germany,partner_marketplace,tablet,sports,view,21.6,0,0,not_applicable,,,False,0.0
2026-04-29 03:27:00,C00913,Netherlands,web,ios,beauty,purchase,17.15,1,0,paid,58.0,,False,17.15
2026-04-29 03:32:00,C00571,Germany,physical_store,pos_terminal,fashion,view,46.97,0,0,not_applicable,,,False,0.0
2026-04-29 03:36:00,C00067,United Kingdom,web,tablet,home,review,61.87,0,0,not_applicable,,3.0,False,0.0
2026-04-29 03:40:00,C00464,Germany,web,ios,grocery,add_to_cart,13.48,0,0,not_applicable,,,False,0.0
2026-04-29 03:45:00,C00521,Ireland,mobile_app,,home,purchase,73.51,3,10,paid,67.0,,False,210.53
2026-04-29 03:46:00,C00693,Netherlands,physical_store,pos_terminal,grocery,add_to_cart,7.92,0,0,not_applicable,,,False,0.0
2026-04-29 03:59:00,C00883,Germany,web,ios,home,view,78.6,0,0,not_applicable,,,False,0.0
2026-04-29 04:05:00,C00411,Germany,mobile_app,android,sports,purchase,36.06,4,5,paid,38.0,,False,139.24
2026-04-29 04:19:00,C00389,Ireland,physical_store,pos_terminal,electronics,review,137.31,0,0,not_applicable,,2.0,False,0.0
2026-04-29 04:25:00,C00165,Netherlands,mobile_app,ios,grocery,view,13.17,0,0,not_applicable,,,False,0.0
2026-04-29 04:44:00,C00259,Germany,mobile_app,tablet,electronics,purchase,60.46,1,10,pending,50.0,,False,50.46
2026-04-29 04:50:00,C00726,Germany,mobile_app,desktop,fashion,view,20.71,0,0,not_applicable,,,False,0.0
2026-04-29 04:53:00,C00600,Germany,mobile_app,ios,electronics,purchase,312.64,1,0,paid,58.0,,False,312.64
2026-04-29 05:03:00,C00191,Germany,mobile_app,android,home,return,47.52,2,0,not_applicable,,,True,95.04
2026-04-29 05:06:00,C00834,Netherlands,web,android,fashion,review,60.87,0,0,not_applicable,,2.0,False,0.0
2026-04-29 05:16:00,C00044,Germany,mobile_app,ios,grocery,view,15.55,0,0,not_applicable,,,False,0.0
2026-04-29 05:22:00,C00443,Germany,mobile_app,android,fashion,add_to_cart,73.85,0,0,not_applicable,,,False,0.0
2026-04-29 05:26:00,C00379,United Kingdom,mobile_app,ios,home,add_to_cart,92.24,0,0,not_applicable,,,False,0.0
2026-04-29 05:34:00,C00728,Sweden,web,android,grocery,add_to_cart,12.55,0,0,not_applicable,,,False,0.0
2026-04-29 05:59:00,C00519,United Kingdom,mobile_app,desktop,electronics,purchase,206.35,2,10,paid,50.0,,False,402.7
2026-04-29 06:01:00,C00608,United Kingdom,web,ios,grocery,purchase,20.34,1,15,paid,20.0,,False,5.34
2026-04-29 06:07:00,C00512,Ireland,physical_store,pos_terminal,beauty,purchase,18.52,2,5,paid,77.0,,False,32.04
2026-04-29 06:07:00,C00447,Sweden,mobile_app,desktop,grocery,purchase,6.58,1,0,paid,72.0,,False,6.58
2026-04-29 06:13:00,C00250,Germany,web,android,grocery,add_to_cart,22.12,0,0,not_applicable,,,False,0.0
2026-04-29 06:19:00,C00569,Germany,web,android,sports,return,41.32,1,0,not_applicable,,,True,41.32
2026-04-29 06:21:00,C00533,Netherlands,mobile_app,ios,home,add_to_cart,69.33,0,0,not_applicable,,,False,0.0
2026-04-29 06:24:00,C00840,France,web,desktop,grocery,purchase,7.71,3,30,paid,55.0,,False,0.0
2026-04-29 06:30:00,C00245,France,mobile_app,desktop,fashion,review,33.7,0,0,not_applicable,,4.0,False,0.0
2026-04-29 06:30:00,C00451,Sweden,mobile_app,ios,grocery,view,13.43,0,0,not_applicable,,,False,0.0
2026-04-29 06:46:00,C00606,Germany,physical_store,pos_terminal,sports,add_to_cart,117.57,0,0,not_applicable,,,False,0.0
2026-04-29 07:00:00,C00128,Netherlands,physical_store,pos_terminal,beauty,add_to_cart,25.05,0,0,not_applicable,,,False,0.0
2026-04-29 07:00:00,C00667,Germany,mobile_app,tablet,electronics,add_to_cart,108.13,0,0,not_applicable,,,False,0.0
2026-04-29 07:02:00,C00334,Germany,mobile_app,desktop,sports,add_to_cart,96.29,0,0,not_applicable,,,False,0.0
2026-04-29 07:04:00,C00882,France,web,ios,electronics,view,152.5,0,0,not_applicable,,,False,0.0
2026-04-29 07:05:00,C00723,Netherlands,web,desktop,grocery,purchase,9.45,1,30,paid,26.0,,False,0.0
2026-04-29 07:16:00,C00527,United Kingdom,mobile_app,desktop,beauty,purchase,14.83,1,10,paid,24.0,,False,4.83
2026-04-29 07:18:00,C00454,Germany,web,ios,sports,review,38.97,0,0,not_applicable,,2.0,False,0.0
2026-04-29 07:18:00,C00623,Sweden,web,ios,books,view,30.21,0,0,not_applicable,,,False,0.0
2026-04-29 07:24:00,C00425,Sweden,web,ios,home,purchase,54.81,2,5,paid,41.0,,False,104.62
2026-04-29 07:38:00,C00550,France,partner_marketplace,desktop,sports,add_to_cart,48.44,0,0,not_applicable,,,False,0.0
2026-04-29 07:46:00,C00703,United Kingdom,mobile_app,ios,electronics,add_to_cart,128.22,0,0,not_applicable,,,False,0.0
2026-04-29 07:57:00,C00020,Germany,web,ios,beauty,review,13.43,0,0,not_applicable,,3.0,False,0.0
2026-04-29 07:59:00,C00465,United Kingdom,mobile_app,tablet,home,return,170.63,2,0,not_applicable,,,True,341.26
2026-04-29 08:04:00,C00018,United Kingdom,mobile_app,android,fashion,review,65.59,0,0,not_applicable,,3.0,False,0.0
2026-04-29 08:19:00,C00679,Sweden,mobile_app,android,beauty,view,50.99,0,0,not_applicable,,,False,0.0
2026-04-29 08:23:00,C00518,United Kingdom,partner_marketplace,android,grocery,purchase,9.09,1,15,paid,54.0,,False,0.0
2026-04-29 08:27:00,C00881,Germany,mobile_app,android,fashion,view,83.39,0,0,not_applicable,,,False,0.0
2026-04-29 08:44:00,C00866,Sweden,physical_store,pos_terminal,home,purchase,53.23,3,0,failed,86.0,,False,159.69
2026-04-29 08:46:00,C00408,Germany,physical_store,pos_terminal,electronics,view,139.81,0,0,not_applicable,,,False,0.0
2026-04-29 09:01:00,C00589,Ireland,partner_marketplace,ios,electronics,purchase,102.74,2,0,paid,119.0,,False,205.48
2026-04-29 09:09:00,C00694,Netherlands,partner_marketplace,android,electronics,purchase,77.62,1,20,paid,66.0,,False,57.62
2026-04-29 09:15:00,C00485,United Kingdom,physical_store,pos_terminal,sports,review,118.11,0,0,not_applicable,,4.0,False,0.0
2026-04-29 09:19:00,C00810,Germany,partner_marketplace,android,sports,return,35.9,1,0,not_applicable,,,True,35.9
2026-04-29 09:34:00,C00200,United Kingdom,web,desktop,books,review,17.86,0,0,not_applicable,,1.0,False,0.0
2026-04-29 09:36:00,C00372,France,physical_store,pos_terminal,fashion,review,33.15,0,0,not_applicable,,5.0,False,0.0
2026-04-29 09:46:00,C00092,Germany,physical_store,pos_terminal,fashion,view,42.35,0,0,not_applicable,,,False,0.0
2026-04-29 09:55:00,C00530,Germany,mobile_app,android,beauty,purchase,10.49,1,15,paid,27.0,,False,0.0
2026-04-29 10:05:00,C00150,Germany,mobile_app,ios,fashion,view,35.82,0,0,not_applicable,,,False,0.0
2026-04-29 10:07:00,C00758,Germany,web,desktop,electronics,view,94.97,0,0,not_applicable,,,False,0.0
2026-04-29 10:08:00,C00076,Germany,physical_store,pos_terminal,home,view,105.1,0,0,not_applicable,,,False,0.0
2026-04-29 10:19:00,C00613,Germany,mobile_app,ios,electronics,review,101.73,0,0,not_applicable,,2.0,False,0.0
2026-04-29 10:33:00,C00442,Germany,mobile_app,android,home,view,81.37,0,0,not_applicable,,,False,0.0
2026-04-29 10:41:00,C00083,Germany,mobile_app,ios,books,add_to_cart,35.6,0,0,not_applicable,,,False,0.0
2026-04-29 10:43:00,C00507,United Kingdom,web,ios,electronics,purchase,48.35,3,0,paid,46.0,,False,145.05
2026-04-29 10:43:00,C00159,Sweden,physical_store,pos_terminal,fashion,review,63.24,0,0,not_applicable,,2.0,False,0.0
2026-04-29 10:48:00,C00039,Germany,partner_marketplace,ios,grocery,add_to_cart,13.32,0,0,not_applicable,,,False,0.0
2026-04-29 11:33:00,C00186,Sweden,web,ios,fashion,purchase,95.1,1,5,paid,12.0,,False,90.1
2026-04-29 11:40:00,C00607,France,mobile_app,ios,electronics,view,113.53,0,0,not_applicable,,,False,0.0
2026-04-29 11:45:00,C00784,United Kingdom,mobile_app,android,grocery,purchase,11.63,3,5,paid,45.0,,False,29.89
2026-04-29 11:46:00,C00672,Ireland,mobile_app,android,fashion,purchase,37.53,2,20,paid,30.0,,False,55.06
2026-04-29 11:46:00,C00845,Germany,web,desktop,fashion,review,70.04,0,0,not_applicable,,3.0,False,0.0
2026-04-29 12:03:00,C00680,Germany,partner_marketplace,tablet,grocery,review,27.45,0,0,not_applicable,,4.0,False,0.0
2026-04-29 12:06:00,C00224,Germany,web,ios,home,return,78.83,1,0,not_applicable,,,True,78.83
2026-04-29 12:15:00,C00086,France,mobile_app,ios,sports,purchase,52.8,1,15,paid,53.0,,True,37.8
2026-04-29 12:41:00,C00518,Germany,web,ios,electronics,purchase,164.91,2,20,paid,45.0,,False,309.82
2026-04-29 12:47:00,C00568,Germany,physical_store,pos_terminal,electronics,view,50.15,0,0,not_applicable,,,False,0.0
2026-04-29 12:49:00,C00281,Germany,physical_store,pos_terminal,books,view,19.5,0,0,not_applicable,,,False,0.0
2026-04-29 12:58:00,C00755,United Kingdom,partner_marketplace,ios,sports,add_to_cart,31.52,0,0,not_applicable,,,False,0.0
2026-04-29 13:04:00,C00856,France,partner_marketplace,android,fashion,purchase,58.58,2,10,paid,52.0,,False,107.16
2026-04-29 13:12:00,C00208,Germany,physical_store,pos_terminal,beauty,view,39.72,0,0,not_applicable,,,False,0.0
2026-04-29 13:16:00,C00919,Netherlands,physical_store,pos_terminal,electronics,add_to_cart,88.7,0,0,not_applicable,,,False,0.0
2026-04-29 13:22:00,C00311,Germany,web,android,fashion,review,39.51,0,0,not_applicable,,3.0,False,0.0
2026-04-29 13:25:00,C00167,Germany,web,ios,books,add_to_cart,9.64,0,0,not_applicable,,,False,0.0
2026-04-29 13:26:00,C00014,Germany,physical_store,pos_terminal,fashion,add_to_cart,56.02,0,0,not_applicable,,,False,0.0
2026-04-29 13:27:00,C00372,Germany,partner_marketplace,ios,fashion,add_to_cart,71.89,0,0,not_applicable,,,False,0.0
2026-04-29 13:28:00,C00476,United Kingdom,mobile_app,android,books,purchase,12.92,1,0,paid,46.0,,False,12.92
2026-04-29 13:36:00,C00649,United Kingdom,mobile_app,ios,grocery,view,6.16,0,0,not_applicable,,,False,0.0
2026-04-29 13:38:00,C00947,Ireland,mobile_app,desktop,fashion,purchase,73.25,3,30,paid,93.0,,False,189.75
2026-04-29 13:43:00,C00607,Germany,web,android,fashion,purchase,39.41,2,20,paid,62.0,,False,58.82
2026-04-29 13:52:00,C00254,Germany,mobile_app,android,grocery,review,21.11,0,0,not_applicable,,4.0,False,0.0
2026-04-29 13:56:00,C00011,Netherlands,mobile_app,android,books,add_to_cart,22.43,0,0,not_applicable,,,False,0.0
2026-04-29 14:07:00,C00903,Ireland,mobile_app,android,fashion,purchase,39.31,1,5,paid,42.0,,False,34.31
2026-04-29 14:14:00,C00746,Germany,physical_store,pos_terminal,home,purchase,66.46,1,15,paid,7.0,,False,51.46
2026-04-29 14:17:00,C00791,Germany,web,desktop,electronics,add_to_cart,155.2,0,0,not_applicable,,,False,0.0
2026-04-29 14:40:00,C00584,Ireland,mobile_app,ios,grocery,view,10.14,0,0,not_applicable,,,False,0.0
2026-04-29 14:50:00,C00657,Ireland,physical_store,pos_terminal,books,purchase,27.8,1,10,paid,87.0,,False,17.8
2026-04-29 14:54:00,C00087,Germany,mobile_app,desktop,grocery,view,8.2,0,0,not_applicable,,,False,0.0
2026-04-29 15:05:00,C00278,Germany,mobile_app,ios,fashion,purchase,43.11,1,0,paid,71.0,,False,43.11
2026-04-29 15:22:00,C00069,,mobile_app,tablet,grocery,review,20.66,0,0,not_applicable,,3.0,False,0.0
2026-04-29 15:32:00,C00112,Germany,mobile_app,ios,sports,purchase,69.62,3,5,paid,59.0,,False,203.86
2026-04-29 15:41:00,C00412,France,mobile_app,android,fashion,purchase,144.16,1,0,paid,69.0,,False,144.16
2026-04-29 15:56:00,C00944,Germany,mobile_app,ios,fashion,view,39.74,0,0,not_applicable,,,False,0.0
2026-04-29 15:59:00,C00679,United Kingdom,web,ios,grocery,purchase,8.24,1,10,paid,37.0,,False,0.0
2026-04-29 16:01:00,C00903,Germany,web,ios,grocery,purchase,12.45,1,10,paid,30.0,,False,2.45
2026-04-29 16:03:00,C00691,France,web,desktop,sports,purchase,32.52,1,15,paid,115.0,,False,17.52
2026-04-29 16:20:00,C00697,Germany,mobile_app,tablet,sports,return,33.27,1,0,not_applicable,,,True,33.27
2026-04-29 16:37:00,C00850,Ireland,physical_store,pos_terminal,fashion,purchase,71.62,1,0,paid,75.0,,False,71.62
2026-04-29 16:48:00,C00668,Germany,physical_store,pos_terminal,electronics,purchase,169.18,1,0,paid,42.0,,False,169.18
2026-04-29 16:50:00,C00719,Netherlands,physical_store,pos_terminal,electronics,review,199.55,0,0,not_applicable,,5.0,False,0.0
2026-04-29 16:57:00,C00069,Germany,physical_store,pos_terminal,beauty,view,21.78,0,0,not_applicable,,,False,0.0
2026-04-29 17:03:00,C00585,Sweden,physical_store,pos_terminal,fashion,purchase,59.02,1,15,paid,48.0,,False,44.02
2026-04-29 17:35:00,C00080,Ireland,mobile_app,desktop,electronics,review,209.01,0,0,not_applicable,,3.0,False,0.0
2026-04-29 17:47:00,C00574,United Kingdom,mobile_app,android,books,purchase,13.83,1,0,paid,25.0,,False,13.83
2026-04-29 17:49:00,C00167,Germany,physical_store,pos_terminal,electronics,purchase,67.61,2,30,paid,65.0,,False,105.22
2026-04-29 17:53:00,C00121,United Kingdom,mobile_app,tablet,books,add_to_cart,33.1,0,0,not_applicable,,,False,0.0
2026-04-29 18:01:00,C00159,Germany,physical_store,pos_terminal,electronics,add_to_cart,72.67,0,0,not_applicable,,,False,0.0
2026-04-29 18:01:00,C00024,France,web,desktop,fashion,purchase,42.35,1,10,paid,39.0,,False,32.35
2026-04-29 18:12:00,C00199,Netherlands,mobile_app,android,home,purchase,32.27,2,0,paid,40.0,,False,64.54
2026-04-29 18:32:00,C00505,United Kingdom,web,android,beauty,add_to_cart,64.35,0,0,not_applicable,,,False,0.0
2026-04-29 18:37:00,C00626,Ireland,mobile_app,android,beauty,purchase,27.13,1,30,paid,48.0,,False,0.0
2026-04-29 18:49:00,C00286,Germany,physical_store,pos_terminal,fashion,view,46.27,0,0,not_applicable,,,False,0.0
2026-04-29 19:00:00,C00684,United Kingdom,mobile_app,,fashion,review,34.19,0,0,not_applicable,,4.0,False,0.0
2026-04-29 19:17:00,C00576,France,physical_store,pos_terminal,home,view,47.31,0,0,not_applicable,,,False,0.0
2026-04-29 19:18:00,C00330,Ireland,web,ios,home,review,94.07,0,0,not_applicable,,5.0,False,0.0
2026-04-29 19:27:00,C00548,United Kingdom,mobile_app,desktop,fashion,purchase,51.15,1,0,paid,43.0,,False,51.15
2026-04-29 19:30:00,C00591,,physical_store,pos_terminal,grocery,view,10.77,0,0,not_applicable,,,False,0.0
2026-04-29 19:44:00,C00310,Netherlands,web,desktop,grocery,view,9.28,0,0,not_applicable,,,False,0.0
2026-04-29 19:46:00,C00629,France,web,ios,electronics,view,86.73,0,0,not_applicable,,,False,0.0
2026-04-29 19:54:00,C00784,Germany,mobile_app,desktop,grocery,view,13.01,0,0,not_applicable,,,False,0.0
2026-04-29 20:05:00,C00840,Germany,mobile_app,android,fashion,purchase,71.12,1,15,paid,57.0,,False,56.12
2026-04-29 20:32:00,C00271,Sweden,mobile_app,desktop,books,purchase,25.7,2,10,paid,50.0,,False,41.4
2026-04-29 20:42:00,C00183,Germany,web,android,sports,purchase,73.48,2,0,paid,54.0,,False,146.96
2026-04-29 20:51:00,C00855,Germany,mobile_app,android,fashion,purchase,114.29,1,10,paid,18.0,,False,104.29
2026-04-29 20:51:00,C00101,United Kingdom,physical_store,pos_terminal,fashion,view,45.33,0,0,not_applicable,,,False,0.0
2026-04-29 20:59:00,C00289,Germany,web,desktop,beauty,purchase,14.69,3,15,paid,59.0,,False,29.07
2026-04-29 21:06:00,C00728,Ireland,mobile_app,desktop,beauty,add_to_cart,13.06,0,0,not_applicable,,,False,0.0
2026-04-29 21:06:00,C00032,Germany,physical_store,pos_terminal,electronics,purchase,163.99,1,5,failed,32.0,,True,158.99
2026-04-29 21:07:00,C00677,Ireland,mobile_app,android,books,view,19.08,0,0,not_applicable,,,False,0.0
2026-04-29 21:14:00,C00049,France,physical_store,pos_terminal,electronics,add_to_cart,78.71,0,0,not_applicable,,,False,0.0
2026-04-29 21:32:00,C00162,Netherlands,mobile_app,tablet,electronics,view,81.93,0,0,not_applicable,,,False,0.0
2026-04-29 21:38:00,C00120,Germany,web,desktop,electronics,add_to_cart,134.67,0,0,not_applicable,,,False,0.0
2026-04-29 21:45:00,C00112,Netherlands,mobile_app,android,grocery,purchase,13.14,2,5,paid,63.0,,False,21.28
2026-04-29 21:53:00,C00282,United Kingdom,partner_marketplace,desktop,beauty,purchase,33.12,1,10,failed,20.0,,False,23.12
2026-04-29 21:58:00,C00265,Germany,mobile_app,android,books,view,8.01,0,0,not_applicable,,,False,0.0
2026-04-29 22:17:00,C00726,France,mobile_app,android,fashion,review,38.52,0,0,not_applicable,,2.0,False,0.0
2026-04-29 22:19:00,C00045,Germany,mobile_app,desktop,grocery,review,11.18,0,0,not_applicable,,3.0,False,0.0
2026-04-29 22:26:00,C00393,Germany,physical_store,pos_terminal,beauty,add_to_cart,20.83,0,0,not_applicable,,,False,0.0
2026-04-29 22:40:00,C00045,France,web,ios,electronics,add_to_cart,272.26,0,0,not_applicable,,,False,0.0
2026-04-29 22:40:00,C00072,Germany,mobile_app,android,home,review,65.69,0,0,not_applicable,,3.0,False,0.0
2026-04-29 22:46:00,C00446,Germany,web,android,electronics,view,242.73,0,0,not_applicable,,,False,0.0
2026-04-29 22:48:00,C00357,United Kingdom,mobile_app,ios,electronics,add_to_cart,180.3,0,0,not_applicable,,,False,0.0
2026-04-29 22:51:00,C00835,Germany,mobile_app,ios,electronics,view,204.62,0,60,not_applicable,,,False,0.0
2026-04-29 22:55:00,C00464,Netherlands,physical_store,pos_terminal,fashion,view,64.05,0,0,not_applicable,,,False,0.0
2026-04-29 23:07:00,C00191,France,mobile_app,ios,electronics,return,263.91,1,0,not_applicable,,,True,263.91
2026-04-29 23:24:00,C00352,Germany,web,android,electronics,purchase,123.03,1,0,paid,109.0,,False,123.03
2026-04-29 23:25:00,C00054,United Kingdom,mobile_app,android,fashion,add_to_cart,31.05,0,0,not_applicable,,,False,0.0
2026-04-29 23:33:00,C00526,United Kingdom,physical_store,pos_terminal,grocery,purchase,11.23,2,0,paid,65.0,,False,22.46
2026-04-29 23:37:00,C00516,United Kingdom,web,desktop,home,add_to_cart,52.22,0,0,not_applicable,,,False,0.0
2026-04-29 23:38:00,C00469,United Kingdom,mobile_app,tablet,beauty,purchase,14.09,1,5,paid,53.0,,False,9.09
2026-04-29 23:44:00,C00599,France,mobile_app,ios,books,purchase,9.8,1,0,pending,33.0,,False,9.8
2026-04-29 23:47:00,C00880,Germany,mobile_app,desktop,books,return,14.38,1,0,not_applicable,,,True,14.38
2026-04-30 00:25:00,C00419,France,web,android,beauty,view,32.03,0,0,not_applicable,,,False,0.0
2026-04-30 00:45:00,C00235,Germany,mobile_app,desktop,sports,add_to_cart,58.65,0,0,not_applicable,,,False,0.0
2026-04-30 00:47:00,C00667,Netherlands,mobile_app,ios,fashion,purchase,20.97,1,5,paid,67.0,,False,15.97
2026-04-30 01:09:00,C00128,Germany,web,android,fashion,add_to_cart,36.05,0,0,not_applicable,,,False,0.0
2026-04-30 01:21:00,C00395,Germany,mobile_app,ios,electronics,purchase,61.42,1,0,paid,56.0,,False,61.42
2026-04-30 01:26:00,C00902,United Kingdom,web,desktop,beauty,purchase,12.84,3,5,paid,41.0,,False,33.52
2026-04-30 01:32:00,C00047,Germany,partner_marketplace,ios,home,review,58.75,0,0,not_applicable,,1.0,False,0.0
2026-04-30 01:38:00,C00678,United Kingdom,mobile_app,ios,grocery,add_to_cart,5.99,0,0,not_applicable,,,False,0.0
2026-04-30 01:50:00,C00151,Sweden,web,desktop,home,view,84.26,0,0,not_applicable,,,False,0.0
2026-04-30 01:58:00,C00925,France,partner_marketplace,ios,home,view,120.34,0,0,not_applicable,,,False,0.0
2026-04-30 02:09:00,C00881,Germany,partner_marketplace,desktop,fashion,review,27.26,0,0,not_applicable,,4.0,False,0.0
2026-04-30 02:13:00,C00439,France,web,android,beauty,purchase,11.2,1,0,paid,36.0,,False,11.2
2026-04-30 02:37:00,C00197,Germany,physical_store,pos_terminal,home,return,71.33,1,0,not_applicable,,,True,71.33
2026-04-30 02:37:00,C00783,United Kingdom,web,desktop,home,view,86.23,0,0,not_applicable,,,False,0.0
2026-04-30 02:53:00,C00623,Germany,web,tablet,beauty,view,38.04,0,0,not_applicable,,,False,0.0
2026-04-30 02:59:00,C00077,Ireland,mobile_app,android,electronics,return,182.12,1,0,not_applicable,,,True,182.12
2026-04-30 02:59:00,C00076,United Kingdom,mobile_app,ios,sports,return,44.88,1,0,not_applicable,,,True,44.88
2026-04-30 03:12:00,C00676,Germany,mobile_app,android,books,purchase,10.34,2,10,paid,39.0,,False,10.68
2026-04-30 03:17:00,C00677,Netherlands,web,desktop,electronics,view,77.38,0,0,not_applicable,,,False,0.0
2026-04-30 03:23:00,C00744,Ireland,mobile_app,android,grocery,purchase,13.15,2,5,paid,86.0,,False,21.3
2026-04-30 03:27:00,C00650,Ireland,mobile_app,android,sports,purchase,68.76,3,15,pending,8.0,,False,191.28
2026-04-30 03:36:00,C00622,Germany,physical_store,pos_terminal,books,purchase,13.83,4,5,paid,63.0,,False,50.32
2026-04-30 03:53:00,C00191,Sweden,mobile_app,desktop,home,add_to_cart,84.69,0,0,not_applicable,,,False,0.0
2026-04-30 03:54:00,C00679,Germany,physical_store,pos_terminal,home,purchase,84.75,1,0,paid,38.0,,False,84.75
2026-04-30 04:05:00,C00761,Netherlands,partner_marketplace,android,electronics,review,87.19,0,0,not_applicable,,4.0,False,0.0
2026-04-30 04:14:00,C00620,Sweden,physical_store,pos_terminal,grocery,review,15.52,0,0,not_applicable,,4.0,False,0.0
2026-04-30 04:15:00,C00158,Sweden,mobile_app,desktop,grocery,purchase,8.66,1,0,paid,29.0,,False,8.66
2026-04-30 04:28:00,C00082,Sweden,web,android,sports,add_to_cart,84.7,0,0,not_applicable,,,False,0.0
2026-04-30 04:28:00,C00677,Germany,mobile_app,ios,electronics,view,132.92,0,0,not_applicable,,,False,0.0
2026-04-30 04:36:00,C00018,Ireland,web,android,electronics,add_to_cart,184.23,0,0,not_applicable,,,False,0.0
2026-04-30 04:39:00,C00339,Ireland,mobile_app,desktop,home,purchase,133.67,1,0,paid,57.0,,False,133.67
2026-04-30 04:50:00,C00733,Germany,partner_marketplace,desktop,fashion,view,52.33,0,0,not_applicable,,,False,0.0
2026-04-30 04:56:00,C00485,Sweden,mobile_app,ios,grocery,purchase,15.6,2,15,pending,87.0,,False,16.2
2026-04-30 05:00:00,C00659,Ireland,web,ios,fashion,review,97.47,0,0,not_applicable,,4.0,False,0.0
2026-04-30 05:19:00,C00304,Germany,physical_store,pos_terminal,sports,add_to_cart,35.48,0,0,not_applicable,,,False,0.0
2026-04-30 05:21:00,C00920,United Kingdom,mobile_app,ios,electronics,view,91.93,0,0,not_applicable,,,False,0.0
2026-04-30 05:29:00,C00378,France,web,ios,electronics,purchase,293.48,1,5,paid,65.0,,False,288.48
2026-04-30 05:53:00,C00406,Germany,mobile_app,android,beauty,review,59.45,0,0,not_applicable,,4.0,False,0.0
2026-04-30 06:30:00,C00628,Germany,mobile_app,ios,fashion,view,42.06,0,0,not_applicable,,,False,0.0
2026-04-30 06:33:00,C00667,Sweden,mobile_app,android,home,view,68.15,0,0,not_applicable,,,False,0.0
2026-04-30 06:34:00,C00109,United Kingdom,physical_store,pos_terminal,electronics,purchase,47.03,2,0,paid,17.0,,False,94.06
2026-04-30 06:39:00,C00034,Germany,mobile_app,android,sports,add_to_cart,47.13,0,0,not_applicable,,,False,0.0
2026-04-30 06:47:00,C00805,United Kingdom,web,ios,grocery,view,15.49,0,0,not_applicable,,,False,0.0
2026-04-30 06:49:00,C00484,Netherlands,web,desktop,home,view,91.3,0,0,not_applicable,,,False,0.0
2026-04-30 07:01:00,C00702,Germany,partner_marketplace,android,grocery,purchase,12.1,3,30,paid,74.0,,False,6.3
2026-04-30 07:03:00,C00568,Ireland,partner_marketplace,android,fashion,purchase,46.75,1,0,paid,46.0,,False,46.75
2026-04-30 07:04:00,C00811,Germany,mobile_app,android,electronics,view,134.2,0,0,not_applicable,,,False,0.0
2026-04-30 07:07:00,C00013,Germany,mobile_app,desktop,fashion,review,95.38,0,0,not_applicable,,4.0,False,0.0
2026-04-30 07:07:00,C00616,Netherlands,web,desktop,books,purchase,42.65,1,30,paid,81.0,,False,12.65
2026-04-30 07:13:00,C00694,Sweden,mobile_app,ios,sports,purchase,38.08,1,5,paid,62.0,,False,33.08
2026-04-30 07:19:00,C00589,Germany,mobile_app,desktop,beauty,view,34.81,0,0,not_applicable,,,False,0.0
2026-04-30 07:37:00,C00690,Netherlands,partner_marketplace,ios,home,view,76.97,0,0,not_applicable,,,False,0.0
2026-04-30 07:59:00,C00741,Netherlands,physical_store,pos_terminal,books,view,16.16,0,0,not_applicable,,,False,0.0
2026-04-30 08:00:00,C00363,United Kingdom,web,android,sports,view,57.77,0,0,not_applicable,,,False,0.0
2026-04-30 08:02:00,C00087,France,physical_store,pos_terminal,electronics,view,84.09,0,0,not_applicable,,,False,0.0
2026-04-30 08:02:00,C00877,Germany,physical_store,pos_terminal,electronics,purchase,137.2,2,0,failed,41.0,,False,274.4
2026-04-30 08:03:00,C00370,Netherlands,web,desktop,fashion,purchase,56.41,1,0,paid,36.0,,False,56.41
2026-04-30 08:11:00,C00116,Ireland,mobile_app,android,fashion,return,45.8,1,0,not_applicable,,,True,45.8
2026-04-30 08:15:00,C00178,Ireland,web,desktop,fashion,view,32.77,0,0,not_applicable,,,False,0.0
2026-04-30 08:18:00,C00211,Sweden,physical_store,pos_terminal,beauty,purchase,21.44,1,5,paid,22.0,,False,16.44
2026-04-30 08:24:00,C00395,United Kingdom,mobile_app,android,fashion,purchase,74.26,1,30,paid,84.0,,False,44.26
2026-04-30 08:30:00,C00202,Germany,mobile_app,android,books,purchase,19.92,1,0,paid,90.0,,False,19.92
2026-04-30 08:36:00,C00391,Germany,web,tablet,grocery,view,13.71,0,0,not_applicable,,,False,0.0
2026-04-30 09:02:00,C00865,Sweden,mobile_app,desktop,fashion,purchase,37.69,1,20,paid,58.0,,False,17.69
2026-04-30 09:08:00,C00431,Germany,partner_marketplace,ios,home,add_to_cart,70.06,0,0,not_applicable,,,False,0.0
2026-04-30 09:18:00,C00222,Sweden,mobile_app,android,electronics,purchase,88.79,2,0,paid,73.0,,False,177.58
2026-04-30 09:22:00,C00190,France,mobile_app,ios,grocery,add_to_cart,7.21,0,0,not_applicable,,,False,0.0
2026-04-30 09:23:00,C00671,Sweden,mobile_app,android,electronics,add_to_cart,112.24,0,0,not_applicable,,,False,0.0
2026-04-30 09:46:00,C00042,Germany,mobile_app,ios,electronics,view,224.96,0,0,not_applicable,,,False,0.0
2026-04-30 09:46:00,C00424,Netherlands,mobile_app,desktop,fashion,purchase,111.79,2,0,paid,51.0,,False,223.58
2026-04-30 09:46:00,C00559,Germany,mobile_app,ios,beauty,return,16.16,2,0,not_applicable,,,True,32.32
2026-04-30 10:03:00,C00243,United Kingdom,web,desktop,fashion,add_to_cart,47.67,0,0,not_applicable,,,False,0.0
2026-04-30 10:12:00,C00782,Germany,mobile_app,tablet,books,view,24.08,0,0,not_applicable,,,False,0.0
2026-04-30 10:14:00,C00747,Germany,physical_store,pos_terminal,electronics,add_to_cart,192.95,0,0,not_applicable,,,False,0.0
2026-04-30 10:22:00,C00009,France,mobile_app,android,grocery,add_to_cart,11.16,0,0,not_applicable,,,False,0.0
2026-04-30 10:24:00,C00731,Germany,web,tablet,beauty,purchase,14.22,1,0,paid,44.0,,False,14.22
2026-04-30 10:38:00,C00401,Germany,web,android,fashion,add_to_cart,38.89,0,0,not_applicable,,,False,0.0
2026-04-30 11:01:00,C00771,Germany,web,,books,purchase,8.35,1,0,paid,39.0,,True,8.35
2026-04-30 11:07:00,C00660,Germany,web,android,books,add_to_cart,12.39,0,0,not_applicable,,,False,0.0
2026-04-30 11:17:00,C00641,Ireland,mobile_app,desktop,electronics,view,115.59,0,0,not_applicable,,,False,0.0
2026-04-30 11:29:00,C00935,Netherlands,web,android,sports,purchase,45.75,2,5,paid,55.0,,False,86.5
2026-04-30 11:35:00,C00435,Sweden,physical_store,pos_terminal,home,view,32.81,0,0,not_applicable,,,False,0.0
2026-04-30 11:37:00,C00475,Germany,web,desktop,books,view,25.18,0,0,not_applicable,,,False,0.0
2026-04-30 11:46:00,C00510,United Kingdom,mobile_app,android,fashion,review,65.01,0,0,not_applicable,,4.0,False,0.0
2026-04-30 11:47:00,C00385,Germany,web,desktop,electronics,view,171.81,0,0,not_applicable,,,False,0.0
2026-04-30 11:56:00,C00276,France,web,android,beauty,purchase,31.21,1,5,paid,72.0,,False,26.21
2026-04-30 12:14:00,C00904,Germany,web,desktop,home,purchase,73.11,2,0,paid,109.0,,False,146.22
2026-04-30 12:27:00,C00454,Germany,physical_store,pos_terminal,grocery,review,5.42,0,0,not_applicable,,5.0,False,0.0
2026-04-30 12:28:00,C00266,United Kingdom,partner_marketplace,desktop,beauty,purchase,22.71,3,20,paid,42.0,,False,48.13
2026-04-30 12:33:00,C00722,Ireland,mobile_app,ios,home,view,50.18,0,0,not_applicable,,,False,0.0
2026-04-30 12:34:00,C00210,Germany,physical_store,pos_terminal,sports,add_to_cart,102.25,0,0,not_applicable,,,False,0.0
2026-04-30 12:40:00,C00624,Sweden,partner_marketplace,android,electronics,view,167.89,0,0,not_applicable,,,False,0.0
2026-04-30 12:40:00,C00544,Sweden,web,android,home,add_to_cart,41.91,0,0,not_applicable,,,False,0.0
2026-04-30 12:47:00,C00916,Germany,web,desktop,electronics,purchase,73.15,1,5,paid,25.0,,False,68.15
2026-04-30 12:55:00,C00945,United Kingdom,mobile_app,ios,grocery,review,8.52,0,0,not_applicable,,5.0,False,0.0
2026-04-30 13:22:00,C00230,United Kingdom,physical_store,pos_terminal,fashion,return,50.93,2,0,not_applicable,,,True,101.86
2026-04-30 13:41:00,C00924,Germany,mobile_app,ios,electronics,purchase,340.58,2,15,failed,100.0,,False,666.16
2026-04-30 13:47:00,C00565,France,mobile_app,android,beauty,return,15.46,1,0,not_applicable,,,True,15.46
2026-04-30 14:06:00,C00264,Germany,mobile_app,desktop,books,view,22.47,0,0,not_applicable,,,False,0.0
2026-04-30 14:28:00,C00781,Ireland,partner_marketplace,desktop,electronics,purchase,149.71,1,0,paid,101.0,,False,149.71
2026-04-30 14:30:00,C00020,United Kingdom,physical_store,pos_terminal,beauty,view,54.28,0,0,not_applicable,,,False,0.0
2026-04-30 14:38:00,C00598,Germany,physical_store,pos_terminal,home,purchase,45.33,2,5,paid,77.0,,False,85.66
2026-04-30 14:55:00,C00247,Ireland,physical_store,pos_terminal,fashion,purchase,67.87,3,10,paid,40.0,,False,193.61
2026-04-30 15:08:00,C00521,Germany,physical_store,pos_terminal,books,purchase,22.74,2,0,paid,59.0,,False,45.48
2026-04-30 15:31:00,C00052,Sweden,web,ios,grocery,view,10.36,0,0,not_applicable,,,False,0.0
2026-04-30 15:34:00,C00139,Germany,web,android,home,return,88.65,1,0,not_applicable,,,True,88.65
2026-04-30 15:51:00,C00559,Germany,web,ios,fashion,review,21.4,0,0,not_applicable,,4.0,False,0.0
2026-04-30 15:51:00,C00154,Germany,physical_store,pos_terminal,fashion,view,35.6,0,0,not_applicable,,,False,0.0
2026-04-30 16:06:00,C00365,United Kingdom,web,ios,electronics,add_to_cart,72.57,0,0,not_applicable,,,False,0.0
2026-04-30 16:12:00,C00639,Germany,physical_store,,home,view,35.17,0,0,not_applicable,,,False,0.0
2026-04-30 16:14:00,C00917,Germany,mobile_app,android,electronics,view,204.77,0,0,not_applicable,,,False,0.0
2026-04-30 16:26:00,C00816,United Kingdom,mobile_app,android,fashion,add_to_cart,49.07,0,0,not_applicable,,,False,0.0
2026-04-30 16:33:00,C00837,,mobile_app,desktop,fashion,review,44.86,0,0,not_applicable,,3.0,False,0.0
2026-04-30 16:35:00,C00098,Germany,physical_store,pos_terminal,fashion,purchase,91.19,4,20,paid,6.0,,False,344.76
2026-04-30 16:49:00,C00449,Germany,physical_store,pos_terminal,fashion,add_to_cart,26.23,0,0,not_applicable,,,False,0.0
2026-04-30 16:56:00,C00036,United Kingdom,web,android,fashion,purchase,99.5,2,15,paid,22.0,,False,184.0
2026-04-30 17:03:00,C00327,Germany,web,ios,home,purchase,53.99,1,0,paid,23.0,,False,53.99
2026-04-30 17:12:00,C00136,Germany,mobile_app,ios,sports,view,39.52,0,0,not_applicable,,,False,0.0
2026-04-30 17:17:00,C00538,United Kingdom,mobile_app,ios,electronics,add_to_cart,80.54,0,0,not_applicable,,,False,0.0
2026-04-30 17:19:00,C00510,Germany,mobile_app,android,fashion,view,49.59,0,0,not_applicable,,,False,0.0
2026-04-30 17:23:00,C00605,Germany,mobile_app,ios,electronics,view,264.38,0,0,not_applicable,,,False,0.0
2026-04-30 17:35:00,C00817,Germany,web,android,books,view,14.08,0,0,not_applicable,,,False,0.0
2026-04-30 17:39:00,C00464,Netherlands,web,desktop,beauty,add_to_cart,13.31,0,0,not_applicable,,,False,0.0
2026-04-30 17:57:00,C00941,United Kingdom,mobile_app,android,sports,add_to_cart,91.41,0,0,not_applicable,,,False,0.0
2026-04-30 17:59:00,C00324,United Kingdom,web,ios,electronics,view,151.71,0,0,not_applicable,,,False,0.0
2026-04-30 18:12:00,C00257,Germany,web,desktop,sports,purchase,88.0,1,0,paid,52.0,,False,88.0
2026-04-30 18:15:00,C00200,Netherlands,physical_store,pos_terminal,fashion,add_to_cart,66.31,0,0,not_applicable,,,False,0.0
2026-04-30 18:52:00,C00446,Germany,web,tablet,electronics,add_to_cart,167.74,0,0,not_applicable,,,False,0.0
2026-04-30 18:54:00,C00041,Germany,mobile_app,ios,books,view,29.84,0,0,not_applicable,,,False,0.0
2026-04-30 19:20:00,C00776,United Kingdom,mobile_app,ios,home,view,85.39,0,0,not_applicable,,,False,0.0
2026-04-30 19:28:00,C00749,Germany,web,ios,fashion,return,35.96,2,0,not_applicable,,,True,71.92
2026-04-30 19:35:00,C00574,Germany,physical_store,pos_terminal,grocery,add_to_cart,6.65,0,0,not_applicable,,,False,0.0
2026-04-30 19:36:00,C00938,United Kingdom,mobile_app,tablet,books,purchase,33.25,1,0,failed,39.0,,False,33.25
2026-04-30 19:51:00,C00780,France,mobile_app,desktop,fashion,add_to_cart,34.2,0,0,not_applicable,,,False,0.0
2026-04-30 19:51:00,C00082,Germany,web,android,fashion,purchase,37.86,2,15,paid,79.0,,False,60.72
2026-04-30 19:56:00,C00761,Germany,web,android,home,purchase,118.44,4,10,paid,55.0,,True,463.76
2026-04-30 20:25:00,C00328,United Kingdom,web,ios,fashion,purchase,26.95,2,5,paid,47.0,,False,48.9
2026-04-30 20:36:00,C00030,Germany,web,ios,sports,add_to_cart,58.32,0,0,not_applicable,,,False,0.0
2026-04-30 20:38:00,C00144,Sweden,mobile_app,ios,sports,purchase,53.65,1,0,paid,58.0,,False,53.65
2026-04-30 20:51:00,C00032,Germany,mobile_app,ios,grocery,view,4.69,0,0,not_applicable,,,False,0.0
2026-04-30 20:56:00,C00800,United Kingdom,mobile_app,ios,books,purchase,14.32,2,0,paid,62.0,,False,28.64
2026-04-30 20:56:00,C00659,Germany,mobile_app,android,books,view,12.43,0,0,not_applicable,,,False,0.0
2026-04-30 21:08:00,C00309,Germany,web,android,grocery,purchase,10.83,3,5,paid,52.0,,False,27.49
2026-04-30 21:11:00,C00046,Germany,partner_marketplace,desktop,home,return,46.35,1,0,not_applicable,,,True,46.35
2026-04-30 21:20:00,C00622,United Kingdom,mobile_app,android,books,view,10.04,0,0,not_applicable,,,False,0.0
2026-04-30 21:26:00,C00793,Germany,mobile_app,ios,electronics,purchase,144.7,3,10,paid,64.0,,False,424.1
2026-04-30 21:40:00,C00349,Germany,mobile_app,desktop,fashion,view,73.07,0,0,not_applicable,,,False,0.0
2026-04-30 21:45:00,C00813,Germany,mobile_app,desktop,home,review,110.3,0,0,not_applicable,,5.0,False,0.0
2026-04-30 21:58:00,C00456,Germany,mobile_app,desktop,fashion,view,39.91,0,0,not_applicable,,,False,0.0
2026-04-30 22:08:00,C00692,Germany,physical_store,pos_terminal,fashion,purchase,27.27,2,5,paid,54.0,,False,49.54
2026-04-30 22:12:00,C00074,Germany,web,desktop,beauty,return,29.71,1,0,not_applicable,,,True,29.71
2026-04-30 22:28:00,C00701,France,web,ios,sports,add_to_cart,52.82,0,0,not_applicable,,,False,0.0
2026-04-30 22:46:00,C00188,Germany,partner_marketplace,android,fashion,add_to_cart,31.28,0,0,not_applicable,,,False,0.0
2026-04-30 22:56:00,C00571,Sweden,physical_store,pos_terminal,grocery,view,16.15,0,0,not_applicable,,,False,0.0
2026-04-30 23:02:00,C00693,Germany,physical_store,pos_terminal,home,return,96.38,2,0,not_applicable,,,True,192.76
2026-04-30 23:02:00,C00818,United Kingdom,mobile_app,tablet,beauty,add_to_cart,24.04,0,0,not_applicable,,,False,0.0
2026-04-30 23:02:00,C00097,Germany,physical_store,pos_terminal,electronics,review,114.13,0,0,not_applicable,,4.0,False,0.0
2026-04-30 23:06:00,C00667,Germany,partner_marketplace,ios,fashion,view,50.2,0,0,not_applicable,,,False,0.0
2026-04-30 23:34:00,C00374,United Kingdom,physical_store,pos_terminal,beauty,purchase,35.16,1,0,paid,66.0,,False,35.16
2026-04-30 23:37:00,C00532,Ireland,web,android,grocery,review,9.68,0,0,not_applicable,,2.0,False,0.0
2026-04-30 23:45:00,C00864,Germany,physical_store,pos_terminal,books,add_to_cart,13.53,0,0,not_applicable,,,False,0.0
2026-04-30 23:48:00,C00190,Ireland,mobile_app,android,home,purchase,49.84,4,10,paid,19.0,,False,189.36
